Sexo;Secciones y divisiones de la CNAE-09;Media y percentiles;Periodo;Total
Ambos sexos;B_S Todas las secciones;Media;2022;26.948,87
Ambos sexos;B_S Todas las secciones;Percentil 10;2022;10.657,37
Ambos sexos;B_S Todas las secciones;Percentil 25;2022;15.913,52
Ambos sexos;B_S Todas las secciones;Percentil 50;2022;22.383,11
Ambos sexos;B_S Todas las secciones;Percentil 75;2022;33.561,62
Ambos sexos;B_S Todas las secciones;Percentil 90;2022;48.217,21
Ambos sexos;B Industrias extractivas;Media;2022;36.308,58
Ambos sexos;B Industrias extractivas;Percentil 10;2022;18.142,06
Ambos sexos;B Industrias extractivas;Percentil 25;2022;22.268,75
Ambos sexos;B Industrias extractivas;Percentil 50;2022;30.947,08
Ambos sexos;B Industrias extractivas;Percentil 75;2022;44.772,76
Ambos sexos;B Industrias extractivas;Percentil 90;2022;64.124,72
Ambos sexos;C Industria manufacturera;Media;2022;30.000,69
Ambos sexos;C Industria manufacturera;Percentil 10;2022;15.118,34
Ambos sexos;C Industria manufacturera;Percentil 25;2022;19.279,69
Ambos sexos;C Industria manufacturera;Percentil 50;2022;25.604,73
Ambos sexos;C Industria manufacturera;Percentil 75;2022;36.094,42
Ambos sexos;C Industria manufacturera;Percentil 90;2022;50.631,2
Ambos sexos;10 Industria de la alimentación;Media;2022;24.001,63
Ambos sexos;10 Industria de la alimentación;Percentil 10;2022;13.535,03
Ambos sexos;10 Industria de la alimentación;Percentil 25;2022;16.451,15
Ambos sexos;10 Industria de la alimentación;Percentil 50;2022;21.120
Ambos sexos;10 Industria de la alimentación;Percentil 75;2022;27.726,88
Ambos sexos;10 Industria de la alimentación;Percentil 90;2022;38.069,67
Ambos sexos;11 Fabricación de bebidas;Media;2022;34.075,92
Ambos sexos;11 Fabricación de bebidas;Percentil 10;2022;15.514,46
Ambos sexos;11 Fabricación de bebidas;Percentil 25;2022;20.636,53
Ambos sexos;11 Fabricación de bebidas;Percentil 50;2022;28.598
Ambos sexos;11 Fabricación de bebidas;Percentil 75;2022;43.235,11
Ambos sexos;11 Fabricación de bebidas;Percentil 90;2022;59.883,65
Ambos sexos;12 Industria del tabaco;Media;2022;-47.461,58
Ambos sexos;12 Industria del tabaco;Percentil 10;2022;-19.241,58
Ambos sexos;12 Industria del tabaco;Percentil 25;2022;-26.657,12
Ambos sexos;12 Industria del tabaco;Percentil 50;2022;-43.398,65
Ambos sexos;12 Industria del tabaco;Percentil 75;2022;-63.910,91
Ambos sexos;12 Industria del tabaco;Percentil 90;2022;-74.553,46
Ambos sexos;13 Industria textil;Media;2022;23.191,77
Ambos sexos;13 Industria textil;Percentil 10;2022;13.044,53
Ambos sexos;13 Industria textil;Percentil 25;2022;15.853,45
Ambos sexos;13 Industria textil;Percentil 50;2022;19.608,03
Ambos sexos;13 Industria textil;Percentil 75;2022;26.124,78
Ambos sexos;13 Industria textil;Percentil 90;2022;36.404,39
Ambos sexos;14 Confección de prendas de vestir;Media;2022;22.710,84
Ambos sexos;14 Confección de prendas de vestir;Percentil 10;2022;9.115,2
Ambos sexos;14 Confección de prendas de vestir;Percentil 25;2022;14.114,67
Ambos sexos;14 Confección de prendas de vestir;Percentil 50;2022;16.786,62
Ambos sexos;14 Confección de prendas de vestir;Percentil 75;2022;24.477
Ambos sexos;14 Confección de prendas de vestir;Percentil 90;2022;45.829,16
Ambos sexos;15 Industria del cuero y del calzado;Media;2022;19.373,71
Ambos sexos;15 Industria del cuero y del calzado;Percentil 10;2022;12.460,75
Ambos sexos;15 Industria del cuero y del calzado;Percentil 25;2022;15.272,26
Ambos sexos;15 Industria del cuero y del calzado;Percentil 50;2022;17.487,38
Ambos sexos;15 Industria del cuero y del calzado;Percentil 75;2022;21.703,59
Ambos sexos;15 Industria del cuero y del calzado;Percentil 90;2022;27.797,18
Ambos sexos;16 Industria de la madera y del corcho, excepto muebles, cestería y espartería;Media;2022;22.627,53
Ambos sexos;16 Industria de la madera y del corcho, excepto muebles, cestería y espartería;Percentil 10;2022;14.411,12
Ambos sexos;16 Industria de la madera y del corcho, excepto muebles, cestería y espartería;Percentil 25;2022;16.803,46
Ambos sexos;16 Industria de la madera y del corcho, excepto muebles, cestería y espartería;Percentil 50;2022;20.335,19
Ambos sexos;16 Industria de la madera y del corcho, excepto muebles, cestería y espartería;Percentil 75;2022;25.204,55
Ambos sexos;16 Industria de la madera y del corcho, excepto muebles, cestería y espartería;Percentil 90;2022;34.091,63
Ambos sexos;17 Industria del papel;Media;2022;30.975,33
Ambos sexos;17 Industria del papel;Percentil 10;2022;15.654,14
Ambos sexos;17 Industria del papel;Percentil 25;2022;19.395,91
Ambos sexos;17 Industria del papel;Percentil 50;2022;26.672,06
Ambos sexos;17 Industria del papel;Percentil 75;2022;37.288,65
Ambos sexos;17 Industria del papel;Percentil 90;2022;51.943,3
Ambos sexos;18 Artes gráficas y reproducción de soportes grabados;Media;2022;24.512,87
Ambos sexos;18 Artes gráficas y reproducción de soportes grabados;Percentil 10;2022;12.922,66
Ambos sexos;18 Artes gráficas y reproducción de soportes grabados;Percentil 25;2022;16.265,04
Ambos sexos;18 Artes gráficas y reproducción de soportes grabados;Percentil 50;2022;20.888,91
Ambos sexos;18 Artes gráficas y reproducción de soportes grabados;Percentil 75;2022;28.911,19
Ambos sexos;18 Artes gráficas y reproducción de soportes grabados;Percentil 90;2022;40.657,16
Ambos sexos;19 Coquerías y refino de petróleo;Media;2022;-65.598,74
Ambos sexos;19 Coquerías y refino de petróleo;Percentil 10;2022;-42.705,51
Ambos sexos;19 Coquerías y refino de petróleo;Percentil 25;2022;-55.473,95
Ambos sexos;19 Coquerías y refino de petróleo;Percentil 50;2022;-66.021,56
Ambos sexos;19 Coquerías y refino de petróleo;Percentil 75;2022;-77.646,83
Ambos sexos;19 Coquerías y refino de petróleo;Percentil 90;2022;-87.347,19
Ambos sexos;20 Industria química;Media;2022;38.026,36
Ambos sexos;20 Industria química;Percentil 10;2022;17.910,31
Ambos sexos;20 Industria química;Percentil 25;2022;23.351,01
Ambos sexos;20 Industria química;Percentil 50;2022;33.269,38
Ambos sexos;20 Industria química;Percentil 75;2022;48.297,71
Ambos sexos;20 Industria química;Percentil 90;2022;64.768,02
Ambos sexos;21 Fabricación de productos farmacéuticos;Media;2022;42.744,7
Ambos sexos;21 Fabricación de productos farmacéuticos;Percentil 10;2022;22.377,21
Ambos sexos;21 Fabricación de productos farmacéuticos;Percentil 25;2022;28.228,24
Ambos sexos;21 Fabricación de productos farmacéuticos;Percentil 50;2022;37.230,39
Ambos sexos;21 Fabricación de productos farmacéuticos;Percentil 75;2022;50.667,82
Ambos sexos;21 Fabricación de productos farmacéuticos;Percentil 90;2022;71.959,24
Ambos sexos;22 Fabricación de productos de caucho y plásticos;Media;2022;29.443,22
Ambos sexos;22 Fabricación de productos de caucho y plásticos;Percentil 10;2022;16.740,12
Ambos sexos;22 Fabricación de productos de caucho y plásticos;Percentil 25;2022;20.003,38
Ambos sexos;22 Fabricación de productos de caucho y plásticos;Percentil 50;2022;25.992,98
Ambos sexos;22 Fabricación de productos de caucho y plásticos;Percentil 75;2022;35.798,14
Ambos sexos;22 Fabricación de productos de caucho y plásticos;Percentil 90;2022;45.948,86
Ambos sexos;23 Fabricación de otros productos minerales no metálicos;Media;2022;31.600,44
Ambos sexos;23 Fabricación de otros productos minerales no metálicos;Percentil 10;2022;16.849,17
Ambos sexos;23 Fabricación de otros productos minerales no metálicos;Percentil 25;2022;20.622,82
Ambos sexos;23 Fabricación de otros productos minerales no metálicos;Percentil 50;2022;26.987,71
Ambos sexos;23 Fabricación de otros productos minerales no metálicos;Percentil 75;2022;37.198,5
Ambos sexos;23 Fabricación de otros productos minerales no metálicos;Percentil 90;2022;52.432,1
Ambos sexos;24 Metalurgia, fabricación de productos de hierro, acero y ferroaleaciones;Media;2022;36.554,69
Ambos sexos;24 Metalurgia, fabricación de productos de hierro, acero y ferroaleaciones;Percentil 10;2022;20.228,9
Ambos sexos;24 Metalurgia, fabricación de productos de hierro, acero y ferroaleaciones;Percentil 25;2022;26.034,29
Ambos sexos;24 Metalurgia, fabricación de productos de hierro, acero y ferroaleaciones;Percentil 50;2022;34.492,77
Ambos sexos;24 Metalurgia, fabricación de productos de hierro, acero y ferroaleaciones;Percentil 75;2022;45.183,27
Ambos sexos;24 Metalurgia, fabricación de productos de hierro, acero y ferroaleaciones;Percentil 90;2022;54.202,46
Ambos sexos;25 Fabricación de productos metálicos, excepto maquinaria y equipo;Media;2022;26.959,66
Ambos sexos;25 Fabricación de productos metálicos, excepto maquinaria y equipo;Percentil 10;2022;16.331,97
Ambos sexos;25 Fabricación de productos metálicos, excepto maquinaria y equipo;Percentil 25;2022;19.972,01
Ambos sexos;25 Fabricación de productos metálicos, excepto maquinaria y equipo;Percentil 50;2022;24.463,68
Ambos sexos;25 Fabricación de productos metálicos, excepto maquinaria y equipo;Percentil 75;2022;31.289,24
Ambos sexos;25 Fabricación de productos metálicos, excepto maquinaria y equipo;Percentil 90;2022;39.940,44
Ambos sexos;26 Fabricación de productos informáticos, electrónicos y ópticos;Media;2022;34.344,46
Ambos sexos;26 Fabricación de productos informáticos, electrónicos y ópticos;Percentil 10;2022;18.058,06
Ambos sexos;26 Fabricación de productos informáticos, electrónicos y ópticos;Percentil 25;2022;22.363,74
Ambos sexos;26 Fabricación de productos informáticos, electrónicos y ópticos;Percentil 50;2022;28.701,28
Ambos sexos;26 Fabricación de productos informáticos, electrónicos y ópticos;Percentil 75;2022;40.573,22
Ambos sexos;26 Fabricación de productos informáticos, electrónicos y ópticos;Percentil 90;2022;64.135,01
Ambos sexos;27 Fabricación de material y equipo eléctrico;Media;2022;34.397,39
Ambos sexos;27 Fabricación de material y equipo eléctrico;Percentil 10;2022;18.822,42
Ambos sexos;27 Fabricación de material y equipo eléctrico;Percentil 25;2022;23.554,95
Ambos sexos;27 Fabricación de material y equipo eléctrico;Percentil 50;2022;30.543,23
Ambos sexos;27 Fabricación de material y equipo eléctrico;Percentil 75;2022;39.999,96
Ambos sexos;27 Fabricación de material y equipo eléctrico;Percentil 90;2022;55.788,98
Ambos sexos;28 Fabricación de maquinaria y equipo n.c.o.p.;Media;2022;33.992,35
Ambos sexos;28 Fabricación de maquinaria y equipo n.c.o.p.;Percentil 10;2022;19.260,22
Ambos sexos;28 Fabricación de maquinaria y equipo n.c.o.p.;Percentil 25;2022;23.246,32
Ambos sexos;28 Fabricación de maquinaria y equipo n.c.o.p.;Percentil 50;2022;30.156,24
Ambos sexos;28 Fabricación de maquinaria y equipo n.c.o.p.;Percentil 75;2022;39.829
Ambos sexos;28 Fabricación de maquinaria y equipo n.c.o.p.;Percentil 90;2022;52.510,68
Ambos sexos;29 Fabricación de vehículos de motor, remolques y semirremolques;Media;2022;36.294,4
Ambos sexos;29 Fabricación de vehículos de motor, remolques y semirremolques;Percentil 10;2022;20.087,82
Ambos sexos;29 Fabricación de vehículos de motor, remolques y semirremolques;Percentil 25;2022;26.265,88
Ambos sexos;29 Fabricación de vehículos de motor, remolques y semirremolques;Percentil 50;2022;33.187,5
Ambos sexos;29 Fabricación de vehículos de motor, remolques y semirremolques;Percentil 75;2022;44.849,98
Ambos sexos;29 Fabricación de vehículos de motor, remolques y semirremolques;Percentil 90;2022;55.676,22
Ambos sexos;30 Fabricación de otro material de transporte;Media;2022;46.820,55
Ambos sexos;30 Fabricación de otro material de transporte;Percentil 10;2022;20.976,88
Ambos sexos;30 Fabricación de otro material de transporte;Percentil 25;2022;28.400
Ambos sexos;30 Fabricación de otro material de transporte;Percentil 50;2022;44.642,16
Ambos sexos;30 Fabricación de otro material de transporte;Percentil 75;2022;59.544,54
Ambos sexos;30 Fabricación de otro material de transporte;Percentil 90;2022;75.559,91
Ambos sexos;31 Fabricación de muebles;Media;2022;22.195,57
Ambos sexos;31 Fabricación de muebles;Percentil 10;2022;14.007,65
Ambos sexos;31 Fabricación de muebles;Percentil 25;2022;16.954,49
Ambos sexos;31 Fabricación de muebles;Percentil 50;2022;20.204,4
Ambos sexos;31 Fabricación de muebles;Percentil 75;2022;25.048,58
Ambos sexos;31 Fabricación de muebles;Percentil 90;2022;32.014,72
Ambos sexos;32 Otras industrias manufactureras;Media;2022;24.224,4
Ambos sexos;32 Otras industrias manufactureras;Percentil 10;2022;12.398,8
Ambos sexos;32 Otras industrias manufactureras;Percentil 25;2022;16.475
Ambos sexos;32 Otras industrias manufactureras;Percentil 50;2022;21.596,02
Ambos sexos;32 Otras industrias manufactureras;Percentil 75;2022;28.127,03
Ambos sexos;32 Otras industrias manufactureras;Percentil 90;2022;39.807,06
Ambos sexos;33 Reparación e instalación de maquinaria y equipo;Media;2022;28.777,49
Ambos sexos;33 Reparación e instalación de maquinaria y equipo;Percentil 10;2022;15.838,23
Ambos sexos;33 Reparación e instalación de maquinaria y equipo;Percentil 25;2022;20.575,68
Ambos sexos;33 Reparación e instalación de maquinaria y equipo;Percentil 50;2022;25.914,71
Ambos sexos;33 Reparación e instalación de maquinaria y equipo;Percentil 75;2022;33.766,84
Ambos sexos;33 Reparación e instalación de maquinaria y equipo;Percentil 90;2022;43.997,9
Ambos sexos;D Suministro de energía eléctrica, gas, vapor y aire acondicionado;Media;2022;55.470,69
Ambos sexos;D Suministro de energía eléctrica, gas, vapor y aire acondicionado;Percentil 10;2022;20.327,15
Ambos sexos;D Suministro de energía eléctrica, gas, vapor y aire acondicionado;Percentil 25;2022;34.200,24
Ambos sexos;D Suministro de energía eléctrica, gas, vapor y aire acondicionado;Percentil 50;2022;55.666,14
Ambos sexos;D Suministro de energía eléctrica, gas, vapor y aire acondicionado;Percentil 75;2022;71.099,25
Ambos sexos;D Suministro de energía eléctrica, gas, vapor y aire acondicionado;Percentil 90;2022;87.298,61
Ambos sexos;35 Suministro de energía eléctrica, gas, vapor y aire acondicionado;Media;2022;55.470,69
Ambos sexos;35 Suministro de energía eléctrica, gas, vapor y aire acondicionado;Percentil 10;2022;20.327,15
Ambos sexos;35 Suministro de energía eléctrica, gas, vapor y aire acondicionado;Percentil 25;2022;34.200,24
Ambos sexos;35 Suministro de energía eléctrica, gas, vapor y aire acondicionado;Percentil 50;2022;55.666,14
Ambos sexos;35 Suministro de energía eléctrica, gas, vapor y aire acondicionado;Percentil 75;2022;71.099,25
Ambos sexos;35 Suministro de energía eléctrica, gas, vapor y aire acondicionado;Percentil 90;2022;87.298,61
Ambos sexos;E Suministro de agua, actividades de saneamiento, gestión de residuos y descontaminación;Media;2022;30.444,93
Ambos sexos;E Suministro de agua, actividades de saneamiento, gestión de residuos y descontaminación;Percentil 10;2022;15.794,7
Ambos sexos;E Suministro de agua, actividades de saneamiento, gestión de residuos y descontaminación;Percentil 25;2022;21.163,27
Ambos sexos;E Suministro de agua, actividades de saneamiento, gestión de residuos y descontaminación;Percentil 50;2022;28.451,72
Ambos sexos;E Suministro de agua, actividades de saneamiento, gestión de residuos y descontaminación;Percentil 75;2022;36.680,58
Ambos sexos;E Suministro de agua, actividades de saneamiento, gestión de residuos y descontaminación;Percentil 90;2022;47.560,8
Ambos sexos;36 Captación, depuración y distribución de agua;Media;2022;35.112,92
Ambos sexos;36 Captación, depuración y distribución de agua;Percentil 10;2022;19.262,28
Ambos sexos;36 Captación, depuración y distribución de agua;Percentil 25;2022;24.005,44
Ambos sexos;36 Captación, depuración y distribución de agua;Percentil 50;2022;31.776,2
Ambos sexos;36 Captación, depuración y distribución de agua;Percentil 75;2022;43.064,13
Ambos sexos;36 Captación, depuración y distribución de agua;Percentil 90;2022;57.121,23
Ambos sexos;37 Recogida y tratamiento de aguas residuales;Media;2022;28.931,64
Ambos sexos;37 Recogida y tratamiento de aguas residuales;Percentil 10;2022;17.380,97
Ambos sexos;37 Recogida y tratamiento de aguas residuales;Percentil 25;2022;21.941,15
Ambos sexos;37 Recogida y tratamiento de aguas residuales;Percentil 50;2022;26.295,48
Ambos sexos;37 Recogida y tratamiento de aguas residuales;Percentil 75;2022;33.501,17
Ambos sexos;37 Recogida y tratamiento de aguas residuales;Percentil 90;2022;43.604
Ambos sexos;38 Recogida, tratamiento y eliminación de residuos, valorización;Media;2022;28.567,38
Ambos sexos;38 Recogida, tratamiento y eliminación de residuos, valorización;Percentil 10;2022;15.054,05
Ambos sexos;38 Recogida, tratamiento y eliminación de residuos, valorización;Percentil 25;2022;19.953,63
Ambos sexos;38 Recogida, tratamiento y eliminación de residuos, valorización;Percentil 50;2022;27.335,4
Ambos sexos;38 Recogida, tratamiento y eliminación de residuos, valorización;Percentil 75;2022;34.993,97
Ambos sexos;38 Recogida, tratamiento y eliminación de residuos, valorización;Percentil 90;2022;42.770,16
Ambos sexos;39 Actividades de descontaminación y otros servicios de gestión de residuos;Media;2022;-24.160,09
Ambos sexos;39 Actividades de descontaminación y otros servicios de gestión de residuos;Percentil 10;2022;-13.439,6
Ambos sexos;39 Actividades de descontaminación y otros servicios de gestión de residuos;Percentil 25;2022;-17.088,3
Ambos sexos;39 Actividades de descontaminación y otros servicios de gestión de residuos;Percentil 50;2022;-22.410,52
Ambos sexos;39 Actividades de descontaminación y otros servicios de gestión de residuos;Percentil 75;2022;-28.919,88
Ambos sexos;39 Actividades de descontaminación y otros servicios de gestión de residuos;Percentil 90;2022;-35.743,93
Ambos sexos;F Construcción;Media;2022;25.149,41
Ambos sexos;F Construcción;Percentil 10;2022;15.546,66
Ambos sexos;F Construcción;Percentil 25;2022;18.543,01
Ambos sexos;F Construcción;Percentil 50;2022;22.011,66
Ambos sexos;F Construcción;Percentil 75;2022;27.951,37
Ambos sexos;F Construcción;Percentil 90;2022;38.047,06
Ambos sexos;41 Construcción de edificios;Media;2022;25.418,13
Ambos sexos;41 Construcción de edificios;Percentil 10;2022;15.359,08
Ambos sexos;41 Construcción de edificios;Percentil 25;2022;18.380,46
Ambos sexos;41 Construcción de edificios;Percentil 50;2022;21.737,01
Ambos sexos;41 Construcción de edificios;Percentil 75;2022;27.871,17
Ambos sexos;41 Construcción de edificios;Percentil 90;2022;39.635,61
Ambos sexos;42 Ingeniería civil;Media;2022;30.626,69
Ambos sexos;42 Ingeniería civil;Percentil 10;2022;17.669,36
Ambos sexos;42 Ingeniería civil;Percentil 25;2022;21.313,58
Ambos sexos;42 Ingeniería civil;Percentil 50;2022;26.499
Ambos sexos;42 Ingeniería civil;Percentil 75;2022;35.026,76
Ambos sexos;42 Ingeniería civil;Percentil 90;2022;49.828,52
Ambos sexos;43 Actividades de construcción especializada;Media;2022;24.419,1
Ambos sexos;43 Actividades de construcción especializada;Percentil 10;2022;15.476,05
Ambos sexos;43 Actividades de construcción especializada;Percentil 25;2022;18.516,94
Ambos sexos;43 Actividades de construcción especializada;Percentil 50;2022;21.803,04
Ambos sexos;43 Actividades de construcción especializada;Percentil 75;2022;27.463,68
Ambos sexos;43 Actividades de construcción especializada;Percentil 90;2022;36.099,23
Ambos sexos;G Comercio al por mayor y al por menor, reparación de vehículos de motor y motocicletas;Media;2022;23.209,55
Ambos sexos;G Comercio al por mayor y al por menor, reparación de vehículos de motor y motocicletas;Percentil 10;2022;11.347,9
Ambos sexos;G Comercio al por mayor y al por menor, reparación de vehículos de motor y motocicletas;Percentil 25;2022;15.077,43
Ambos sexos;G Comercio al por mayor y al por menor, reparación de vehículos de motor y motocicletas;Percentil 50;2022;19.094,6
Ambos sexos;G Comercio al por mayor y al por menor, reparación de vehículos de motor y motocicletas;Percentil 75;2022;25.728,02
Ambos sexos;G Comercio al por mayor y al por menor, reparación de vehículos de motor y motocicletas;Percentil 90;2022;39.281,5
Ambos sexos;45 Venta y reparación de vehículos de motor y motocicletas;Media;2022;24.693,81
Ambos sexos;45 Venta y reparación de vehículos de motor y motocicletas;Percentil 10;2022;14.402,52
Ambos sexos;45 Venta y reparación de vehículos de motor y motocicletas;Percentil 25;2022;18.120,61
Ambos sexos;45 Venta y reparación de vehículos de motor y motocicletas;Percentil 50;2022;21.873,92
Ambos sexos;45 Venta y reparación de vehículos de motor y motocicletas;Percentil 75;2022;28.019,1
Ambos sexos;45 Venta y reparación de vehículos de motor y motocicletas;Percentil 90;2022;36.749,94
Ambos sexos;46 Comercio al por mayor e intermediarios del comercio, excepto de vehículos de motor y motocicletas;Media;2022;28.560,47
Ambos sexos;46 Comercio al por mayor e intermediarios del comercio, excepto de vehículos de motor y motocicletas;Percentil 10;2022;13.805,51
Ambos sexos;46 Comercio al por mayor e intermediarios del comercio, excepto de vehículos de motor y motocicletas;Percentil 25;2022;16.501,64
Ambos sexos;46 Comercio al por mayor e intermediarios del comercio, excepto de vehículos de motor y motocicletas;Percentil 50;2022;21.999,96
Ambos sexos;46 Comercio al por mayor e intermediarios del comercio, excepto de vehículos de motor y motocicletas;Percentil 75;2022;33.235,25
Ambos sexos;46 Comercio al por mayor e intermediarios del comercio, excepto de vehículos de motor y motocicletas;Percentil 90;2022;53.015,64
Ambos sexos;47 Comercio al por menor, excepto de vehículos de motor y motocicletas;Media;2022;19.729,2
Ambos sexos;47 Comercio al por menor, excepto de vehículos de motor y motocicletas;Percentil 10;2022;10.084,56
Ambos sexos;47 Comercio al por menor, excepto de vehículos de motor y motocicletas;Percentil 25;2022;14.025,58
Ambos sexos;47 Comercio al por menor, excepto de vehículos de motor y motocicletas;Percentil 50;2022;17.412,31
Ambos sexos;47 Comercio al por menor, excepto de vehículos de motor y motocicletas;Percentil 75;2022;22.962,19
Ambos sexos;47 Comercio al por menor, excepto de vehículos de motor y motocicletas;Percentil 90;2022;30.315,87
Ambos sexos;H Transporte y almacenamiento;Media;2022;27.354,39
Ambos sexos;H Transporte y almacenamiento;Percentil 10;2022;13.989,24
Ambos sexos;H Transporte y almacenamiento;Percentil 25;2022;17.523,96
Ambos sexos;H Transporte y almacenamiento;Percentil 50;2022;23.665,91
Ambos sexos;H Transporte y almacenamiento;Percentil 75;2022;32.635,51
Ambos sexos;H Transporte y almacenamiento;Percentil 90;2022;45.833,98
Ambos sexos;49 Transporte terrestre y por tubería;Media;2022;25.422,7
Ambos sexos;49 Transporte terrestre y por tubería;Percentil 10;2022;13.600,74
Ambos sexos;49 Transporte terrestre y por tubería;Percentil 25;2022;16.808,54
Ambos sexos;49 Transporte terrestre y por tubería;Percentil 50;2022;22.516,5
Ambos sexos;49 Transporte terrestre y por tubería;Percentil 75;2022;30.475,43
Ambos sexos;49 Transporte terrestre y por tubería;Percentil 90;2022;43.549,51
Ambos sexos;50 Transporte marítimo y por vías navegables interiores;Media;2022;31.483,52
Ambos sexos;50 Transporte marítimo y por vías navegables interiores;Percentil 10;2022;15.332,42
Ambos sexos;50 Transporte marítimo y por vías navegables interiores;Percentil 25;2022;18.939,5
Ambos sexos;50 Transporte marítimo y por vías navegables interiores;Percentil 50;2022;26.687,11
Ambos sexos;50 Transporte marítimo y por vías navegables interiores;Percentil 75;2022;38.087,27
Ambos sexos;50 Transporte marítimo y por vías navegables interiores;Percentil 90;2022;58.926
Ambos sexos;51 Transporte aéreo;Media;2022;40.098,11
Ambos sexos;51 Transporte aéreo;Percentil 10;2022;19.320,61
Ambos sexos;51 Transporte aéreo;Percentil 25;2022;27.092,05
Ambos sexos;51 Transporte aéreo;Percentil 50;2022;36.462,8
Ambos sexos;51 Transporte aéreo;Percentil 75;2022;47.028,21
Ambos sexos;51 Transporte aéreo;Percentil 90;2022;63.578,17
Ambos sexos;52 Almacenamiento y actividades anexas al transporte;Media;2022;30.923,57
Ambos sexos;52 Almacenamiento y actividades anexas al transporte;Percentil 10;2022;15.222,14
Ambos sexos;52 Almacenamiento y actividades anexas al transporte;Percentil 25;2022;19.449,39
Ambos sexos;52 Almacenamiento y actividades anexas al transporte;Percentil 50;2022;26.074,11
Ambos sexos;52 Almacenamiento y actividades anexas al transporte;Percentil 75;2022;36.924,06
Ambos sexos;52 Almacenamiento y actividades anexas al transporte;Percentil 90;2022;50.247,08
Ambos sexos;53 Actividades postales y de correos;Media;2022;21.695,85
Ambos sexos;53 Actividades postales y de correos;Percentil 10;2022;12.948,62
Ambos sexos;53 Actividades postales y de correos;Percentil 25;2022;15.866,24
Ambos sexos;53 Actividades postales y de correos;Percentil 50;2022;22.390,81
Ambos sexos;53 Actividades postales y de correos;Percentil 75;2022;25.039,62
Ambos sexos;53 Actividades postales y de correos;Percentil 90;2022;29.531,76
Ambos sexos;I Hostelería;Media;2022;16.274,71
Ambos sexos;I Hostelería;Percentil 10;2022;5.835,71
Ambos sexos;I Hostelería;Percentil 25;2022;10.144,29
Ambos sexos;I Hostelería;Percentil 50;2022;16.283,07
Ambos sexos;I Hostelería;Percentil 75;2022;20.309,66
Ambos sexos;I Hostelería;Percentil 90;2022;25.317,63
Ambos sexos;55 Servicios de alojamiento;Media;2022;22.322,99
Ambos sexos;55 Servicios de alojamiento;Percentil 10;2022;12.211,01
Ambos sexos;55 Servicios de alojamiento;Percentil 25;2022;16.826,16
Ambos sexos;55 Servicios de alojamiento;Percentil 50;2022;20.872,2
Ambos sexos;55 Servicios de alojamiento;Percentil 75;2022;25.479
Ambos sexos;55 Servicios de alojamiento;Percentil 90;2022;32.340,4
Ambos sexos;56 Servicios de comidas y bebidas;Media;2022;14.365,07
Ambos sexos;56 Servicios de comidas y bebidas;Percentil 10;2022;5.213,1
Ambos sexos;56 Servicios de comidas y bebidas;Percentil 25;2022;8.940,59
Ambos sexos;56 Servicios de comidas y bebidas;Percentil 50;2022;14.960,74
Ambos sexos;56 Servicios de comidas y bebidas;Percentil 75;2022;18.369,48
Ambos sexos;56 Servicios de comidas y bebidas;Percentil 90;2022;21.834,68
Ambos sexos;J Información y comunicaciones;Media;2022;37.438,55
Ambos sexos;J Información y comunicaciones;Percentil 10;2022;15.939,44
Ambos sexos;J Información y comunicaciones;Percentil 25;2022;22.500
Ambos sexos;J Información y comunicaciones;Percentil 50;2022;33.153,63
Ambos sexos;J Información y comunicaciones;Percentil 75;2022;47.564,31
Ambos sexos;J Información y comunicaciones;Percentil 90;2022;65.040,73
Ambos sexos;58 Edición;Media;2022;34.925,68
Ambos sexos;58 Edición;Percentil 10;2022;16.091,67
Ambos sexos;58 Edición;Percentil 25;2022;21.616,72
Ambos sexos;58 Edición;Percentil 50;2022;30.209,69
Ambos sexos;58 Edición;Percentil 75;2022;42.771,66
Ambos sexos;58 Edición;Percentil 90;2022;62.229,31
Ambos sexos;59 Actividades cinematográficas, de vídeo y de programas de televisión, grabación de sonido y edición musical;Media;2022;31.748,38
Ambos sexos;59 Actividades cinematográficas, de vídeo y de programas de televisión, grabación de sonido y edición musical;Percentil 10;2022;10.810,98
Ambos sexos;59 Actividades cinematográficas, de vídeo y de programas de televisión, grabación de sonido y edición musical;Percentil 25;2022;16.543,61
Ambos sexos;59 Actividades cinematográficas, de vídeo y de programas de televisión, grabación de sonido y edición musical;Percentil 50;2022;26.325,82
Ambos sexos;59 Actividades cinematográficas, de vídeo y de programas de televisión, grabación de sonido y edición musical;Percentil 75;2022;41.324,46
Ambos sexos;59 Actividades cinematográficas, de vídeo y de programas de televisión, grabación de sonido y edición musical;Percentil 90;2022;59.243,41
Ambos sexos;60 Actividades de programación y emisión de radio y televisión;Media;2022;45.753,51
Ambos sexos;60 Actividades de programación y emisión de radio y televisión;Percentil 10;2022;18.270
Ambos sexos;60 Actividades de programación y emisión de radio y televisión;Percentil 25;2022;28.887,12
Ambos sexos;60 Actividades de programación y emisión de radio y televisión;Percentil 50;2022;45.835,37
Ambos sexos;60 Actividades de programación y emisión de radio y televisión;Percentil 75;2022;60.494,08
Ambos sexos;60 Actividades de programación y emisión de radio y televisión;Percentil 90;2022;73.227,52
Ambos sexos;61 Telecomunicaciones;Media;2022;42.886,02
Ambos sexos;61 Telecomunicaciones;Percentil 10;2022;15.858,9
Ambos sexos;61 Telecomunicaciones;Percentil 25;2022;21.792,57
Ambos sexos;61 Telecomunicaciones;Percentil 50;2022;39.873,19
Ambos sexos;61 Telecomunicaciones;Percentil 75;2022;60.826,96
Ambos sexos;61 Telecomunicaciones;Percentil 90;2022;74.010,68
Ambos sexos;62 Programación, consultoría y otras actividades relacionadas con la informática;Media;2022;37.107,11
Ambos sexos;62 Programación, consultoría y otras actividades relacionadas con la informática;Percentil 10;2022;17.316,06
Ambos sexos;62 Programación, consultoría y otras actividades relacionadas con la informática;Percentil 25;2022;23.647,5
Ambos sexos;62 Programación, consultoría y otras actividades relacionadas con la informática;Percentil 50;2022;33.437,38
Ambos sexos;62 Programación, consultoría y otras actividades relacionadas con la informática;Percentil 75;2022;45.579,43
Ambos sexos;62 Programación, consultoría y otras actividades relacionadas con la informática;Percentil 90;2022;61.744,86
Ambos sexos;63 Servicios de información;Media;2022;32.663,03
Ambos sexos;63 Servicios de información;Percentil 10;2022;11.883,6
Ambos sexos;63 Servicios de información;Percentil 25;2022;15.266,88
Ambos sexos;63 Servicios de información;Percentil 50;2022;26.308
Ambos sexos;63 Servicios de información;Percentil 75;2022;42.099,76
Ambos sexos;63 Servicios de información;Percentil 90;2022;62.665,9
Ambos sexos;K Actividades financieras y de seguros;Media;2022;47.239,53
Ambos sexos;K Actividades financieras y de seguros;Percentil 10;2022;18.539,52
Ambos sexos;K Actividades financieras y de seguros;Percentil 25;2022;29.969,39
Ambos sexos;K Actividades financieras y de seguros;Percentil 50;2022;43.644,95
Ambos sexos;K Actividades financieras y de seguros;Percentil 75;2022;58.999,21
Ambos sexos;K Actividades financieras y de seguros;Percentil 90;2022;77.578,48
Ambos sexos;64 Servicios financieros, excepto seguros y fondos de pensiones;Media;2022;54.514,34
Ambos sexos;64 Servicios financieros, excepto seguros y fondos de pensiones;Percentil 10;2022;28.713,4
Ambos sexos;64 Servicios financieros, excepto seguros y fondos de pensiones;Percentil 25;2022;39.327,53
Ambos sexos;64 Servicios financieros, excepto seguros y fondos de pensiones;Percentil 50;2022;50.188,69
Ambos sexos;64 Servicios financieros, excepto seguros y fondos de pensiones;Percentil 75;2022;64.802,96
Ambos sexos;64 Servicios financieros, excepto seguros y fondos de pensiones;Percentil 90;2022;83.073,88
Ambos sexos;65 Seguros, reaseguros y fondos de pensiones, excepto Seguridad Social obligatoria;Media;2022;43.621,85
Ambos sexos;65 Seguros, reaseguros y fondos de pensiones, excepto Seguridad Social obligatoria;Percentil 10;2022;21.553,67
Ambos sexos;65 Seguros, reaseguros y fondos de pensiones, excepto Seguridad Social obligatoria;Percentil 25;2022;29.658,32
Ambos sexos;65 Seguros, reaseguros y fondos de pensiones, excepto Seguridad Social obligatoria;Percentil 50;2022;40.058,33
Ambos sexos;65 Seguros, reaseguros y fondos de pensiones, excepto Seguridad Social obligatoria;Percentil 75;2022;53.078,64
Ambos sexos;65 Seguros, reaseguros y fondos de pensiones, excepto Seguridad Social obligatoria;Percentil 90;2022;70.483,62
Ambos sexos;66 Actividades auxiliares a los servicios financieros y a los seguros;Media;2022;29.651,16
Ambos sexos;66 Actividades auxiliares a los servicios financieros y a los seguros;Percentil 10;2022;12.124,9
Ambos sexos;66 Actividades auxiliares a los servicios financieros y a los seguros;Percentil 25;2022;15.817,72
Ambos sexos;66 Actividades auxiliares a los servicios financieros y a los seguros;Percentil 50;2022;22.837,15
Ambos sexos;66 Actividades auxiliares a los servicios financieros y a los seguros;Percentil 75;2022;35.772,28
Ambos sexos;66 Actividades auxiliares a los servicios financieros y a los seguros;Percentil 90;2022;54.009,73
Ambos sexos;L Actividades inmobiliarias;Media;2022;26.172,9
Ambos sexos;L Actividades inmobiliarias;Percentil 10;2022;8.566,62
Ambos sexos;L Actividades inmobiliarias;Percentil 25;2022;14.357,27
Ambos sexos;L Actividades inmobiliarias;Percentil 50;2022;19.870,2
Ambos sexos;L Actividades inmobiliarias;Percentil 75;2022;31.185,43
Ambos sexos;L Actividades inmobiliarias;Percentil 90;2022;52.494,25
Ambos sexos;68 Actividades inmobiliarias;Media;2022;26.172,9
Ambos sexos;68 Actividades inmobiliarias;Percentil 10;2022;8.566,62
Ambos sexos;68 Actividades inmobiliarias;Percentil 25;2022;14.357,27
Ambos sexos;68 Actividades inmobiliarias;Percentil 50;2022;19.870,2
Ambos sexos;68 Actividades inmobiliarias;Percentil 75;2022;31.185,43
Ambos sexos;68 Actividades inmobiliarias;Percentil 90;2022;52.494,25
Ambos sexos;M Actividades profesionales, científicas y técnicas;Media;2022;30.947,87
Ambos sexos;M Actividades profesionales, científicas y técnicas;Percentil 10;2022;13.111,08
Ambos sexos;M Actividades profesionales, científicas y técnicas;Percentil 25;2022;17.626,38
Ambos sexos;M Actividades profesionales, científicas y técnicas;Percentil 50;2022;25.458,59
Ambos sexos;M Actividades profesionales, científicas y técnicas;Percentil 75;2022;37.880,12
Ambos sexos;M Actividades profesionales, científicas y técnicas;Percentil 90;2022;56.458,08
Ambos sexos;69 Actividades jurídicas y de contabilidad;Media;2022;28.457,5
Ambos sexos;69 Actividades jurídicas y de contabilidad;Percentil 10;2022;10.822,42
Ambos sexos;69 Actividades jurídicas y de contabilidad;Percentil 25;2022;14.818,24
Ambos sexos;69 Actividades jurídicas y de contabilidad;Percentil 50;2022;22.330,79
Ambos sexos;69 Actividades jurídicas y de contabilidad;Percentil 75;2022;34.294,66
Ambos sexos;69 Actividades jurídicas y de contabilidad;Percentil 90;2022;54.223,4
Ambos sexos;70 Actividades de las sedes centrales, actividades de consultoría de gestión empresarial;Media;2022;31.849,86
Ambos sexos;70 Actividades de las sedes centrales, actividades de consultoría de gestión empresarial;Percentil 10;2022;13.440,59
Ambos sexos;70 Actividades de las sedes centrales, actividades de consultoría de gestión empresarial;Percentil 25;2022;17.246,62
Ambos sexos;70 Actividades de las sedes centrales, actividades de consultoría de gestión empresarial;Percentil 50;2022;25.539,38
Ambos sexos;70 Actividades de las sedes centrales, actividades de consultoría de gestión empresarial;Percentil 75;2022;38.174,31
Ambos sexos;70 Actividades de las sedes centrales, actividades de consultoría de gestión empresarial;Percentil 90;2022;57.909,22
Ambos sexos;71 Servicios técnicos de arquitectura e ingeniería, ensayos y análisis técnicos;Media;2022;33.100,42
Ambos sexos;71 Servicios técnicos de arquitectura e ingeniería, ensayos y análisis técnicos;Percentil 10;2022;15.642,76
Ambos sexos;71 Servicios técnicos de arquitectura e ingeniería, ensayos y análisis técnicos;Percentil 25;2022;20.500,8
Ambos sexos;71 Servicios técnicos de arquitectura e ingeniería, ensayos y análisis técnicos;Percentil 50;2022;28.678,95
Ambos sexos;71 Servicios técnicos de arquitectura e ingeniería, ensayos y análisis técnicos;Percentil 75;2022;40.064,73
Ambos sexos;71 Servicios técnicos de arquitectura e ingeniería, ensayos y análisis técnicos;Percentil 90;2022;56.538,3
Ambos sexos;72 Investigación y desarrollo;Media;2022;36.366,4
Ambos sexos;72 Investigación y desarrollo;Percentil 10;2022;18.381,48
Ambos sexos;72 Investigación y desarrollo;Percentil 25;2022;23.101,82
Ambos sexos;72 Investigación y desarrollo;Percentil 50;2022;31.567,44
Ambos sexos;72 Investigación y desarrollo;Percentil 75;2022;44.073,5
Ambos sexos;72 Investigación y desarrollo;Percentil 90;2022;62.377,61
Ambos sexos;73 Publicidad y estudios de mercado;Media;2022;31.049,78
Ambos sexos;73 Publicidad y estudios de mercado;Percentil 10;2022;12.398,93
Ambos sexos;73 Publicidad y estudios de mercado;Percentil 25;2022;16.143,09
Ambos sexos;73 Publicidad y estudios de mercado;Percentil 50;2022;22.965,6
Ambos sexos;73 Publicidad y estudios de mercado;Percentil 75;2022;35.396,07
Ambos sexos;73 Publicidad y estudios de mercado;Percentil 90;2022;61.022,29
Ambos sexos;74 Otras actividades profesionales, científicas y técnicas;Media;2022;28.014,26
Ambos sexos;74 Otras actividades profesionales, científicas y técnicas;Percentil 10;2022;11.860,26
Ambos sexos;74 Otras actividades profesionales, científicas y técnicas;Percentil 25;2022;16.492,35
Ambos sexos;74 Otras actividades profesionales, científicas y técnicas;Percentil 50;2022;23.765,13
Ambos sexos;74 Otras actividades profesionales, científicas y técnicas;Percentil 75;2022;34.148,52
Ambos sexos;74 Otras actividades profesionales, científicas y técnicas;Percentil 90;2022;48.656,28
Ambos sexos;75 Actividades veterinarias;Media;2022;18.506,84
Ambos sexos;75 Actividades veterinarias;Percentil 10;2022;7.667
Ambos sexos;75 Actividades veterinarias;Percentil 25;2022;12.793,03
Ambos sexos;75 Actividades veterinarias;Percentil 50;2022;16.433,69
Ambos sexos;75 Actividades veterinarias;Percentil 75;2022;22.150,36
Ambos sexos;75 Actividades veterinarias;Percentil 90;2022;28.349,99
Ambos sexos;N Actividades administrativas y servicios auxiliares;Media;2022;18.995,66
Ambos sexos;N Actividades administrativas y servicios auxiliares;Percentil 10;2022;7.353,26
Ambos sexos;N Actividades administrativas y servicios auxiliares;Percentil 25;2022;11.909,64
Ambos sexos;N Actividades administrativas y servicios auxiliares;Percentil 50;2022;16.624,27
Ambos sexos;N Actividades administrativas y servicios auxiliares;Percentil 75;2022;22.393,66
Ambos sexos;N Actividades administrativas y servicios auxiliares;Percentil 90;2022;31.219,14
Ambos sexos;77 Actividades de alquiler;Media;2022;26.025,85
Ambos sexos;77 Actividades de alquiler;Percentil 10;2022;13.739,98
Ambos sexos;77 Actividades de alquiler;Percentil 25;2022;16.668,97
Ambos sexos;77 Actividades de alquiler;Percentil 50;2022;21.789,13
Ambos sexos;77 Actividades de alquiler;Percentil 75;2022;30.186,69
Ambos sexos;77 Actividades de alquiler;Percentil 90;2022;42.873,33
Ambos sexos;78 Actividades relacionadas con el empleo;Media;2022;19.983,99
Ambos sexos;78 Actividades relacionadas con el empleo;Percentil 10;2022;11.051,99
Ambos sexos;78 Actividades relacionadas con el empleo;Percentil 25;2022;14.630
Ambos sexos;78 Actividades relacionadas con el empleo;Percentil 50;2022;18.196,29
Ambos sexos;78 Actividades relacionadas con el empleo;Percentil 75;2022;22.868,05
Ambos sexos;78 Actividades relacionadas con el empleo;Percentil 90;2022;28.742,85
Ambos sexos;79 Actividades de agencias de viajes, operadores turísticos, servicios de reservas y actividades relacionadas con los mismos;Media;2022;27.000,87
Ambos sexos;79 Actividades de agencias de viajes, operadores turísticos, servicios de reservas y actividades relacionadas con los mismos;Percentil 10;2022;12.145,37
Ambos sexos;79 Actividades de agencias de viajes, operadores turísticos, servicios de reservas y actividades relacionadas con los mismos;Percentil 25;2022;17.276,18
Ambos sexos;79 Actividades de agencias de viajes, operadores turísticos, servicios de reservas y actividades relacionadas con los mismos;Percentil 50;2022;23.432,83
Ambos sexos;79 Actividades de agencias de viajes, operadores turísticos, servicios de reservas y actividades relacionadas con los mismos;Percentil 75;2022;32.639,68
Ambos sexos;79 Actividades de agencias de viajes, operadores turísticos, servicios de reservas y actividades relacionadas con los mismos;Percentil 90;2022;43.619,39
Ambos sexos;80 Actividades de seguridad e investigación;Media;2022;22.205,75
Ambos sexos;80 Actividades de seguridad e investigación;Percentil 10;2022;14.391,13
Ambos sexos;80 Actividades de seguridad e investigación;Percentil 25;2022;18.651,24
Ambos sexos;80 Actividades de seguridad e investigación;Percentil 50;2022;21.538
Ambos sexos;80 Actividades de seguridad e investigación;Percentil 75;2022;25.305,05
Ambos sexos;80 Actividades de seguridad e investigación;Percentil 90;2022;30.419,88
Ambos sexos;81 Servicios a edificios y actividades de jardinería;Media;2022;14.943,69
Ambos sexos;81 Servicios a edificios y actividades de jardinería;Percentil 10;2022;5.525,78
Ambos sexos;81 Servicios a edificios y actividades de jardinería;Percentil 25;2022;9.184,01
Ambos sexos;81 Servicios a edificios y actividades de jardinería;Percentil 50;2022;14.120
Ambos sexos;81 Servicios a edificios y actividades de jardinería;Percentil 75;2022;18.489,58
Ambos sexos;81 Servicios a edificios y actividades de jardinería;Percentil 90;2022;24.217,01
Ambos sexos;82 Actividades administrativas de oficina y otras actividades auxiliares a las empresas;Media;2022;21.870,74
Ambos sexos;82 Actividades administrativas de oficina y otras actividades auxiliares a las empresas;Percentil 10;2022;8.871,28
Ambos sexos;82 Actividades administrativas de oficina y otras actividades auxiliares a las empresas;Percentil 25;2022;13.064,25
Ambos sexos;82 Actividades administrativas de oficina y otras actividades auxiliares a las empresas;Percentil 50;2022;16.511,88
Ambos sexos;82 Actividades administrativas de oficina y otras actividades auxiliares a las empresas;Percentil 75;2022;23.892,33
Ambos sexos;82 Actividades administrativas de oficina y otras actividades auxiliares a las empresas;Percentil 90;2022;39.489,93
Ambos sexos;O Administración Pública y defensa, Seguridad Social obligatoria;Media;2022;34.036,02
Ambos sexos;O Administración Pública y defensa, Seguridad Social obligatoria;Percentil 10;2022;17.478,25
Ambos sexos;O Administración Pública y defensa, Seguridad Social obligatoria;Percentil 25;2022;24.160,74
Ambos sexos;O Administración Pública y defensa, Seguridad Social obligatoria;Percentil 50;2022;32.258,93
Ambos sexos;O Administración Pública y defensa, Seguridad Social obligatoria;Percentil 75;2022;41.647,99
Ambos sexos;O Administración Pública y defensa, Seguridad Social obligatoria;Percentil 90;2022;52.607,24
Ambos sexos;84 Administración Pública y defensa, Seguridad Social obligatoria;Media;2022;34.036,02
Ambos sexos;84 Administración Pública y defensa, Seguridad Social obligatoria;Percentil 10;2022;17.478,25
Ambos sexos;84 Administración Pública y defensa, Seguridad Social obligatoria;Percentil 25;2022;24.160,74
Ambos sexos;84 Administración Pública y defensa, Seguridad Social obligatoria;Percentil 50;2022;32.258,93
Ambos sexos;84 Administración Pública y defensa, Seguridad Social obligatoria;Percentil 75;2022;41.647,99
Ambos sexos;84 Administración Pública y defensa, Seguridad Social obligatoria;Percentil 90;2022;52.607,24
Ambos sexos;P Educación;Media;2022;29.263,89
Ambos sexos;P Educación;Percentil 10;2022;8.006,22
Ambos sexos;P Educación;Percentil 25;2022;16.566,93
Ambos sexos;P Educación;Percentil 50;2022;31.293,44
Ambos sexos;P Educación;Percentil 75;2022;38.829,66
Ambos sexos;P Educación;Percentil 90;2022;47.384,34
Ambos sexos;85 Educación;Media;2022;29.263,89
Ambos sexos;85 Educación;Percentil 10;2022;8.006,22
Ambos sexos;85 Educación;Percentil 25;2022;16.566,93
Ambos sexos;85 Educación;Percentil 50;2022;31.293,44
Ambos sexos;85 Educación;Percentil 75;2022;38.829,66
Ambos sexos;85 Educación;Percentil 90;2022;47.384,34
Ambos sexos;Q Actividades sanitarias y de servicios sociales;Media;2022;30.381,25
Ambos sexos;Q Actividades sanitarias y de servicios sociales;Percentil 10;2022;11.574,79
Ambos sexos;Q Actividades sanitarias y de servicios sociales;Percentil 25;2022;16.310,85
Ambos sexos;Q Actividades sanitarias y de servicios sociales;Percentil 50;2022;24.775,85
Ambos sexos;Q Actividades sanitarias y de servicios sociales;Percentil 75;2022;38.392,18
Ambos sexos;Q Actividades sanitarias y de servicios sociales;Percentil 90;2022;60.027
Ambos sexos;86 Actividades sanitarias;Media;2022;36.631,6
Ambos sexos;86 Actividades sanitarias;Percentil 10;2022;14.700
Ambos sexos;86 Actividades sanitarias;Percentil 25;2022;22.081,13
Ambos sexos;86 Actividades sanitarias;Percentil 50;2022;29.967,91
Ambos sexos;86 Actividades sanitarias;Percentil 75;2022;46.591,68
Ambos sexos;86 Actividades sanitarias;Percentil 90;2022;70.353,85
Ambos sexos;87 Asistencia en establecimientos residenciales;Media;2022;18.691,61
Ambos sexos;87 Asistencia en establecimientos residenciales;Percentil 10;2022;11.181,76
Ambos sexos;87 Asistencia en establecimientos residenciales;Percentil 25;2022;14.285,01
Ambos sexos;87 Asistencia en establecimientos residenciales;Percentil 50;2022;16.871,25
Ambos sexos;87 Asistencia en establecimientos residenciales;Percentil 75;2022;21.281,5
Ambos sexos;87 Asistencia en establecimientos residenciales;Percentil 90;2022;28.383,53
Ambos sexos;88 Actividades de servicios sociales sin alojamiento;Media;2022;17.765,04
Ambos sexos;88 Actividades de servicios sociales sin alojamiento;Percentil 10;2022;7.679,94
Ambos sexos;88 Actividades de servicios sociales sin alojamiento;Percentil 25;2022;11.632,41
Ambos sexos;88 Actividades de servicios sociales sin alojamiento;Percentil 50;2022;15.635,4
Ambos sexos;88 Actividades de servicios sociales sin alojamiento;Percentil 75;2022;22.143,22
Ambos sexos;88 Actividades de servicios sociales sin alojamiento;Percentil 90;2022;28.550,1
Ambos sexos;R Actividades artísticas, recreativas y de entretenimiento;Media;2022;19.360,67
Ambos sexos;R Actividades artísticas, recreativas y de entretenimiento;Percentil 10;2022;5.102,18
Ambos sexos;R Actividades artísticas, recreativas y de entretenimiento;Percentil 25;2022;9.227,77
Ambos sexos;R Actividades artísticas, recreativas y de entretenimiento;Percentil 50;2022;15.676,04
Ambos sexos;R Actividades artísticas, recreativas y de entretenimiento;Percentil 75;2022;23.997,37
Ambos sexos;R Actividades artísticas, recreativas y de entretenimiento;Percentil 90;2022;37.403,07
Ambos sexos;90 Actividades de creación, artísticas y espectáculos;Media;2022;25.660,78
Ambos sexos;90 Actividades de creación, artísticas y espectáculos;Percentil 10;2022;6.025,12
Ambos sexos;90 Actividades de creación, artísticas y espectáculos;Percentil 25;2022;13.447,32
Ambos sexos;90 Actividades de creación, artísticas y espectáculos;Percentil 50;2022;21.736,37
Ambos sexos;90 Actividades de creación, artísticas y espectáculos;Percentil 75;2022;35.186,45
Ambos sexos;90 Actividades de creación, artísticas y espectáculos;Percentil 90;2022;50.658,05
Ambos sexos;91 Actividades de bibliotecas, archivos, museos y otras actividades culturales;Media;2022;25.068,88
Ambos sexos;91 Actividades de bibliotecas, archivos, museos y otras actividades culturales;Percentil 10;2022;10.134,59
Ambos sexos;91 Actividades de bibliotecas, archivos, museos y otras actividades culturales;Percentil 25;2022;14.906,34
Ambos sexos;91 Actividades de bibliotecas, archivos, museos y otras actividades culturales;Percentil 50;2022;22.480,69
Ambos sexos;91 Actividades de bibliotecas, archivos, museos y otras actividades culturales;Percentil 75;2022;31.446,9
Ambos sexos;91 Actividades de bibliotecas, archivos, museos y otras actividades culturales;Percentil 90;2022;42.810,55
Ambos sexos;92 Actividades de juegos de azar y apuestas;Media;2022;25.063,46
Ambos sexos;92 Actividades de juegos de azar y apuestas;Percentil 10;2022;9.968,45
Ambos sexos;92 Actividades de juegos de azar y apuestas;Percentil 25;2022;15.417,95
Ambos sexos;92 Actividades de juegos de azar y apuestas;Percentil 50;2022;21.244,15
Ambos sexos;92 Actividades de juegos de azar y apuestas;Percentil 75;2022;31.532,03
Ambos sexos;92 Actividades de juegos de azar y apuestas;Percentil 90;2022;44.262,64
Ambos sexos;93 Actividades deportivas, recreativas y de entretenimiento;Media;2022;16.332,64
Ambos sexos;93 Actividades deportivas, recreativas y de entretenimiento;Percentil 10;2022;4.313,44
Ambos sexos;93 Actividades deportivas, recreativas y de entretenimiento;Percentil 25;2022;7.508,72
Ambos sexos;93 Actividades deportivas, recreativas y de entretenimiento;Percentil 50;2022;13.629,2
Ambos sexos;93 Actividades deportivas, recreativas y de entretenimiento;Percentil 75;2022;19.729,54
Ambos sexos;93 Actividades deportivas, recreativas y de entretenimiento;Percentil 90;2022;29.551,18
Ambos sexos;S Otros servicios;Media;2022;18.269,96
Ambos sexos;S Otros servicios;Percentil 10;2022;7.452,01
Ambos sexos;S Otros servicios;Percentil 25;2022;11.587,85
Ambos sexos;S Otros servicios;Percentil 50;2022;15.158,23
Ambos sexos;S Otros servicios;Percentil 75;2022;21.984,02
Ambos sexos;S Otros servicios;Percentil 90;2022;32.174,68
Ambos sexos;94 Actividades asociativas;Media;2022;22.678,87
Ambos sexos;94 Actividades asociativas;Percentil 10;2022;7.353,2
Ambos sexos;94 Actividades asociativas;Percentil 25;2022;13.349,49
Ambos sexos;94 Actividades asociativas;Percentil 50;2022;20.698,17
Ambos sexos;94 Actividades asociativas;Percentil 75;2022;29.144,4
Ambos sexos;94 Actividades asociativas;Percentil 90;2022;39.577,32
Ambos sexos;95 Reparación de ordenadores, efectos personales y artículos de uso doméstico;Media;2022;24.370,36
Ambos sexos;95 Reparación de ordenadores, efectos personales y artículos de uso doméstico;Percentil 10;2022;13.126,43
Ambos sexos;95 Reparación de ordenadores, efectos personales y artículos de uso doméstico;Percentil 25;2022;16.465,21
Ambos sexos;95 Reparación de ordenadores, efectos personales y artículos de uso doméstico;Percentil 50;2022;21.169,16
Ambos sexos;95 Reparación de ordenadores, efectos personales y artículos de uso doméstico;Percentil 75;2022;28.424,42
Ambos sexos;95 Reparación de ordenadores, efectos personales y artículos de uso doméstico;Percentil 90;2022;40.783,34
Ambos sexos;96 Otros servicios personales;Media;2022;14.553,26
Ambos sexos;96 Otros servicios personales;Percentil 10;2022;7.322,1
Ambos sexos;96 Otros servicios personales;Percentil 25;2022;10.590,88
Ambos sexos;96 Otros servicios personales;Percentil 50;2022;14.172,2
Ambos sexos;96 Otros servicios personales;Percentil 75;2022;16.340,53
Ambos sexos;96 Otros servicios personales;Percentil 90;2022;21.081,71
Mujeres;B_S Todas las secciones;Media;2022;24.359,82
Mujeres;B_S Todas las secciones;Percentil 10;2022;8.732,51
Mujeres;B_S Todas las secciones;Percentil 25;2022;14.094,78
Mujeres;B_S Todas las secciones;Percentil 50;2022;20.045,68
Mujeres;B_S Todas las secciones;Percentil 75;2022;30.984,32
Mujeres;B_S Todas las secciones;Percentil 90;2022;44.481,68
Mujeres;B Industrias extractivas;Media;2022;-42.851,51
Mujeres;B Industrias extractivas;Percentil 10;2022;-14.463
Mujeres;B Industrias extractivas;Percentil 25;2022;-23.914,85
Mujeres;B Industrias extractivas;Percentil 50;2022;-44.577,54
Mujeres;B Industrias extractivas;Percentil 75;2022;-58.935,61
Mujeres;B Industrias extractivas;Percentil 90;2022;-70.445,25
Mujeres;C Industria manufacturera;Media;2022;25.932,76
Mujeres;C Industria manufacturera;Percentil 10;2022;12.492,77
Mujeres;C Industria manufacturera;Percentil 25;2022;16.156,85
Mujeres;C Industria manufacturera;Percentil 50;2022;21.601,35
Mujeres;C Industria manufacturera;Percentil 75;2022;30.607,32
Mujeres;C Industria manufacturera;Percentil 90;2022;45.911,58
Mujeres;10 Industria de la alimentación;Media;2022;20.670,89
Mujeres;10 Industria de la alimentación;Percentil 10;2022;11.295,31
Mujeres;10 Industria de la alimentación;Percentil 25;2022;14.812,16
Mujeres;10 Industria de la alimentación;Percentil 50;2022;18.351,17
Mujeres;10 Industria de la alimentación;Percentil 75;2022;23.879,65
Mujeres;10 Industria de la alimentación;Percentil 90;2022;31.138
Mujeres;11 Fabricación de bebidas;Media;2022;31.698,24
Mujeres;11 Fabricación de bebidas;Percentil 10;2022;14.000,05
Mujeres;11 Fabricación de bebidas;Percentil 25;2022;19.815,05
Mujeres;11 Fabricación de bebidas;Percentil 50;2022;25.991,4
Mujeres;11 Fabricación de bebidas;Percentil 75;2022;39.747,62
Mujeres;11 Fabricación de bebidas;Percentil 90;2022;56.570,98
Mujeres;12 Industria del tabaco;Media;2022;-44.176,51
Mujeres;12 Industria del tabaco;Percentil 10;2022;-14.328,49
Mujeres;12 Industria del tabaco;Percentil 25;2022;-25.865,45
Mujeres;12 Industria del tabaco;Percentil 50;2022;-38.521
Mujeres;12 Industria del tabaco;Percentil 75;2022;-65.539,77
Mujeres;12 Industria del tabaco;Percentil 90;2022;-74.271,97
Mujeres;13 Industria textil;Media;2022;20.595,33
Mujeres;13 Industria textil;Percentil 10;2022;12.200,66
Mujeres;13 Industria textil;Percentil 25;2022;14.916,67
Mujeres;13 Industria textil;Percentil 50;2022;17.708,58
Mujeres;13 Industria textil;Percentil 75;2022;23.258,56
Mujeres;13 Industria textil;Percentil 90;2022;32.548,44
Mujeres;14 Confección de prendas de vestir;Media;2022;20.145,91
Mujeres;14 Confección de prendas de vestir;Percentil 10;2022;7.696,08
Mujeres;14 Confección de prendas de vestir;Percentil 25;2022;13.298,4
Mujeres;14 Confección de prendas de vestir;Percentil 50;2022;15.693,36
Mujeres;14 Confección de prendas de vestir;Percentil 75;2022;21.184,67
Mujeres;14 Confección de prendas de vestir;Percentil 90;2022;36.482,46
Mujeres;15 Industria del cuero y del calzado;Media;2022;18.719,13
Mujeres;15 Industria del cuero y del calzado;Percentil 10;2022;9.755,56
Mujeres;15 Industria del cuero y del calzado;Percentil 25;2022;14.826,67
Mujeres;15 Industria del cuero y del calzado;Percentil 50;2022;16.672,51
Mujeres;15 Industria del cuero y del calzado;Percentil 75;2022;20.472,84
Mujeres;15 Industria del cuero y del calzado;Percentil 90;2022;29.235,63
Mujeres;16 Industria de la madera y del corcho, excepto muebles, cestería y espartería;Media;2022;-20.594,53
Mujeres;16 Industria de la madera y del corcho, excepto muebles, cestería y espartería;Percentil 10;2022;-10.707,09
Mujeres;16 Industria de la madera y del corcho, excepto muebles, cestería y espartería;Percentil 25;2022;-15.043,82
Mujeres;16 Industria de la madera y del corcho, excepto muebles, cestería y espartería;Percentil 50;2022;-17.995,26
Mujeres;16 Industria de la madera y del corcho, excepto muebles, cestería y espartería;Percentil 75;2022;-23.774,05
Mujeres;16 Industria de la madera y del corcho, excepto muebles, cestería y espartería;Percentil 90;2022;-30.375,41
Mujeres;17 Industria del papel;Media;2022;26.382,59
Mujeres;17 Industria del papel;Percentil 10;2022;14.430,48
Mujeres;17 Industria del papel;Percentil 25;2022;16.492,74
Mujeres;17 Industria del papel;Percentil 50;2022;22.506,82
Mujeres;17 Industria del papel;Percentil 75;2022;31.149,09
Mujeres;17 Industria del papel;Percentil 90;2022;43.645,31
Mujeres;18 Artes gráficas y reproducción de soportes grabados;Media;2022;21.096,25
Mujeres;18 Artes gráficas y reproducción de soportes grabados;Percentil 10;2022;10.772,41
Mujeres;18 Artes gráficas y reproducción de soportes grabados;Percentil 25;2022;14.784,78
Mujeres;18 Artes gráficas y reproducción de soportes grabados;Percentil 50;2022;18.553,01
Mujeres;18 Artes gráficas y reproducción de soportes grabados;Percentil 75;2022;24.959,22
Mujeres;18 Artes gráficas y reproducción de soportes grabados;Percentil 90;2022;35.320,59
Mujeres;19 Coquerías y refino de petróleo;Media;2022;..
Mujeres;19 Coquerías y refino de petróleo;Percentil 10;2022;..
Mujeres;19 Coquerías y refino de petróleo;Percentil 25;2022;..
Mujeres;19 Coquerías y refino de petróleo;Percentil 50;2022;..
Mujeres;19 Coquerías y refino de petróleo;Percentil 75;2022;..
Mujeres;19 Coquerías y refino de petróleo;Percentil 90;2022;..
Mujeres;20 Industria química;Media;2022;34.758,73
Mujeres;20 Industria química;Percentil 10;2022;16.360,14
Mujeres;20 Industria química;Percentil 25;2022;20.835,28
Mujeres;20 Industria química;Percentil 50;2022;30.644,24
Mujeres;20 Industria química;Percentil 75;2022;44.160,94
Mujeres;20 Industria química;Percentil 90;2022;58.666,69
Mujeres;21 Fabricación de productos farmacéuticos;Media;2022;40.636,97
Mujeres;21 Fabricación de productos farmacéuticos;Percentil 10;2022;20.867,98
Mujeres;21 Fabricación de productos farmacéuticos;Percentil 25;2022;26.350,85
Mujeres;21 Fabricación de productos farmacéuticos;Percentil 50;2022;34.899,44
Mujeres;21 Fabricación de productos farmacéuticos;Percentil 75;2022;49.078
Mujeres;21 Fabricación de productos farmacéuticos;Percentil 90;2022;70.372,96
Mujeres;22 Fabricación de productos de caucho y plásticos;Media;2022;25.720,53
Mujeres;22 Fabricación de productos de caucho y plásticos;Percentil 10;2022;14.528
Mujeres;22 Fabricación de productos de caucho y plásticos;Percentil 25;2022;17.806,44
Mujeres;22 Fabricación de productos de caucho y plásticos;Percentil 50;2022;22.094,09
Mujeres;22 Fabricación de productos de caucho y plásticos;Percentil 75;2022;30.365,14
Mujeres;22 Fabricación de productos de caucho y plásticos;Percentil 90;2022;41.546,25
Mujeres;23 Fabricación de otros productos minerales no metálicos;Media;2022;-27.737,01
Mujeres;23 Fabricación de otros productos minerales no metálicos;Percentil 10;2022;-12.852
Mujeres;23 Fabricación de otros productos minerales no metálicos;Percentil 25;2022;-18.025,92
Mujeres;23 Fabricación de otros productos minerales no metálicos;Percentil 50;2022;-24.791,66
Mujeres;23 Fabricación de otros productos minerales no metálicos;Percentil 75;2022;-32.673,97
Mujeres;23 Fabricación de otros productos minerales no metálicos;Percentil 90;2022;-48.482,24
Mujeres;24 Metalurgia, fabricación de productos de hierro, acero y ferroaleaciones;Media;2022;-34.283,8
Mujeres;24 Metalurgia, fabricación de productos de hierro, acero y ferroaleaciones;Percentil 10;2022;-18.423,18
Mujeres;24 Metalurgia, fabricación de productos de hierro, acero y ferroaleaciones;Percentil 25;2022;-23.296,35
Mujeres;24 Metalurgia, fabricación de productos de hierro, acero y ferroaleaciones;Percentil 50;2022;-30.286,94
Mujeres;24 Metalurgia, fabricación de productos de hierro, acero y ferroaleaciones;Percentil 75;2022;-42.232,41
Mujeres;24 Metalurgia, fabricación de productos de hierro, acero y ferroaleaciones;Percentil 90;2022;-55.837,38
Mujeres;25 Fabricación de productos metálicos, excepto maquinaria y equipo;Media;2022;-24.253,83
Mujeres;25 Fabricación de productos metálicos, excepto maquinaria y equipo;Percentil 10;2022;-11.363,49
Mujeres;25 Fabricación de productos metálicos, excepto maquinaria y equipo;Percentil 25;2022;-16.997,47
Mujeres;25 Fabricación de productos metálicos, excepto maquinaria y equipo;Percentil 50;2022;-23.571,6
Mujeres;25 Fabricación de productos metálicos, excepto maquinaria y equipo;Percentil 75;2022;-30.137,8
Mujeres;25 Fabricación de productos metálicos, excepto maquinaria y equipo;Percentil 90;2022;-40.283,67
Mujeres;26 Fabricación de productos informáticos, electrónicos y ópticos;Media;2022;30.406,08
Mujeres;26 Fabricación de productos informáticos, electrónicos y ópticos;Percentil 10;2022;14.502,86
Mujeres;26 Fabricación de productos informáticos, electrónicos y ópticos;Percentil 25;2022;20.219,45
Mujeres;26 Fabricación de productos informáticos, electrónicos y ópticos;Percentil 50;2022;24.686,2
Mujeres;26 Fabricación de productos informáticos, electrónicos y ópticos;Percentil 75;2022;34.910,75
Mujeres;26 Fabricación de productos informáticos, electrónicos y ópticos;Percentil 90;2022;61.200,55
Mujeres;27 Fabricación de material y equipo eléctrico;Media;2022;29.986,82
Mujeres;27 Fabricación de material y equipo eléctrico;Percentil 10;2022;17.055,49
Mujeres;27 Fabricación de material y equipo eléctrico;Percentil 25;2022;21.260,18
Mujeres;27 Fabricación de material y equipo eléctrico;Percentil 50;2022;26.584,55
Mujeres;27 Fabricación de material y equipo eléctrico;Percentil 75;2022;33.545,85
Mujeres;27 Fabricación de material y equipo eléctrico;Percentil 90;2022;46.590,54
Mujeres;28 Fabricación de maquinaria y equipo n.c.o.p.;Media;2022;-34.353,94
Mujeres;28 Fabricación de maquinaria y equipo n.c.o.p.;Percentil 10;2022;-17.555,51
Mujeres;28 Fabricación de maquinaria y equipo n.c.o.p.;Percentil 25;2022;-22.315,8
Mujeres;28 Fabricación de maquinaria y equipo n.c.o.p.;Percentil 50;2022;-29.422,1
Mujeres;28 Fabricación de maquinaria y equipo n.c.o.p.;Percentil 75;2022;-41.045,7
Mujeres;28 Fabricación de maquinaria y equipo n.c.o.p.;Percentil 90;2022;-57.016,26
Mujeres;29 Fabricación de vehículos de motor, remolques y semirremolques;Media;2022;31.503,94
Mujeres;29 Fabricación de vehículos de motor, remolques y semirremolques;Percentil 10;2022;18.179,45
Mujeres;29 Fabricación de vehículos de motor, remolques y semirremolques;Percentil 25;2022;21.846,03
Mujeres;29 Fabricación de vehículos de motor, remolques y semirremolques;Percentil 50;2022;28.496,42
Mujeres;29 Fabricación de vehículos de motor, remolques y semirremolques;Percentil 75;2022;36.236,97
Mujeres;29 Fabricación de vehículos de motor, remolques y semirremolques;Percentil 90;2022;53.167,18
Mujeres;30 Fabricación de otro material de transporte;Media;2022;-46.113,81
Mujeres;30 Fabricación de otro material de transporte;Percentil 10;2022;-17.072,42
Mujeres;30 Fabricación de otro material de transporte;Percentil 25;2022;-26.519,52
Mujeres;30 Fabricación de otro material de transporte;Percentil 50;2022;-45.799,39
Mujeres;30 Fabricación de otro material de transporte;Percentil 75;2022;-65.475,26
Mujeres;30 Fabricación de otro material de transporte;Percentil 90;2022;-72.399,26
Mujeres;31 Fabricación de muebles;Media;2022;-18.865,06
Mujeres;31 Fabricación de muebles;Percentil 10;2022;-10.607,79
Mujeres;31 Fabricación de muebles;Percentil 25;2022;-14.633,48
Mujeres;31 Fabricación de muebles;Percentil 50;2022;-18.135,09
Mujeres;31 Fabricación de muebles;Percentil 75;2022;-21.706,2
Mujeres;31 Fabricación de muebles;Percentil 90;2022;-27.256,95
Mujeres;32 Otras industrias manufactureras;Media;2022;21.915,15
Mujeres;32 Otras industrias manufactureras;Percentil 10;2022;10.853
Mujeres;32 Otras industrias manufactureras;Percentil 25;2022;14.574,94
Mujeres;32 Otras industrias manufactureras;Percentil 50;2022;19.447,2
Mujeres;32 Otras industrias manufactureras;Percentil 75;2022;26.302,38
Mujeres;32 Otras industrias manufactureras;Percentil 90;2022;34.863
Mujeres;33 Reparación e instalación de maquinaria y equipo;Media;2022;-25.075,53
Mujeres;33 Reparación e instalación de maquinaria y equipo;Percentil 10;2022;-11.869,36
Mujeres;33 Reparación e instalación de maquinaria y equipo;Percentil 25;2022;-17.050,39
Mujeres;33 Reparación e instalación de maquinaria y equipo;Percentil 50;2022;-21.526,09
Mujeres;33 Reparación e instalación de maquinaria y equipo;Percentil 75;2022;-28.748,52
Mujeres;33 Reparación e instalación de maquinaria y equipo;Percentil 90;2022;-37.840,64
Mujeres;D Suministro de energía eléctrica, gas, vapor y aire acondicionado;Media;2022;49.546,23
Mujeres;D Suministro de energía eléctrica, gas, vapor y aire acondicionado;Percentil 10;2022;17.543,75
Mujeres;D Suministro de energía eléctrica, gas, vapor y aire acondicionado;Percentil 25;2022;24.556,88
Mujeres;D Suministro de energía eléctrica, gas, vapor y aire acondicionado;Percentil 50;2022;51.199,95
Mujeres;D Suministro de energía eléctrica, gas, vapor y aire acondicionado;Percentil 75;2022;65.845,04
Mujeres;D Suministro de energía eléctrica, gas, vapor y aire acondicionado;Percentil 90;2022;81.376,55
Mujeres;35 Suministro de energía eléctrica, gas, vapor y aire acondicionado;Media;2022;49.546,23
Mujeres;35 Suministro de energía eléctrica, gas, vapor y aire acondicionado;Percentil 10;2022;17.543,75
Mujeres;35 Suministro de energía eléctrica, gas, vapor y aire acondicionado;Percentil 25;2022;24.556,88
Mujeres;35 Suministro de energía eléctrica, gas, vapor y aire acondicionado;Percentil 50;2022;51.199,95
Mujeres;35 Suministro de energía eléctrica, gas, vapor y aire acondicionado;Percentil 75;2022;65.845,04
Mujeres;35 Suministro de energía eléctrica, gas, vapor y aire acondicionado;Percentil 90;2022;81.376,55
Mujeres;E Suministro de agua, actividades de saneamiento, gestión de residuos y descontaminación;Media;2022;28.501,84
Mujeres;E Suministro de agua, actividades de saneamiento, gestión de residuos y descontaminación;Percentil 10;2022;13.388,31
Mujeres;E Suministro de agua, actividades de saneamiento, gestión de residuos y descontaminación;Percentil 25;2022;17.952,25
Mujeres;E Suministro de agua, actividades de saneamiento, gestión de residuos y descontaminación;Percentil 50;2022;25.410,97
Mujeres;E Suministro de agua, actividades de saneamiento, gestión de residuos y descontaminación;Percentil 75;2022;35.024,84
Mujeres;E Suministro de agua, actividades de saneamiento, gestión de residuos y descontaminación;Percentil 90;2022;49.224,4
Mujeres;36 Captación, depuración y distribución de agua;Media;2022;34.783,36
Mujeres;36 Captación, depuración y distribución de agua;Percentil 10;2022;15.175,2
Mujeres;36 Captación, depuración y distribución de agua;Percentil 25;2022;21.259,89
Mujeres;36 Captación, depuración y distribución de agua;Percentil 50;2022;30.904,34
Mujeres;36 Captación, depuración y distribución de agua;Percentil 75;2022;46.620,87
Mujeres;36 Captación, depuración y distribución de agua;Percentil 90;2022;58.402,95
Mujeres;37 Recogida y tratamiento de aguas residuales;Media;2022;-29.955,98
Mujeres;37 Recogida y tratamiento de aguas residuales;Percentil 10;2022;-14.662,77
Mujeres;37 Recogida y tratamiento de aguas residuales;Percentil 25;2022;-20.766,83
Mujeres;37 Recogida y tratamiento de aguas residuales;Percentil 50;2022;-28.170,87
Mujeres;37 Recogida y tratamiento de aguas residuales;Percentil 75;2022;-36.400,14
Mujeres;37 Recogida y tratamiento de aguas residuales;Percentil 90;2022;-44.577,56
Mujeres;38 Recogida, tratamiento y eliminación de residuos, valorización;Media;2022;25.761,85
Mujeres;38 Recogida, tratamiento y eliminación de residuos, valorización;Percentil 10;2022;11.270,95
Mujeres;38 Recogida, tratamiento y eliminación de residuos, valorización;Percentil 25;2022;16.856,91
Mujeres;38 Recogida, tratamiento y eliminación de residuos, valorización;Percentil 50;2022;23.907,18
Mujeres;38 Recogida, tratamiento y eliminación de residuos, valorización;Percentil 75;2022;31.600
Mujeres;38 Recogida, tratamiento y eliminación de residuos, valorización;Percentil 90;2022;40.011
Mujeres;39 Actividades de descontaminación y otros servicios de gestión de residuos;Media;2022;..
Mujeres;39 Actividades de descontaminación y otros servicios de gestión de residuos;Percentil 10;2022;..
Mujeres;39 Actividades de descontaminación y otros servicios de gestión de residuos;Percentil 25;2022;..
Mujeres;39 Actividades de descontaminación y otros servicios de gestión de residuos;Percentil 50;2022;..
Mujeres;39 Actividades de descontaminación y otros servicios de gestión de residuos;Percentil 75;2022;..
Mujeres;39 Actividades de descontaminación y otros servicios de gestión de residuos;Percentil 90;2022;..
Mujeres;F Construcción;Media;2022;26.258,91
Mujeres;F Construcción;Percentil 10;2022;11.652,8
Mujeres;F Construcción;Percentil 25;2022;17.775,69
Mujeres;F Construcción;Percentil 50;2022;22.955,31
Mujeres;F Construcción;Percentil 75;2022;32.404,45
Mujeres;F Construcción;Percentil 90;2022;42.596,9
Mujeres;41 Construcción de edificios;Media;2022;-27.284,57
Mujeres;41 Construcción de edificios;Percentil 10;2022;-12.149,22
Mujeres;41 Construcción de edificios;Percentil 25;2022;-17.010
Mujeres;41 Construcción de edificios;Percentil 50;2022;-23.685,8
Mujeres;41 Construcción de edificios;Percentil 75;2022;-33.198,4
Mujeres;41 Construcción de edificios;Percentil 90;2022;-45.519,49
Mujeres;42 Ingeniería civil;Media;2022;-30.574,97
Mujeres;42 Ingeniería civil;Percentil 10;2022;-11.575,28
Mujeres;42 Ingeniería civil;Percentil 25;2022;-20.106,42
Mujeres;42 Ingeniería civil;Percentil 50;2022;-26.050
Mujeres;42 Ingeniería civil;Percentil 75;2022;-39.999,84
Mujeres;42 Ingeniería civil;Percentil 90;2022;-55.682
Mujeres;43 Actividades de construcción especializada;Media;2022;-24.962,22
Mujeres;43 Actividades de construcción especializada;Percentil 10;2022;-10.979,2
Mujeres;43 Actividades de construcción especializada;Percentil 25;2022;-17.822
Mujeres;43 Actividades de construcción especializada;Percentil 50;2022;-22.263,66
Mujeres;43 Actividades de construcción especializada;Percentil 75;2022;-30.597
Mujeres;43 Actividades de construcción especializada;Percentil 90;2022;-39.311,08
Mujeres;G Comercio al por mayor y al por menor, reparación de vehículos de motor y motocicletas;Media;2022;20.084,02
Mujeres;G Comercio al por mayor y al por menor, reparación de vehículos de motor y motocicletas;Percentil 10;2022;9.622,11
Mujeres;G Comercio al por mayor y al por menor, reparación de vehículos de motor y motocicletas;Percentil 25;2022;13.732,75
Mujeres;G Comercio al por mayor y al por menor, reparación de vehículos de motor y motocicletas;Percentil 50;2022;17.292,5
Mujeres;G Comercio al por mayor y al por menor, reparación de vehículos de motor y motocicletas;Percentil 75;2022;22.695,04
Mujeres;G Comercio al por mayor y al por menor, reparación de vehículos de motor y motocicletas;Percentil 90;2022;31.376,56
Mujeres;45 Venta y reparación de vehículos de motor y motocicletas;Media;2022;-22.322,81
Mujeres;45 Venta y reparación de vehículos de motor y motocicletas;Percentil 10;2022;-11.233,38
Mujeres;45 Venta y reparación de vehículos de motor y motocicletas;Percentil 25;2022;-15.596,76
Mujeres;45 Venta y reparación de vehículos de motor y motocicletas;Percentil 50;2022;-19.349,02
Mujeres;45 Venta y reparación de vehículos de motor y motocicletas;Percentil 75;2022;-24.782,12
Mujeres;45 Venta y reparación de vehículos de motor y motocicletas;Percentil 90;2022;-34.699,14
Mujeres;46 Comercio al por mayor e intermediarios del comercio, excepto de vehículos de motor y motocicletas;Media;2022;25.937,44
Mujeres;46 Comercio al por mayor e intermediarios del comercio, excepto de vehículos de motor y motocicletas;Percentil 10;2022;11.284,72
Mujeres;46 Comercio al por mayor e intermediarios del comercio, excepto de vehículos de motor y motocicletas;Percentil 25;2022;15.243,28
Mujeres;46 Comercio al por mayor e intermediarios del comercio, excepto de vehículos de motor y motocicletas;Percentil 50;2022;19.999,92
Mujeres;46 Comercio al por mayor e intermediarios del comercio, excepto de vehículos de motor y motocicletas;Percentil 75;2022;29.363,67
Mujeres;46 Comercio al por mayor e intermediarios del comercio, excepto de vehículos de motor y motocicletas;Percentil 90;2022;48.941,19
Mujeres;47 Comercio al por menor, excepto de vehículos de motor y motocicletas;Media;2022;18.009,26
Mujeres;47 Comercio al por menor, excepto de vehículos de motor y motocicletas;Percentil 10;2022;9.268,31
Mujeres;47 Comercio al por menor, excepto de vehículos de motor y motocicletas;Percentil 25;2022;13.162,5
Mujeres;47 Comercio al por menor, excepto de vehículos de motor y motocicletas;Percentil 50;2022;16.512,2
Mujeres;47 Comercio al por menor, excepto de vehículos de motor y motocicletas;Percentil 75;2022;20.947,42
Mujeres;47 Comercio al por menor, excepto de vehículos de motor y motocicletas;Percentil 90;2022;26.880,84
Mujeres;H Transporte y almacenamiento;Media;2022;26.569,15
Mujeres;H Transporte y almacenamiento;Percentil 10;2022;12.400,51
Mujeres;H Transporte y almacenamiento;Percentil 25;2022;17.421,36
Mujeres;H Transporte y almacenamiento;Percentil 50;2022;23.216,44
Mujeres;H Transporte y almacenamiento;Percentil 75;2022;32.339,65
Mujeres;H Transporte y almacenamiento;Percentil 90;2022;45.137,46
Mujeres;49 Transporte terrestre y por tubería;Media;2022;23.998,59
Mujeres;49 Transporte terrestre y por tubería;Percentil 10;2022;7.086,67
Mujeres;49 Transporte terrestre y por tubería;Percentil 25;2022;14.221,64
Mujeres;49 Transporte terrestre y por tubería;Percentil 50;2022;20.974,77
Mujeres;49 Transporte terrestre y por tubería;Percentil 75;2022;30.391,18
Mujeres;49 Transporte terrestre y por tubería;Percentil 90;2022;46.366,62
Mujeres;50 Transporte marítimo y por vías navegables interiores;Media;2022;-26.448,12
Mujeres;50 Transporte marítimo y por vías navegables interiores;Percentil 10;2022;-15.203
Mujeres;50 Transporte marítimo y por vías navegables interiores;Percentil 25;2022;-17.028,65
Mujeres;50 Transporte marítimo y por vías navegables interiores;Percentil 50;2022;-22.281,56
Mujeres;50 Transporte marítimo y por vías navegables interiores;Percentil 75;2022;-30.554,5
Mujeres;50 Transporte marítimo y por vías navegables interiores;Percentil 90;2022;-44.206,53
Mujeres;51 Transporte aéreo;Media;2022;36.806,02
Mujeres;51 Transporte aéreo;Percentil 10;2022;18.088,48
Mujeres;51 Transporte aéreo;Percentil 25;2022;24.290,52
Mujeres;51 Transporte aéreo;Percentil 50;2022;34.014,95
Mujeres;51 Transporte aéreo;Percentil 75;2022;45.137,46
Mujeres;51 Transporte aéreo;Percentil 90;2022;57.973,44
Mujeres;52 Almacenamiento y actividades anexas al transporte;Media;2022;28.198,93
Mujeres;52 Almacenamiento y actividades anexas al transporte;Percentil 10;2022;14.121,34
Mujeres;52 Almacenamiento y actividades anexas al transporte;Percentil 25;2022;18.396,52
Mujeres;52 Almacenamiento y actividades anexas al transporte;Percentil 50;2022;24.215,56
Mujeres;52 Almacenamiento y actividades anexas al transporte;Percentil 75;2022;34.948,93
Mujeres;52 Almacenamiento y actividades anexas al transporte;Percentil 90;2022;45.405
Mujeres;53 Actividades postales y de correos;Media;2022;22.501,62
Mujeres;53 Actividades postales y de correos;Percentil 10;2022;13.696,29
Mujeres;53 Actividades postales y de correos;Percentil 25;2022;18.887,24
Mujeres;53 Actividades postales y de correos;Percentil 50;2022;22.843,87
Mujeres;53 Actividades postales y de correos;Percentil 75;2022;25.322,68
Mujeres;53 Actividades postales y de correos;Percentil 90;2022;29.382,96
Mujeres;I Hostelería;Media;2022;15.022,32
Mujeres;I Hostelería;Percentil 10;2022;5.411,66
Mujeres;I Hostelería;Percentil 25;2022;9.187,42
Mujeres;I Hostelería;Percentil 50;2022;15.320,42
Mujeres;I Hostelería;Percentil 75;2022;19.177
Mujeres;I Hostelería;Percentil 90;2022;23.422,2
Mujeres;55 Servicios de alojamiento;Media;2022;20.005,33
Mujeres;55 Servicios de alojamiento;Percentil 10;2022;10.079,66
Mujeres;55 Servicios de alojamiento;Percentil 25;2022;15.452,04
Mujeres;55 Servicios de alojamiento;Percentil 50;2022;19.577,91
Mujeres;55 Servicios de alojamiento;Percentil 75;2022;23.460,26
Mujeres;55 Servicios de alojamiento;Percentil 90;2022;28.937,17
Mujeres;56 Servicios de comidas y bebidas;Media;2022;13.418,95
Mujeres;56 Servicios de comidas y bebidas;Percentil 10;2022;5.032,87
Mujeres;56 Servicios de comidas y bebidas;Percentil 25;2022;8.115,7
Mujeres;56 Servicios de comidas y bebidas;Percentil 50;2022;13.962,61
Mujeres;56 Servicios de comidas y bebidas;Percentil 75;2022;17.717,06
Mujeres;56 Servicios de comidas y bebidas;Percentil 90;2022;21.014,82
Mujeres;J Información y comunicaciones;Media;2022;34.306,95
Mujeres;J Información y comunicaciones;Percentil 10;2022;14.399,32
Mujeres;J Información y comunicaciones;Percentil 25;2022;20.052,3
Mujeres;J Información y comunicaciones;Percentil 50;2022;30.324,96
Mujeres;J Información y comunicaciones;Percentil 75;2022;43.449,23
Mujeres;J Información y comunicaciones;Percentil 90;2022;60.178,33
Mujeres;58 Edición;Media;2022;32.016,04
Mujeres;58 Edición;Percentil 10;2022;13.703,1
Mujeres;58 Edición;Percentil 25;2022;18.804,24
Mujeres;58 Edición;Percentil 50;2022;28.008
Mujeres;58 Edición;Percentil 75;2022;40.781,82
Mujeres;58 Edición;Percentil 90;2022;56.590,23
Mujeres;59 Actividades cinematográficas, de vídeo y de programas de televisión, grabación de sonido y edición musical;Media;2022;29.178,7
Mujeres;59 Actividades cinematográficas, de vídeo y de programas de televisión, grabación de sonido y edición musical;Percentil 10;2022;10.599,74
Mujeres;59 Actividades cinematográficas, de vídeo y de programas de televisión, grabación de sonido y edición musical;Percentil 25;2022;16.015,39
Mujeres;59 Actividades cinematográficas, de vídeo y de programas de televisión, grabación de sonido y edición musical;Percentil 50;2022;24.993,53
Mujeres;59 Actividades cinematográficas, de vídeo y de programas de televisión, grabación de sonido y edición musical;Percentil 75;2022;37.878,21
Mujeres;59 Actividades cinematográficas, de vídeo y de programas de televisión, grabación de sonido y edición musical;Percentil 90;2022;55.042,08
Mujeres;60 Actividades de programación y emisión de radio y televisión;Media;2022;43.531,1
Mujeres;60 Actividades de programación y emisión de radio y televisión;Percentil 10;2022;18.182,7
Mujeres;60 Actividades de programación y emisión de radio y televisión;Percentil 25;2022;26.692
Mujeres;60 Actividades de programación y emisión de radio y televisión;Percentil 50;2022;41.505,91
Mujeres;60 Actividades de programación y emisión de radio y televisión;Percentil 75;2022;59.638,18
Mujeres;60 Actividades de programación y emisión de radio y televisión;Percentil 90;2022;70.706,72
Mujeres;61 Telecomunicaciones;Media;2022;40.631,05
Mujeres;61 Telecomunicaciones;Percentil 10;2022;13.733,42
Mujeres;61 Telecomunicaciones;Percentil 25;2022;19.162,27
Mujeres;61 Telecomunicaciones;Percentil 50;2022;37.901,42
Mujeres;61 Telecomunicaciones;Percentil 75;2022;57.492,88
Mujeres;61 Telecomunicaciones;Percentil 90;2022;72.821,88
Mujeres;62 Programación, consultoría y otras actividades relacionadas con la informática;Media;2022;33.884,13
Mujeres;62 Programación, consultoría y otras actividades relacionadas con la informática;Percentil 10;2022;15.250,89
Mujeres;62 Programación, consultoría y otras actividades relacionadas con la informática;Percentil 25;2022;21.305,71
Mujeres;62 Programación, consultoría y otras actividades relacionadas con la informática;Percentil 50;2022;30.805,16
Mujeres;62 Programación, consultoría y otras actividades relacionadas con la informática;Percentil 75;2022;41.772,1
Mujeres;62 Programación, consultoría y otras actividades relacionadas con la informática;Percentil 90;2022;56.007,82
Mujeres;63 Servicios de información;Media;2022;30.414,73
Mujeres;63 Servicios de información;Percentil 10;2022;13.248,97
Mujeres;63 Servicios de información;Percentil 25;2022;16.662,73
Mujeres;63 Servicios de información;Percentil 50;2022;25.487,12
Mujeres;63 Servicios de información;Percentil 75;2022;38.309,96
Mujeres;63 Servicios de información;Percentil 90;2022;53.708,2
Mujeres;K Actividades financieras y de seguros;Media;2022;42.214,85
Mujeres;K Actividades financieras y de seguros;Percentil 10;2022;16.511,51
Mujeres;K Actividades financieras y de seguros;Percentil 25;2022;25.948,28
Mujeres;K Actividades financieras y de seguros;Percentil 50;2022;40.253,26
Mujeres;K Actividades financieras y de seguros;Percentil 75;2022;53.683,9
Mujeres;K Actividades financieras y de seguros;Percentil 90;2022;70.281,72
Mujeres;64 Servicios financieros, excepto seguros y fondos de pensiones;Media;2022;50.346,2
Mujeres;64 Servicios financieros, excepto seguros y fondos de pensiones;Percentil 10;2022;26.289,13
Mujeres;64 Servicios financieros, excepto seguros y fondos de pensiones;Percentil 25;2022;37.950,84
Mujeres;64 Servicios financieros, excepto seguros y fondos de pensiones;Percentil 50;2022;47.614,38
Mujeres;64 Servicios financieros, excepto seguros y fondos de pensiones;Percentil 75;2022;61.646,09
Mujeres;64 Servicios financieros, excepto seguros y fondos de pensiones;Percentil 90;2022;77.720,35
Mujeres;65 Seguros, reaseguros y fondos de pensiones, excepto Seguridad Social obligatoria;Media;2022;38.247,04
Mujeres;65 Seguros, reaseguros y fondos de pensiones, excepto Seguridad Social obligatoria;Percentil 10;2022;19.750,8
Mujeres;65 Seguros, reaseguros y fondos de pensiones, excepto Seguridad Social obligatoria;Percentil 25;2022;26.874,38
Mujeres;65 Seguros, reaseguros y fondos de pensiones, excepto Seguridad Social obligatoria;Percentil 50;2022;36.319,27
Mujeres;65 Seguros, reaseguros y fondos de pensiones, excepto Seguridad Social obligatoria;Percentil 75;2022;46.311,54
Mujeres;65 Seguros, reaseguros y fondos de pensiones, excepto Seguridad Social obligatoria;Percentil 90;2022;58.867,32
Mujeres;66 Actividades auxiliares a los servicios financieros y a los seguros;Media;2022;26.381,85
Mujeres;66 Actividades auxiliares a los servicios financieros y a los seguros;Percentil 10;2022;11.104,37
Mujeres;66 Actividades auxiliares a los servicios financieros y a los seguros;Percentil 25;2022;15.728,36
Mujeres;66 Actividades auxiliares a los servicios financieros y a los seguros;Percentil 50;2022;20.657,9
Mujeres;66 Actividades auxiliares a los servicios financieros y a los seguros;Percentil 75;2022;31.896,23
Mujeres;66 Actividades auxiliares a los servicios financieros y a los seguros;Percentil 90;2022;47.088,24
Mujeres;L Actividades inmobiliarias;Media;2022;23.538,96
Mujeres;L Actividades inmobiliarias;Percentil 10;2022;7.696,6
Mujeres;L Actividades inmobiliarias;Percentil 25;2022;13.707,15
Mujeres;L Actividades inmobiliarias;Percentil 50;2022;18.518,5
Mujeres;L Actividades inmobiliarias;Percentil 75;2022;27.283,09
Mujeres;L Actividades inmobiliarias;Percentil 90;2022;44.274,01
Mujeres;68 Actividades inmobiliarias;Media;2022;23.538,96
Mujeres;68 Actividades inmobiliarias;Percentil 10;2022;7.696,6
Mujeres;68 Actividades inmobiliarias;Percentil 25;2022;13.707,15
Mujeres;68 Actividades inmobiliarias;Percentil 50;2022;18.518,5
Mujeres;68 Actividades inmobiliarias;Percentil 75;2022;27.283,09
Mujeres;68 Actividades inmobiliarias;Percentil 90;2022;44.274,01
Mujeres;M Actividades profesionales, científicas y técnicas;Media;2022;26.804,95
Mujeres;M Actividades profesionales, científicas y técnicas;Percentil 10;2022;11.301,78
Mujeres;M Actividades profesionales, científicas y técnicas;Percentil 25;2022;15.539,02
Mujeres;M Actividades profesionales, científicas y técnicas;Percentil 50;2022;22.312
Mujeres;M Actividades profesionales, científicas y técnicas;Percentil 75;2022;33.102,94
Mujeres;M Actividades profesionales, científicas y técnicas;Percentil 90;2022;46.939,95
Mujeres;69 Actividades jurídicas y de contabilidad;Media;2022;24.367,09
Mujeres;69 Actividades jurídicas y de contabilidad;Percentil 10;2022;9.539,27
Mujeres;69 Actividades jurídicas y de contabilidad;Percentil 25;2022;14.172,25
Mujeres;69 Actividades jurídicas y de contabilidad;Percentil 50;2022;19.527
Mujeres;69 Actividades jurídicas y de contabilidad;Percentil 75;2022;29.316,61
Mujeres;69 Actividades jurídicas y de contabilidad;Percentil 90;2022;44.709,76
Mujeres;70 Actividades de las sedes centrales, actividades de consultoría de gestión empresarial;Media;2022;28.039,23
Mujeres;70 Actividades de las sedes centrales, actividades de consultoría de gestión empresarial;Percentil 10;2022;13.001,65
Mujeres;70 Actividades de las sedes centrales, actividades de consultoría de gestión empresarial;Percentil 25;2022;16.452,73
Mujeres;70 Actividades de las sedes centrales, actividades de consultoría de gestión empresarial;Percentil 50;2022;22.602,98
Mujeres;70 Actividades de las sedes centrales, actividades de consultoría de gestión empresarial;Percentil 75;2022;34.793,93
Mujeres;70 Actividades de las sedes centrales, actividades de consultoría de gestión empresarial;Percentil 90;2022;48.369,86
Mujeres;71 Servicios técnicos de arquitectura e ingeniería, ensayos y análisis técnicos;Media;2022;29.122,14
Mujeres;71 Servicios técnicos de arquitectura e ingeniería, ensayos y análisis técnicos;Percentil 10;2022;14.000,36
Mujeres;71 Servicios técnicos de arquitectura e ingeniería, ensayos y análisis técnicos;Percentil 25;2022;18.557,26
Mujeres;71 Servicios técnicos de arquitectura e ingeniería, ensayos y análisis técnicos;Percentil 50;2022;26.064,96
Mujeres;71 Servicios técnicos de arquitectura e ingeniería, ensayos y análisis técnicos;Percentil 75;2022;35.996,08
Mujeres;71 Servicios técnicos de arquitectura e ingeniería, ensayos y análisis técnicos;Percentil 90;2022;47.559,67
Mujeres;72 Investigación y desarrollo;Media;2022;34.375,27
Mujeres;72 Investigación y desarrollo;Percentil 10;2022;17.802,08
Mujeres;72 Investigación y desarrollo;Percentil 25;2022;22.493,58
Mujeres;72 Investigación y desarrollo;Percentil 50;2022;30.817,32
Mujeres;72 Investigación y desarrollo;Percentil 75;2022;41.310,01
Mujeres;72 Investigación y desarrollo;Percentil 90;2022;57.935,48
Mujeres;73 Publicidad y estudios de mercado;Media;2022;26.663,3
Mujeres;73 Publicidad y estudios de mercado;Percentil 10;2022;11.196,78
Mujeres;73 Publicidad y estudios de mercado;Percentil 25;2022;15.040,74
Mujeres;73 Publicidad y estudios de mercado;Percentil 50;2022;20.530,33
Mujeres;73 Publicidad y estudios de mercado;Percentil 75;2022;30.218,14
Mujeres;73 Publicidad y estudios de mercado;Percentil 90;2022;46.848,51
Mujeres;74 Otras actividades profesionales, científicas y técnicas;Media;2022;25.228,17
Mujeres;74 Otras actividades profesionales, científicas y técnicas;Percentil 10;2022;10.250,88
Mujeres;74 Otras actividades profesionales, científicas y técnicas;Percentil 25;2022;15.805,44
Mujeres;74 Otras actividades profesionales, científicas y técnicas;Percentil 50;2022;22.345,66
Mujeres;74 Otras actividades profesionales, científicas y técnicas;Percentil 75;2022;31.144,03
Mujeres;74 Otras actividades profesionales, científicas y técnicas;Percentil 90;2022;42.499,7
Mujeres;75 Actividades veterinarias;Media;2022;17.058
Mujeres;75 Actividades veterinarias;Percentil 10;2022;7.271,06
Mujeres;75 Actividades veterinarias;Percentil 25;2022;11.843,94
Mujeres;75 Actividades veterinarias;Percentil 50;2022;15.732,09
Mujeres;75 Actividades veterinarias;Percentil 75;2022;21.127,15
Mujeres;75 Actividades veterinarias;Percentil 90;2022;26.463,82
Mujeres;N Actividades administrativas y servicios auxiliares;Media;2022;16.391,55
Mujeres;N Actividades administrativas y servicios auxiliares;Percentil 10;2022;5.865,86
Mujeres;N Actividades administrativas y servicios auxiliares;Percentil 25;2022;9.834,94
Mujeres;N Actividades administrativas y servicios auxiliares;Percentil 50;2022;14.581,65
Mujeres;N Actividades administrativas y servicios auxiliares;Percentil 75;2022;19.520,21
Mujeres;N Actividades administrativas y servicios auxiliares;Percentil 90;2022;26.823,24
Mujeres;77 Actividades de alquiler;Media;2022;23.857,33
Mujeres;77 Actividades de alquiler;Percentil 10;2022;11.473,6
Mujeres;77 Actividades de alquiler;Percentil 25;2022;15.608,41
Mujeres;77 Actividades de alquiler;Percentil 50;2022;20.306,78
Mujeres;77 Actividades de alquiler;Percentil 75;2022;28.877,04
Mujeres;77 Actividades de alquiler;Percentil 90;2022;40.653,89
Mujeres;78 Actividades relacionadas con el empleo;Media;2022;18.791,09
Mujeres;78 Actividades relacionadas con el empleo;Percentil 10;2022;9.916,43
Mujeres;78 Actividades relacionadas con el empleo;Percentil 25;2022;13.924,47
Mujeres;78 Actividades relacionadas con el empleo;Percentil 50;2022;17.056,87
Mujeres;78 Actividades relacionadas con el empleo;Percentil 75;2022;21.999,92
Mujeres;78 Actividades relacionadas con el empleo;Percentil 90;2022;28.302,03
Mujeres;79 Actividades de agencias de viajes, operadores turísticos, servicios de reservas y actividades relacionadas con los mismos;Media;2022;24.757,18
Mujeres;79 Actividades de agencias de viajes, operadores turísticos, servicios de reservas y actividades relacionadas con los mismos;Percentil 10;2022;10.880,84
Mujeres;79 Actividades de agencias de viajes, operadores turísticos, servicios de reservas y actividades relacionadas con los mismos;Percentil 25;2022;16.531,61
Mujeres;79 Actividades de agencias de viajes, operadores turísticos, servicios de reservas y actividades relacionadas con los mismos;Percentil 50;2022;22.559,59
Mujeres;79 Actividades de agencias de viajes, operadores turísticos, servicios de reservas y actividades relacionadas con los mismos;Percentil 75;2022;29.996,71
Mujeres;79 Actividades de agencias de viajes, operadores turísticos, servicios de reservas y actividades relacionadas con los mismos;Percentil 90;2022;40.646,17
Mujeres;80 Actividades de seguridad e investigación;Media;2022;20.740,38
Mujeres;80 Actividades de seguridad e investigación;Percentil 10;2022;13.092,55
Mujeres;80 Actividades de seguridad e investigación;Percentil 25;2022;16.867,99
Mujeres;80 Actividades de seguridad e investigación;Percentil 50;2022;20.078,31
Mujeres;80 Actividades de seguridad e investigación;Percentil 75;2022;23.258,37
Mujeres;80 Actividades de seguridad e investigación;Percentil 90;2022;27.877,89
Mujeres;81 Servicios a edificios y actividades de jardinería;Media;2022;12.857,3
Mujeres;81 Servicios a edificios y actividades de jardinería;Percentil 10;2022;4.751,08
Mujeres;81 Servicios a edificios y actividades de jardinería;Percentil 25;2022;7.974,6
Mujeres;81 Servicios a edificios y actividades de jardinería;Percentil 50;2022;12.131,92
Mujeres;81 Servicios a edificios y actividades de jardinería;Percentil 75;2022;16.477,76
Mujeres;81 Servicios a edificios y actividades de jardinería;Percentil 90;2022;20.959,33
Mujeres;82 Actividades administrativas de oficina y otras actividades auxiliares a las empresas;Media;2022;20.141,53
Mujeres;82 Actividades administrativas de oficina y otras actividades auxiliares a las empresas;Percentil 10;2022;8.476,69
Mujeres;82 Actividades administrativas de oficina y otras actividades auxiliares a las empresas;Percentil 25;2022;12.218,77
Mujeres;82 Actividades administrativas de oficina y otras actividades auxiliares a las empresas;Percentil 50;2022;15.826,73
Mujeres;82 Actividades administrativas de oficina y otras actividades auxiliares a las empresas;Percentil 75;2022;21.403,05
Mujeres;82 Actividades administrativas de oficina y otras actividades auxiliares a las empresas;Percentil 90;2022;34.458,37
Mujeres;O Administración Pública y defensa, Seguridad Social obligatoria;Media;2022;32.272,17
Mujeres;O Administración Pública y defensa, Seguridad Social obligatoria;Percentil 10;2022;15.867,33
Mujeres;O Administración Pública y defensa, Seguridad Social obligatoria;Percentil 25;2022;23.149,68
Mujeres;O Administración Pública y defensa, Seguridad Social obligatoria;Percentil 50;2022;30.885,23
Mujeres;O Administración Pública y defensa, Seguridad Social obligatoria;Percentil 75;2022;39.395,22
Mujeres;O Administración Pública y defensa, Seguridad Social obligatoria;Percentil 90;2022;49.116,5
Mujeres;84 Administración Pública y defensa, Seguridad Social obligatoria;Media;2022;32.272,17
Mujeres;84 Administración Pública y defensa, Seguridad Social obligatoria;Percentil 10;2022;15.867,33
Mujeres;84 Administración Pública y defensa, Seguridad Social obligatoria;Percentil 25;2022;23.149,68
Mujeres;84 Administración Pública y defensa, Seguridad Social obligatoria;Percentil 50;2022;30.885,23
Mujeres;84 Administración Pública y defensa, Seguridad Social obligatoria;Percentil 75;2022;39.395,22
Mujeres;84 Administración Pública y defensa, Seguridad Social obligatoria;Percentil 90;2022;49.116,5
Mujeres;P Educación;Media;2022;28.258,5
Mujeres;P Educación;Percentil 10;2022;7.747,76
Mujeres;P Educación;Percentil 25;2022;15.931,14
Mujeres;P Educación;Percentil 50;2022;30.326,08
Mujeres;P Educación;Percentil 75;2022;37.921,26
Mujeres;P Educación;Percentil 90;2022;45.570,75
Mujeres;85 Educación;Media;2022;28.258,5
Mujeres;85 Educación;Percentil 10;2022;7.747,76
Mujeres;85 Educación;Percentil 25;2022;15.931,14
Mujeres;85 Educación;Percentil 50;2022;30.326,08
Mujeres;85 Educación;Percentil 75;2022;37.921,26
Mujeres;85 Educación;Percentil 90;2022;45.570,75
Mujeres;Q Actividades sanitarias y de servicios sociales;Media;2022;28.312,57
Mujeres;Q Actividades sanitarias y de servicios sociales;Percentil 10;2022;11.047,77
Mujeres;Q Actividades sanitarias y de servicios sociales;Percentil 25;2022;15.604,31
Mujeres;Q Actividades sanitarias y de servicios sociales;Percentil 50;2022;23.582,7
Mujeres;Q Actividades sanitarias y de servicios sociales;Percentil 75;2022;35.671,93
Mujeres;Q Actividades sanitarias y de servicios sociales;Percentil 90;2022;52.255,28
Mujeres;86 Actividades sanitarias;Media;2022;34.317,23
Mujeres;86 Actividades sanitarias;Percentil 10;2022;13.873,95
Mujeres;86 Actividades sanitarias;Percentil 25;2022;21.310,37
Mujeres;86 Actividades sanitarias;Percentil 50;2022;28.820,66
Mujeres;86 Actividades sanitarias;Percentil 75;2022;44.208,5
Mujeres;86 Actividades sanitarias;Percentil 90;2022;63.351,2
Mujeres;87 Asistencia en establecimientos residenciales;Media;2022;18.266,24
Mujeres;87 Asistencia en establecimientos residenciales;Percentil 10;2022;11.201,66
Mujeres;87 Asistencia en establecimientos residenciales;Percentil 25;2022;14.144,58
Mujeres;87 Asistencia en establecimientos residenciales;Percentil 50;2022;16.649
Mujeres;87 Asistencia en establecimientos residenciales;Percentil 75;2022;20.572,01
Mujeres;87 Asistencia en establecimientos residenciales;Percentil 90;2022;27.561,99
Mujeres;88 Actividades de servicios sociales sin alojamiento;Media;2022;16.952,19
Mujeres;88 Actividades de servicios sociales sin alojamiento;Percentil 10;2022;7.030,78
Mujeres;88 Actividades de servicios sociales sin alojamiento;Percentil 25;2022;11.254,8
Mujeres;88 Actividades de servicios sociales sin alojamiento;Percentil 50;2022;15.218,75
Mujeres;88 Actividades de servicios sociales sin alojamiento;Percentil 75;2022;21.351,63
Mujeres;88 Actividades de servicios sociales sin alojamiento;Percentil 90;2022;27.470,48
Mujeres;R Actividades artísticas, recreativas y de entretenimiento;Media;2022;17.268,37
Mujeres;R Actividades artísticas, recreativas y de entretenimiento;Percentil 10;2022;4.715,75
Mujeres;R Actividades artísticas, recreativas y de entretenimiento;Percentil 25;2022;8.587,12
Mujeres;R Actividades artísticas, recreativas y de entretenimiento;Percentil 50;2022;14.172,58
Mujeres;R Actividades artísticas, recreativas y de entretenimiento;Percentil 75;2022;21.035,45
Mujeres;R Actividades artísticas, recreativas y de entretenimiento;Percentil 90;2022;32.960,89
Mujeres;90 Actividades de creación, artísticas y espectáculos;Media;2022;25.444,01
Mujeres;90 Actividades de creación, artísticas y espectáculos;Percentil 10;2022;5.999,34
Mujeres;90 Actividades de creación, artísticas y espectáculos;Percentil 25;2022;13.337,92
Mujeres;90 Actividades de creación, artísticas y espectáculos;Percentil 50;2022;21.386,8
Mujeres;90 Actividades de creación, artísticas y espectáculos;Percentil 75;2022;35.443,52
Mujeres;90 Actividades de creación, artísticas y espectáculos;Percentil 90;2022;51.023,14
Mujeres;91 Actividades de bibliotecas, archivos, museos y otras actividades culturales;Media;2022;24.347,45
Mujeres;91 Actividades de bibliotecas, archivos, museos y otras actividades culturales;Percentil 10;2022;9.254,88
Mujeres;91 Actividades de bibliotecas, archivos, museos y otras actividades culturales;Percentil 25;2022;14.123,47
Mujeres;91 Actividades de bibliotecas, archivos, museos y otras actividades culturales;Percentil 50;2022;21.111,45
Mujeres;91 Actividades de bibliotecas, archivos, museos y otras actividades culturales;Percentil 75;2022;31.449,92
Mujeres;91 Actividades de bibliotecas, archivos, museos y otras actividades culturales;Percentil 90;2022;43.995,57
Mujeres;92 Actividades de juegos de azar y apuestas;Media;2022;20.591,37
Mujeres;92 Actividades de juegos de azar y apuestas;Percentil 10;2022;8.291,39
Mujeres;92 Actividades de juegos de azar y apuestas;Percentil 25;2022;12.558,49
Mujeres;92 Actividades de juegos de azar y apuestas;Percentil 50;2022;17.568,18
Mujeres;92 Actividades de juegos de azar y apuestas;Percentil 75;2022;24.902,2
Mujeres;92 Actividades de juegos de azar y apuestas;Percentil 90;2022;34.895,45
Mujeres;93 Actividades deportivas, recreativas y de entretenimiento;Media;2022;13.781,6
Mujeres;93 Actividades deportivas, recreativas y de entretenimiento;Percentil 10;2022;3.959,33
Mujeres;93 Actividades deportivas, recreativas y de entretenimiento;Percentil 25;2022;6.894,66
Mujeres;93 Actividades deportivas, recreativas y de entretenimiento;Percentil 50;2022;12.222,92
Mujeres;93 Actividades deportivas, recreativas y de entretenimiento;Percentil 75;2022;16.713,11
Mujeres;93 Actividades deportivas, recreativas y de entretenimiento;Percentil 90;2022;24.569,55
Mujeres;S Otros servicios;Media;2022;16.590,01
Mujeres;S Otros servicios;Percentil 10;2022;7.393,4
Mujeres;S Otros servicios;Percentil 25;2022;11.062,31
Mujeres;S Otros servicios;Percentil 50;2022;14.760,39
Mujeres;S Otros servicios;Percentil 75;2022;19.730,27
Mujeres;S Otros servicios;Percentil 90;2022;28.220,25
Mujeres;94 Actividades asociativas;Media;2022;21.368,68
Mujeres;94 Actividades asociativas;Percentil 10;2022;7.334,98
Mujeres;94 Actividades asociativas;Percentil 25;2022;12.723,27
Mujeres;94 Actividades asociativas;Percentil 50;2022;20.203,88
Mujeres;94 Actividades asociativas;Percentil 75;2022;27.545,01
Mujeres;94 Actividades asociativas;Percentil 90;2022;35.982,84
Mujeres;95 Reparación de ordenadores, efectos personales y artículos de uso doméstico;Media;2022;-20.046,46
Mujeres;95 Reparación de ordenadores, efectos personales y artículos de uso doméstico;Percentil 10;2022;-7.698,6
Mujeres;95 Reparación de ordenadores, efectos personales y artículos de uso doméstico;Percentil 25;2022;-13.325
Mujeres;95 Reparación de ordenadores, efectos personales y artículos de uso doméstico;Percentil 50;2022;-18.190,6
Mujeres;95 Reparación de ordenadores, efectos personales y artículos de uso doméstico;Percentil 75;2022;-24.134,63
Mujeres;95 Reparación de ordenadores, efectos personales y artículos de uso doméstico;Percentil 90;2022;-34.221,72
Mujeres;96 Otros servicios personales;Media;2022;13.691,76
Mujeres;96 Otros servicios personales;Percentil 10;2022;7.393,4
Mujeres;96 Otros servicios personales;Percentil 25;2022;10.432,79
Mujeres;96 Otros servicios personales;Percentil 50;2022;14.000
Mujeres;96 Otros servicios personales;Percentil 75;2022;15.371,39
Mujeres;96 Otros servicios personales;Percentil 90;2022;19.430,83
Hombres;B_S Todas las secciones;Media;2022;29.381,84
Hombres;B_S Todas las secciones;Percentil 10;2022;13.943,78
Hombres;B_S Todas las secciones;Percentil 25;2022;18.000
Hombres;B_S Todas las secciones;Percentil 50;2022;24.238,23
Hombres;B_S Todas las secciones;Percentil 75;2022;35.899,29
Hombres;B_S Todas las secciones;Percentil 90;2022;51.637,49
Hombres;B Industrias extractivas;Media;2022;35.064,02
Hombres;B Industrias extractivas;Percentil 10;2022;18.471,25
Hombres;B Industrias extractivas;Percentil 25;2022;22.101
Hombres;B Industrias extractivas;Percentil 50;2022;29.763,03
Hombres;B Industrias extractivas;Percentil 75;2022;41.272,84
Hombres;B Industrias extractivas;Percentil 90;2022;58.784,01
Hombres;C Industria manufacturera;Media;2022;31.544,67
Hombres;C Industria manufacturera;Percentil 10;2022;16.543,97
Hombres;C Industria manufacturera;Percentil 25;2022;20.588,73
Hombres;C Industria manufacturera;Percentil 50;2022;27.165,22
Hombres;C Industria manufacturera;Percentil 75;2022;37.789,36
Hombres;C Industria manufacturera;Percentil 90;2022;52.173,21
Hombres;10 Industria de la alimentación;Media;2022;26.444,62
Hombres;10 Industria de la alimentación;Percentil 10;2022;15.422,47
Hombres;10 Industria de la alimentación;Percentil 25;2022;18.505,51
Hombres;10 Industria de la alimentación;Percentil 50;2022;23.291,89
Hombres;10 Industria de la alimentación;Percentil 75;2022;30.390,88
Hombres;10 Industria de la alimentación;Percentil 90;2022;40.954,82
Hombres;11 Fabricación de bebidas;Media;2022;35.065,13
Hombres;11 Fabricación de bebidas;Percentil 10;2022;15.704
Hombres;11 Fabricación de bebidas;Percentil 25;2022;21.314
Hombres;11 Fabricación de bebidas;Percentil 50;2022;29.965,56
Hombres;11 Fabricación de bebidas;Percentil 75;2022;44.344,13
Hombres;11 Fabricación de bebidas;Percentil 90;2022;60.820,96
Hombres;12 Industria del tabaco;Media;2022;-49.564,06
Hombres;12 Industria del tabaco;Percentil 10;2022;-20.799,29
Hombres;12 Industria del tabaco;Percentil 25;2022;-27.044,47
Hombres;12 Industria del tabaco;Percentil 50;2022;-45.519,26
Hombres;12 Industria del tabaco;Percentil 75;2022;-60.271,32
Hombres;12 Industria del tabaco;Percentil 90;2022;-74.553,46
Hombres;13 Industria textil;Media;2022;25.084,01
Hombres;13 Industria textil;Percentil 10;2022;14.085,52
Hombres;13 Industria textil;Percentil 25;2022;16.698,41
Hombres;13 Industria textil;Percentil 50;2022;21.363,23
Hombres;13 Industria textil;Percentil 75;2022;28.661
Hombres;13 Industria textil;Percentil 90;2022;39.341,92
Hombres;14 Confección de prendas de vestir;Media;2022;-28.933,09
Hombres;14 Confección de prendas de vestir;Percentil 10;2022;-14.081,76
Hombres;14 Confección de prendas de vestir;Percentil 25;2022;-16.204,27
Hombres;14 Confección de prendas de vestir;Percentil 50;2022;-20.156,8
Hombres;14 Confección de prendas de vestir;Percentil 75;2022;-35.367,71
Hombres;14 Confección de prendas de vestir;Percentil 90;2022;-58.846,79
Hombres;15 Industria del cuero y del calzado;Media;2022;19.921,41
Hombres;15 Industria del cuero y del calzado;Percentil 10;2022;13.300,52
Hombres;15 Industria del cuero y del calzado;Percentil 25;2022;15.677,81
Hombres;15 Industria del cuero y del calzado;Percentil 50;2022;18.117,18
Hombres;15 Industria del cuero y del calzado;Percentil 75;2022;22.284,78
Hombres;15 Industria del cuero y del calzado;Percentil 90;2022;27.062,69
Hombres;16 Industria de la madera y del corcho, excepto muebles, cestería y espartería;Media;2022;23.000,29
Hombres;16 Industria de la madera y del corcho, excepto muebles, cestería y espartería;Percentil 10;2022;14.744,56
Hombres;16 Industria de la madera y del corcho, excepto muebles, cestería y espartería;Percentil 25;2022;17.191,84
Hombres;16 Industria de la madera y del corcho, excepto muebles, cestería y espartería;Percentil 50;2022;20.737,53
Hombres;16 Industria de la madera y del corcho, excepto muebles, cestería y espartería;Percentil 75;2022;25.746,25
Hombres;16 Industria de la madera y del corcho, excepto muebles, cestería y espartería;Percentil 90;2022;34.407,13
Hombres;17 Industria del papel;Media;2022;32.565,62
Hombres;17 Industria del papel;Percentil 10;2022;16.566,28
Hombres;17 Industria del papel;Percentil 25;2022;20.565,18
Hombres;17 Industria del papel;Percentil 50;2022;28.891,09
Hombres;17 Industria del papel;Percentil 75;2022;39.218,55
Hombres;17 Industria del papel;Percentil 90;2022;54.054,47
Hombres;18 Artes gráficas y reproducción de soportes grabados;Media;2022;26.470,07
Hombres;18 Artes gráficas y reproducción de soportes grabados;Percentil 10;2022;14.395,6
Hombres;18 Artes gráficas y reproducción de soportes grabados;Percentil 25;2022;17.417,89
Hombres;18 Artes gráficas y reproducción de soportes grabados;Percentil 50;2022;22.878
Hombres;18 Artes gráficas y reproducción de soportes grabados;Percentil 75;2022;31.593,85
Hombres;18 Artes gráficas y reproducción de soportes grabados;Percentil 90;2022;43.977,61
Hombres;19 Coquerías y refino de petróleo;Media;2022;-66.163,69
Hombres;19 Coquerías y refino de petróleo;Percentil 10;2022;-44.593,44
Hombres;19 Coquerías y refino de petróleo;Percentil 25;2022;-55.722,06
Hombres;19 Coquerías y refino de petróleo;Percentil 50;2022;-67.174,28
Hombres;19 Coquerías y refino de petróleo;Percentil 75;2022;-77.646,83
Hombres;19 Coquerías y refino de petróleo;Percentil 90;2022;-87.103,17
Hombres;20 Industria química;Media;2022;39.395,57
Hombres;20 Industria química;Percentil 10;2022;18.908,27
Hombres;20 Industria química;Percentil 25;2022;24.363
Hombres;20 Industria química;Percentil 50;2022;34.563,64
Hombres;20 Industria química;Percentil 75;2022;49.860,7
Hombres;20 Industria química;Percentil 90;2022;66.837,4
Hombres;21 Fabricación de productos farmacéuticos;Media;2022;44.902,29
Hombres;21 Fabricación de productos farmacéuticos;Percentil 10;2022;23.791,3
Hombres;21 Fabricación de productos farmacéuticos;Percentil 25;2022;30.179,64
Hombres;21 Fabricación de productos farmacéuticos;Percentil 50;2022;39.149,76
Hombres;21 Fabricación de productos farmacéuticos;Percentil 75;2022;52.303,15
Hombres;21 Fabricación de productos farmacéuticos;Percentil 90;2022;76.479,38
Hombres;22 Fabricación de productos de caucho y plásticos;Media;2022;30.772,54
Hombres;22 Fabricación de productos de caucho y plásticos;Percentil 10;2022;17.877,91
Hombres;22 Fabricación de productos de caucho y plásticos;Percentil 25;2022;20.998,52
Hombres;22 Fabricación de productos de caucho y plásticos;Percentil 50;2022;27.533,53
Hombres;22 Fabricación de productos de caucho y plásticos;Percentil 75;2022;37.490,15
Hombres;22 Fabricación de productos de caucho y plásticos;Percentil 90;2022;46.604,47
Hombres;23 Fabricación de otros productos minerales no metálicos;Media;2022;32.322,57
Hombres;23 Fabricación de otros productos minerales no metálicos;Percentil 10;2022;17.673,49
Hombres;23 Fabricación de otros productos minerales no metálicos;Percentil 25;2022;21.091,37
Hombres;23 Fabricación de otros productos minerales no metálicos;Percentil 50;2022;27.675,86
Hombres;23 Fabricación de otros productos minerales no metálicos;Percentil 75;2022;37.801,08
Hombres;23 Fabricación de otros productos minerales no metálicos;Percentil 90;2022;52.947,86
Hombres;24 Metalurgia, fabricación de productos de hierro, acero y ferroaleaciones;Media;2022;36.845,79
Hombres;24 Metalurgia, fabricación de productos de hierro, acero y ferroaleaciones;Percentil 10;2022;20.466,04
Hombres;24 Metalurgia, fabricación de productos de hierro, acero y ferroaleaciones;Percentil 25;2022;26.555,95
Hombres;24 Metalurgia, fabricación de productos de hierro, acero y ferroaleaciones;Percentil 50;2022;35.110,53
Hombres;24 Metalurgia, fabricación de productos de hierro, acero y ferroaleaciones;Percentil 75;2022;45.637,1
Hombres;24 Metalurgia, fabricación de productos de hierro, acero y ferroaleaciones;Percentil 90;2022;54.202,46
Hombres;25 Fabricación de productos metálicos, excepto maquinaria y equipo;Media;2022;27.383,14
Hombres;25 Fabricación de productos metálicos, excepto maquinaria y equipo;Percentil 10;2022;17.583,14
Hombres;25 Fabricación de productos metálicos, excepto maquinaria y equipo;Percentil 25;2022;20.411,06
Hombres;25 Fabricación de productos metálicos, excepto maquinaria y equipo;Percentil 50;2022;24.614,12
Hombres;25 Fabricación de productos metálicos, excepto maquinaria y equipo;Percentil 75;2022;31.420,78
Hombres;25 Fabricación de productos metálicos, excepto maquinaria y equipo;Percentil 90;2022;39.858,82
Hombres;26 Fabricación de productos informáticos, electrónicos y ópticos;Media;2022;36.274,22
Hombres;26 Fabricación de productos informáticos, electrónicos y ópticos;Percentil 10;2022;19.056
Hombres;26 Fabricación de productos informáticos, electrónicos y ópticos;Percentil 25;2022;24.024,37
Hombres;26 Fabricación de productos informáticos, electrónicos y ópticos;Percentil 50;2022;30.626,74
Hombres;26 Fabricación de productos informáticos, electrónicos y ópticos;Percentil 75;2022;42.591,71
Hombres;26 Fabricación de productos informáticos, electrónicos y ópticos;Percentil 90;2022;65.321,38
Hombres;27 Fabricación de material y equipo eléctrico;Media;2022;35.961,3
Hombres;27 Fabricación de material y equipo eléctrico;Percentil 10;2022;19.813,09
Hombres;27 Fabricación de material y equipo eléctrico;Percentil 25;2022;24.644,9
Hombres;27 Fabricación de material y equipo eléctrico;Percentil 50;2022;31.705,56
Hombres;27 Fabricación de material y equipo eléctrico;Percentil 75;2022;42.141,42
Hombres;27 Fabricación de material y equipo eléctrico;Percentil 90;2022;59.281,58
Hombres;28 Fabricación de maquinaria y equipo n.c.o.p.;Media;2022;33.934,06
Hombres;28 Fabricación de maquinaria y equipo n.c.o.p.;Percentil 10;2022;19.546,16
Hombres;28 Fabricación de maquinaria y equipo n.c.o.p.;Percentil 25;2022;23.288,03
Hombres;28 Fabricación de maquinaria y equipo n.c.o.p.;Percentil 50;2022;30.219,22
Hombres;28 Fabricación de maquinaria y equipo n.c.o.p.;Percentil 75;2022;39.730,52
Hombres;28 Fabricación de maquinaria y equipo n.c.o.p.;Percentil 90;2022;52.117,13
Hombres;29 Fabricación de vehículos de motor, remolques y semirremolques;Media;2022;37.673,39
Hombres;29 Fabricación de vehículos de motor, remolques y semirremolques;Percentil 10;2022;21.012,15
Hombres;29 Fabricación de vehículos de motor, remolques y semirremolques;Percentil 25;2022;27.811,35
Hombres;29 Fabricación de vehículos de motor, remolques y semirremolques;Percentil 50;2022;35.263,52
Hombres;29 Fabricación de vehículos de motor, remolques y semirremolques;Percentil 75;2022;46.033,86
Hombres;29 Fabricación de vehículos de motor, remolques y semirremolques;Percentil 90;2022;56.693,47
Hombres;30 Fabricación de otro material de transporte;Media;2022;46.955,4
Hombres;30 Fabricación de otro material de transporte;Percentil 10;2022;21.384,7
Hombres;30 Fabricación de otro material de transporte;Percentil 25;2022;28.834,5
Hombres;30 Fabricación de otro material de transporte;Percentil 50;2022;44.568,58
Hombres;30 Fabricación de otro material de transporte;Percentil 75;2022;58.510,3
Hombres;30 Fabricación de otro material de transporte;Percentil 90;2022;76.314,29
Hombres;31 Fabricación de muebles;Media;2022;22.994,1
Hombres;31 Fabricación de muebles;Percentil 10;2022;14.984,82
Hombres;31 Fabricación de muebles;Percentil 25;2022;17.468,48
Hombres;31 Fabricación de muebles;Percentil 50;2022;20.627,8
Hombres;31 Fabricación de muebles;Percentil 75;2022;25.729,04
Hombres;31 Fabricación de muebles;Percentil 90;2022;33.160,35
Hombres;32 Otras industrias manufactureras;Media;2022;26.369,33
Hombres;32 Otras industrias manufactureras;Percentil 10;2022;13.920
Hombres;32 Otras industrias manufactureras;Percentil 25;2022;18.632,37
Hombres;32 Otras industrias manufactureras;Percentil 50;2022;23.441,24
Hombres;32 Otras industrias manufactureras;Percentil 75;2022;30.087,04
Hombres;32 Otras industrias manufactureras;Percentil 90;2022;43.545,61
Hombres;33 Reparación e instalación de maquinaria y equipo;Media;2022;29.240,77
Hombres;33 Reparación e instalación de maquinaria y equipo;Percentil 10;2022;16.531,11
Hombres;33 Reparación e instalación de maquinaria y equipo;Percentil 25;2022;21.124,96
Hombres;33 Reparación e instalación de maquinaria y equipo;Percentil 50;2022;26.503,86
Hombres;33 Reparación e instalación de maquinaria y equipo;Percentil 75;2022;34.166,6
Hombres;33 Reparación e instalación de maquinaria y equipo;Percentil 90;2022;44.274,09
Hombres;D Suministro de energía eléctrica, gas, vapor y aire acondicionado;Media;2022;57.488,36
Hombres;D Suministro de energía eléctrica, gas, vapor y aire acondicionado;Percentil 10;2022;23.592,25
Hombres;D Suministro de energía eléctrica, gas, vapor y aire acondicionado;Percentil 25;2022;37.953,75
Hombres;D Suministro de energía eléctrica, gas, vapor y aire acondicionado;Percentil 50;2022;57.493,57
Hombres;D Suministro de energía eléctrica, gas, vapor y aire acondicionado;Percentil 75;2022;73.284,27
Hombres;D Suministro de energía eléctrica, gas, vapor y aire acondicionado;Percentil 90;2022;89.007,49
Hombres;35 Suministro de energía eléctrica, gas, vapor y aire acondicionado;Media;2022;57.488,36
Hombres;35 Suministro de energía eléctrica, gas, vapor y aire acondicionado;Percentil 10;2022;23.592,25
Hombres;35 Suministro de energía eléctrica, gas, vapor y aire acondicionado;Percentil 25;2022;37.953,75
Hombres;35 Suministro de energía eléctrica, gas, vapor y aire acondicionado;Percentil 50;2022;57.493,57
Hombres;35 Suministro de energía eléctrica, gas, vapor y aire acondicionado;Percentil 75;2022;73.284,27
Hombres;35 Suministro de energía eléctrica, gas, vapor y aire acondicionado;Percentil 90;2022;89.007,49
Hombres;E Suministro de agua, actividades de saneamiento, gestión de residuos y descontaminación;Media;2022;30.972,7
Hombres;E Suministro de agua, actividades de saneamiento, gestión de residuos y descontaminación;Percentil 10;2022;17.004,31
Hombres;E Suministro de agua, actividades de saneamiento, gestión de residuos y descontaminación;Percentil 25;2022;21.909,12
Hombres;E Suministro de agua, actividades de saneamiento, gestión de residuos y descontaminación;Percentil 50;2022;29.014,59
Hombres;E Suministro de agua, actividades de saneamiento, gestión de residuos y descontaminación;Percentil 75;2022;37.083,88
Hombres;E Suministro de agua, actividades de saneamiento, gestión de residuos y descontaminación;Percentil 90;2022;47.301,74
Hombres;36 Captación, depuración y distribución de agua;Media;2022;35.203,41
Hombres;36 Captación, depuración y distribución de agua;Percentil 10;2022;20.216,47
Hombres;36 Captación, depuración y distribución de agua;Percentil 25;2022;24.594,72
Hombres;36 Captación, depuración y distribución de agua;Percentil 50;2022;32.000,85
Hombres;36 Captación, depuración y distribución de agua;Percentil 75;2022;42.618,38
Hombres;36 Captación, depuración y distribución de agua;Percentil 90;2022;56.042,2
Hombres;37 Recogida y tratamiento de aguas residuales;Media;2022;28.750,57
Hombres;37 Recogida y tratamiento de aguas residuales;Percentil 10;2022;17.741,26
Hombres;37 Recogida y tratamiento de aguas residuales;Percentil 25;2022;22.053,71
Hombres;37 Recogida y tratamiento de aguas residuales;Percentil 50;2022;26.169,38
Hombres;37 Recogida y tratamiento de aguas residuales;Percentil 75;2022;32.425,82
Hombres;37 Recogida y tratamiento de aguas residuales;Percentil 90;2022;42.962,33
Hombres;38 Recogida, tratamiento y eliminación de residuos, valorización;Media;2022;29.346,55
Hombres;38 Recogida, tratamiento y eliminación de residuos, valorización;Percentil 10;2022;16.131,74
Hombres;38 Recogida, tratamiento y eliminación de residuos, valorización;Percentil 25;2022;20.807,06
Hombres;38 Recogida, tratamiento y eliminación de residuos, valorización;Percentil 50;2022;28.046,8
Hombres;38 Recogida, tratamiento y eliminación de residuos, valorización;Percentil 75;2022;35.872,35
Hombres;38 Recogida, tratamiento y eliminación de residuos, valorización;Percentil 90;2022;43.111,33
Hombres;39 Actividades de descontaminación y otros servicios de gestión de residuos;Media;2022;-24.825,75
Hombres;39 Actividades de descontaminación y otros servicios de gestión de residuos;Percentil 10;2022;-14.516,98
Hombres;39 Actividades de descontaminación y otros servicios de gestión de residuos;Percentil 25;2022;-18.174
Hombres;39 Actividades de descontaminación y otros servicios de gestión de residuos;Percentil 50;2022;-23.054,52
Hombres;39 Actividades de descontaminación y otros servicios de gestión de residuos;Percentil 75;2022;-29.033,46
Hombres;39 Actividades de descontaminación y otros servicios de gestión de residuos;Percentil 90;2022;-35.743,93
Hombres;F Construcción;Media;2022;25.001,32
Hombres;F Construcción;Percentil 10;2022;15.856,83
Hombres;F Construcción;Percentil 25;2022;18.594,64
Hombres;F Construcción;Percentil 50;2022;21.899,6
Hombres;F Construcción;Percentil 75;2022;27.647,95
Hombres;F Construcción;Percentil 90;2022;37.388,68
Hombres;41 Construcción de edificios;Media;2022;25.132,03
Hombres;41 Construcción de edificios;Percentil 10;2022;15.947,16
Hombres;41 Construcción de edificios;Percentil 25;2022;18.479,72
Hombres;41 Construcción de edificios;Percentil 50;2022;21.542,76
Hombres;41 Construcción de edificios;Percentil 75;2022;27.213,07
Hombres;41 Construcción de edificios;Percentil 90;2022;38.086,24
Hombres;42 Ingeniería civil;Media;2022;30.632,85
Hombres;42 Ingeniería civil;Percentil 10;2022;18.021,57
Hombres;42 Ingeniería civil;Percentil 25;2022;21.492,81
Hombres;42 Ingeniería civil;Percentil 50;2022;26.616,28
Hombres;42 Ingeniería civil;Percentil 75;2022;34.559,17
Hombres;42 Ingeniería civil;Percentil 90;2022;48.688,96
Hombres;43 Actividades de construcción especializada;Media;2022;24.353,12
Hombres;43 Actividades de construcción especializada;Percentil 10;2022;15.645,81
Hombres;43 Actividades de construcción especializada;Percentil 25;2022;18.548,67
Hombres;43 Actividades de construcción especializada;Percentil 50;2022;21.782,79
Hombres;43 Actividades de construcción especializada;Percentil 75;2022;27.274,57
Hombres;43 Actividades de construcción especializada;Percentil 90;2022;35.613,01
Hombres;G Comercio al por mayor y al por menor, reparación de vehículos de motor y motocicletas;Media;2022;26.378,32
Hombres;G Comercio al por mayor y al por menor, reparación de vehículos de motor y motocicletas;Percentil 10;2022;14.001,36
Hombres;G Comercio al por mayor y al por menor, reparación de vehículos de motor y motocicletas;Percentil 25;2022;16.684,84
Hombres;G Comercio al por mayor y al por menor, reparación de vehículos de motor y motocicletas;Percentil 50;2022;21.357,2
Hombres;G Comercio al por mayor y al por menor, reparación de vehículos de motor y motocicletas;Percentil 75;2022;29.719,04
Hombres;G Comercio al por mayor y al por menor, reparación de vehículos de motor y motocicletas;Percentil 90;2022;44.792,21
Hombres;45 Venta y reparación de vehículos de motor y motocicletas;Media;2022;25.208,62
Hombres;45 Venta y reparación de vehículos de motor y motocicletas;Percentil 10;2022;15.421,8
Hombres;45 Venta y reparación de vehículos de motor y motocicletas;Percentil 25;2022;18.580,7
Hombres;45 Venta y reparación de vehículos de motor y motocicletas;Percentil 50;2022;22.379,8
Hombres;45 Venta y reparación de vehículos de motor y motocicletas;Percentil 75;2022;28.535,87
Hombres;45 Venta y reparación de vehículos de motor y motocicletas;Percentil 90;2022;36.956,44
Hombres;46 Comercio al por mayor e intermediarios del comercio, excepto de vehículos de motor y motocicletas;Media;2022;30.052,57
Hombres;46 Comercio al por mayor e intermediarios del comercio, excepto de vehículos de motor y motocicletas;Percentil 10;2022;14.620,2
Hombres;46 Comercio al por mayor e intermediarios del comercio, excepto de vehículos de motor y motocicletas;Percentil 25;2022;17.097,24
Hombres;46 Comercio al por mayor e intermediarios del comercio, excepto de vehículos de motor y motocicletas;Percentil 50;2022;23.133,73
Hombres;46 Comercio al por mayor e intermediarios del comercio, excepto de vehículos de motor y motocicletas;Percentil 75;2022;35.522,43
Hombres;46 Comercio al por mayor e intermediarios del comercio, excepto de vehículos de motor y motocicletas;Percentil 90;2022;55.270,5
Hombres;47 Comercio al por menor, excepto de vehículos de motor y motocicletas;Media;2022;22.900,21
Hombres;47 Comercio al por menor, excepto de vehículos de motor y motocicletas;Percentil 10;2022;13.108,32
Hombres;47 Comercio al por menor, excepto de vehículos de motor y motocicletas;Percentil 25;2022;15.376,4
Hombres;47 Comercio al por menor, excepto de vehículos de motor y motocicletas;Percentil 50;2022;19.299,24
Hombres;47 Comercio al por menor, excepto de vehículos de motor y motocicletas;Percentil 75;2022;25.537,26
Hombres;47 Comercio al por menor, excepto de vehículos de motor y motocicletas;Percentil 90;2022;36.719,74
Hombres;H Transporte y almacenamiento;Media;2022;27.598,32
Hombres;H Transporte y almacenamiento;Percentil 10;2022;14.109,78
Hombres;H Transporte y almacenamiento;Percentil 25;2022;17.545,43
Hombres;H Transporte y almacenamiento;Percentil 50;2022;23.770,8
Hombres;H Transporte y almacenamiento;Percentil 75;2022;32.775,41
Hombres;H Transporte y almacenamiento;Percentil 90;2022;45.862,83
Hombres;49 Transporte terrestre y por tubería;Media;2022;25.637,51
Hombres;49 Transporte terrestre y por tubería;Percentil 10;2022;13.989,24
Hombres;49 Transporte terrestre y por tubería;Percentil 25;2022;16.880,76
Hombres;49 Transporte terrestre y por tubería;Percentil 50;2022;22.752,22
Hombres;49 Transporte terrestre y por tubería;Percentil 75;2022;30.585,22
Hombres;49 Transporte terrestre y por tubería;Percentil 90;2022;43.351,11
Hombres;50 Transporte marítimo y por vías navegables interiores;Media;2022;33.603,05
Hombres;50 Transporte marítimo y por vías navegables interiores;Percentil 10;2022;15.540,71
Hombres;50 Transporte marítimo y por vías navegables interiores;Percentil 25;2022;20.285
Hombres;50 Transporte marítimo y por vías navegables interiores;Percentil 50;2022;28.830,72
Hombres;50 Transporte marítimo y por vías navegables interiores;Percentil 75;2022;40.127,52
Hombres;50 Transporte marítimo y por vías navegables interiores;Percentil 90;2022;61.536,18
Hombres;51 Transporte aéreo;Media;2022;42.892,59
Hombres;51 Transporte aéreo;Percentil 10;2022;22.206,7
Hombres;51 Transporte aéreo;Percentil 25;2022;30.026,3
Hombres;51 Transporte aéreo;Percentil 50;2022;37.415,2
Hombres;51 Transporte aéreo;Percentil 75;2022;47.643,09
Hombres;51 Transporte aéreo;Percentil 90;2022;72.391,22
Hombres;52 Almacenamiento y actividades anexas al transporte;Media;2022;32.301,58
Hombres;52 Almacenamiento y actividades anexas al transporte;Percentil 10;2022;15.801,92
Hombres;52 Almacenamiento y actividades anexas al transporte;Percentil 25;2022;20.073,62
Hombres;52 Almacenamiento y actividades anexas al transporte;Percentil 50;2022;26.688,62
Hombres;52 Almacenamiento y actividades anexas al transporte;Percentil 75;2022;38.048,78
Hombres;52 Almacenamiento y actividades anexas al transporte;Percentil 90;2022;53.319,55
Hombres;53 Actividades postales y de correos;Media;2022;21.002,62
Hombres;53 Actividades postales y de correos;Percentil 10;2022;12.487,87
Hombres;53 Actividades postales y de correos;Percentil 25;2022;14.856,39
Hombres;53 Actividades postales y de correos;Percentil 50;2022;21.432,22
Hombres;53 Actividades postales y de correos;Percentil 75;2022;24.822,03
Hombres;53 Actividades postales y de correos;Percentil 90;2022;29.829,52
Hombres;I Hostelería;Media;2022;17.921,24
Hombres;I Hostelería;Percentil 10;2022;6.736,3
Hombres;I Hostelería;Percentil 25;2022;12.523,67
Hombres;I Hostelería;Percentil 50;2022;17.333,76
Hombres;I Hostelería;Percentil 75;2022;21.678,09
Hombres;I Hostelería;Percentil 90;2022;26.657,29
Hombres;55 Servicios de alojamiento;Media;2022;25.474
Hombres;55 Servicios de alojamiento;Percentil 10;2022;16.393,81
Hombres;55 Servicios de alojamiento;Percentil 25;2022;19.254,82
Hombres;55 Servicios de alojamiento;Percentil 50;2022;22.735,06
Hombres;55 Servicios de alojamiento;Percentil 75;2022;27.312,39
Hombres;55 Servicios de alojamiento;Percentil 90;2022;38.346,69
Hombres;56 Servicios de comidas y bebidas;Media;2022;15.595,88
Hombres;56 Servicios de comidas y bebidas;Percentil 10;2022;5.870,3
Hombres;56 Servicios de comidas y bebidas;Percentil 25;2022;10.320,57
Hombres;56 Servicios de comidas y bebidas;Percentil 50;2022;16.038,89
Hombres;56 Servicios de comidas y bebidas;Percentil 75;2022;19.191,87
Hombres;56 Servicios de comidas y bebidas;Percentil 90;2022;23.222,46
Hombres;J Información y comunicaciones;Media;2022;39.135,1
Hombres;J Información y comunicaciones;Percentil 10;2022;17.351,22
Hombres;J Información y comunicaciones;Percentil 25;2022;23.887,02
Hombres;J Información y comunicaciones;Percentil 50;2022;34.787,65
Hombres;J Información y comunicaciones;Percentil 75;2022;50.000
Hombres;J Información y comunicaciones;Percentil 90;2022;67.353,68
Hombres;58 Edición;Media;2022;37.241,44
Hombres;58 Edición;Percentil 10;2022;17.492,81
Hombres;58 Edición;Percentil 25;2022;23.318,87
Hombres;58 Edición;Percentil 50;2022;31.623,54
Hombres;58 Edición;Percentil 75;2022;45.441
Hombres;58 Edición;Percentil 90;2022;64.776,09
Hombres;59 Actividades cinematográficas, de vídeo y de programas de televisión, grabación de sonido y edición musical;Media;2022;34.488,76
Hombres;59 Actividades cinematográficas, de vídeo y de programas de televisión, grabación de sonido y edición musical;Percentil 10;2022;11.303,69
Hombres;59 Actividades cinematográficas, de vídeo y de programas de televisión, grabación de sonido y edición musical;Percentil 25;2022;18.042,57
Hombres;59 Actividades cinematográficas, de vídeo y de programas de televisión, grabación de sonido y edición musical;Percentil 50;2022;28.640,07
Hombres;59 Actividades cinematográficas, de vídeo y de programas de televisión, grabación de sonido y edición musical;Percentil 75;2022;44.999,52
Hombres;59 Actividades cinematográficas, de vídeo y de programas de televisión, grabación de sonido y edición musical;Percentil 90;2022;63.187,46
Hombres;60 Actividades de programación y emisión de radio y televisión;Media;2022;47.243,47
Hombres;60 Actividades de programación y emisión de radio y televisión;Percentil 10;2022;18.485,34
Hombres;60 Actividades de programación y emisión de radio y televisión;Percentil 25;2022;30.547,04
Hombres;60 Actividades de programación y emisión de radio y televisión;Percentil 50;2022;49.490,07
Hombres;60 Actividades de programación y emisión de radio y televisión;Percentil 75;2022;61.068,61
Hombres;60 Actividades de programación y emisión de radio y televisión;Percentil 90;2022;73.399,25
Hombres;61 Telecomunicaciones;Media;2022;44.083,43
Hombres;61 Telecomunicaciones;Percentil 10;2022;17.286,83
Hombres;61 Telecomunicaciones;Percentil 25;2022;23.006,22
Hombres;61 Telecomunicaciones;Percentil 50;2022;40.451,02
Hombres;61 Telecomunicaciones;Percentil 75;2022;62.173,52
Hombres;61 Telecomunicaciones;Percentil 90;2022;74.159,63
Hombres;62 Programación, consultoría y otras actividades relacionadas con la informática;Media;2022;38.580,89
Hombres;62 Programación, consultoría y otras actividades relacionadas con la informática;Percentil 10;2022;18.260,13
Hombres;62 Programación, consultoría y otras actividades relacionadas con la informática;Percentil 25;2022;25.000
Hombres;62 Programación, consultoría y otras actividades relacionadas con la informática;Percentil 50;2022;34.750,1
Hombres;62 Programación, consultoría y otras actividades relacionadas con la informática;Percentil 75;2022;47.501,34
Hombres;62 Programación, consultoría y otras actividades relacionadas con la informática;Percentil 90;2022;63.264,12
Hombres;63 Servicios de información;Media;2022;34.671,52
Hombres;63 Servicios de información;Percentil 10;2022;11.005,5
Hombres;63 Servicios de información;Percentil 25;2022;14.730,03
Hombres;63 Servicios de información;Percentil 50;2022;27.493,2
Hombres;63 Servicios de información;Percentil 75;2022;45.614,68
Hombres;63 Servicios de información;Percentil 90;2022;68.363,15
Hombres;K Actividades financieras y de seguros;Media;2022;53.969,55
Hombres;K Actividades financieras y de seguros;Percentil 10;2022;24.000,06
Hombres;K Actividades financieras y de seguros;Percentil 25;2022;36.178,58
Hombres;K Actividades financieras y de seguros;Percentil 50;2022;49.330,22
Hombres;K Actividades financieras y de seguros;Percentil 75;2022;65.422
Hombres;K Actividades financieras y de seguros;Percentil 90;2022;85.309,74
Hombres;64 Servicios financieros, excepto seguros y fondos de pensiones;Media;2022;59.404,84
Hombres;64 Servicios financieros, excepto seguros y fondos de pensiones;Percentil 10;2022;31.719,99
Hombres;64 Servicios financieros, excepto seguros y fondos de pensiones;Percentil 25;2022;41.597,26
Hombres;64 Servicios financieros, excepto seguros y fondos de pensiones;Percentil 50;2022;53.382,63
Hombres;64 Servicios financieros, excepto seguros y fondos de pensiones;Percentil 75;2022;68.487,4
Hombres;64 Servicios financieros, excepto seguros y fondos de pensiones;Percentil 90;2022;89.489,73
Hombres;65 Seguros, reaseguros y fondos de pensiones, excepto Seguridad Social obligatoria;Media;2022;50.994,45
Hombres;65 Seguros, reaseguros y fondos de pensiones, excepto Seguridad Social obligatoria;Percentil 10;2022;25.900,08
Hombres;65 Seguros, reaseguros y fondos de pensiones, excepto Seguridad Social obligatoria;Percentil 25;2022;34.970,66
Hombres;65 Seguros, reaseguros y fondos de pensiones, excepto Seguridad Social obligatoria;Percentil 50;2022;47.015,77
Hombres;65 Seguros, reaseguros y fondos de pensiones, excepto Seguridad Social obligatoria;Percentil 75;2022;63.114,69
Hombres;65 Seguros, reaseguros y fondos de pensiones, excepto Seguridad Social obligatoria;Percentil 90;2022;76.592,69
Hombres;66 Actividades auxiliares a los servicios financieros y a los seguros;Media;2022;36.075,54
Hombres;66 Actividades auxiliares a los servicios financieros y a los seguros;Percentil 10;2022;14.000,4
Hombres;66 Actividades auxiliares a los servicios financieros y a los seguros;Percentil 25;2022;17.268,6
Hombres;66 Actividades auxiliares a los servicios financieros y a los seguros;Percentil 50;2022;27.998,93
Hombres;66 Actividades auxiliares a los servicios financieros y a los seguros;Percentil 75;2022;43.815,32
Hombres;66 Actividades auxiliares a los servicios financieros y a los seguros;Percentil 90;2022;65.554,5
Hombres;L Actividades inmobiliarias;Media;2022;30.649,13
Hombres;L Actividades inmobiliarias;Percentil 10;2022;13.238,97
Hombres;L Actividades inmobiliarias;Percentil 25;2022;16.037,02
Hombres;L Actividades inmobiliarias;Percentil 50;2022;22.181,84
Hombres;L Actividades inmobiliarias;Percentil 75;2022;39.160,78
Hombres;L Actividades inmobiliarias;Percentil 90;2022;60.000
Hombres;68 Actividades inmobiliarias;Media;2022;30.649,13
Hombres;68 Actividades inmobiliarias;Percentil 10;2022;13.238,97
Hombres;68 Actividades inmobiliarias;Percentil 25;2022;16.037,02
Hombres;68 Actividades inmobiliarias;Percentil 50;2022;22.181,84
Hombres;68 Actividades inmobiliarias;Percentil 75;2022;39.160,78
Hombres;68 Actividades inmobiliarias;Percentil 90;2022;60.000
Hombres;M Actividades profesionales, científicas y técnicas;Media;2022;36.259,18
Hombres;M Actividades profesionales, científicas y técnicas;Percentil 10;2022;15.600
Hombres;M Actividades profesionales, científicas y técnicas;Percentil 25;2022;20.979
Hombres;M Actividades profesionales, científicas y técnicas;Percentil 50;2022;29.854,88
Hombres;M Actividades profesionales, científicas y técnicas;Percentil 75;2022;44.447,6
Hombres;M Actividades profesionales, científicas y técnicas;Percentil 90;2022;64.282,5
Hombres;69 Actividades jurídicas y de contabilidad;Media;2022;38.113,24
Hombres;69 Actividades jurídicas y de contabilidad;Percentil 10;2022;15.000
Hombres;69 Actividades jurídicas y de contabilidad;Percentil 25;2022;21.093,38
Hombres;69 Actividades jurídicas y de contabilidad;Percentil 50;2022;29.573,56
Hombres;69 Actividades jurídicas y de contabilidad;Percentil 75;2022;46.105,04
Hombres;69 Actividades jurídicas y de contabilidad;Percentil 90;2022;73.833,33
Hombres;70 Actividades de las sedes centrales, actividades de consultoría de gestión empresarial;Media;2022;37.892,48
Hombres;70 Actividades de las sedes centrales, actividades de consultoría de gestión empresarial;Percentil 10;2022;14.538,73
Hombres;70 Actividades de las sedes centrales, actividades de consultoría de gestión empresarial;Percentil 25;2022;20.415,88
Hombres;70 Actividades de las sedes centrales, actividades de consultoría de gestión empresarial;Percentil 50;2022;31.069,58
Hombres;70 Actividades de las sedes centrales, actividades de consultoría de gestión empresarial;Percentil 75;2022;47.467,31
Hombres;70 Actividades de las sedes centrales, actividades de consultoría de gestión empresarial;Percentil 90;2022;70.703,2
Hombres;71 Servicios técnicos de arquitectura e ingeniería, ensayos y análisis técnicos;Media;2022;35.515,46
Hombres;71 Servicios técnicos de arquitectura e ingeniería, ensayos y análisis técnicos;Percentil 10;2022;17.088,41
Hombres;71 Servicios técnicos de arquitectura e ingeniería, ensayos y análisis técnicos;Percentil 25;2022;22.097,06
Hombres;71 Servicios técnicos de arquitectura e ingeniería, ensayos y análisis técnicos;Percentil 50;2022;30.853,81
Hombres;71 Servicios técnicos de arquitectura e ingeniería, ensayos y análisis técnicos;Percentil 75;2022;43.760
Hombres;71 Servicios técnicos de arquitectura e ingeniería, ensayos y análisis técnicos;Percentil 90;2022;59.815,47
Hombres;72 Investigación y desarrollo;Media;2022;38.622,63
Hombres;72 Investigación y desarrollo;Percentil 10;2022;19.030,87
Hombres;72 Investigación y desarrollo;Percentil 25;2022;23.893,39
Hombres;72 Investigación y desarrollo;Percentil 50;2022;32.721,37
Hombres;72 Investigación y desarrollo;Percentil 75;2022;48.651,73
Hombres;72 Investigación y desarrollo;Percentil 90;2022;67.016
Hombres;73 Publicidad y estudios de mercado;Media;2022;36.882,71
Hombres;73 Publicidad y estudios de mercado;Percentil 10;2022;13.744,75
Hombres;73 Publicidad y estudios de mercado;Percentil 25;2022;18.120,72
Hombres;73 Publicidad y estudios de mercado;Percentil 50;2022;26.472,87
Hombres;73 Publicidad y estudios de mercado;Percentil 75;2022;48.750,09
Hombres;73 Publicidad y estudios de mercado;Percentil 90;2022;69.954,39
Hombres;74 Otras actividades profesionales, científicas y técnicas;Media;2022;31.739,32
Hombres;74 Otras actividades profesionales, científicas y técnicas;Percentil 10;2022;13.356,84
Hombres;74 Otras actividades profesionales, científicas y técnicas;Percentil 25;2022;18.000
Hombres;74 Otras actividades profesionales, científicas y técnicas;Percentil 50;2022;25.649,49
Hombres;74 Otras actividades profesionales, científicas y técnicas;Percentil 75;2022;39.595,04
Hombres;74 Otras actividades profesionales, científicas y técnicas;Percentil 90;2022;57.282,95
Hombres;75 Actividades veterinarias;Media;2022;-23.821,45
Hombres;75 Actividades veterinarias;Percentil 10;2022;-11.284,52
Hombres;75 Actividades veterinarias;Percentil 25;2022;-15.570,14
Hombres;75 Actividades veterinarias;Percentil 50;2022;-19.425,39
Hombres;75 Actividades veterinarias;Percentil 75;2022;-26.447,88
Hombres;75 Actividades veterinarias;Percentil 90;2022;-41.828,58
Hombres;N Actividades administrativas y servicios auxiliares;Media;2022;22.360,55
Hombres;N Actividades administrativas y servicios auxiliares;Percentil 10;2022;11.175,11
Hombres;N Actividades administrativas y servicios auxiliares;Percentil 25;2022;14.991,3
Hombres;N Actividades administrativas y servicios auxiliares;Percentil 50;2022;19.669,44
Hombres;N Actividades administrativas y servicios auxiliares;Percentil 75;2022;25.465,41
Hombres;N Actividades administrativas y servicios auxiliares;Percentil 90;2022;35.472,24
Hombres;77 Actividades de alquiler;Media;2022;27.305,35
Hombres;77 Actividades de alquiler;Percentil 10;2022;14.318
Hombres;77 Actividades de alquiler;Percentil 25;2022;17.425,59
Hombres;77 Actividades de alquiler;Percentil 50;2022;22.547,59
Hombres;77 Actividades de alquiler;Percentil 75;2022;30.882,78
Hombres;77 Actividades de alquiler;Percentil 90;2022;45.000
Hombres;78 Actividades relacionadas con el empleo;Media;2022;21.130,89
Hombres;78 Actividades relacionadas con el empleo;Percentil 10;2022;12.475,22
Hombres;78 Actividades relacionadas con el empleo;Percentil 25;2022;15.372,19
Hombres;78 Actividades relacionadas con el empleo;Percentil 50;2022;19.363,43
Hombres;78 Actividades relacionadas con el empleo;Percentil 75;2022;23.354,06
Hombres;78 Actividades relacionadas con el empleo;Percentil 90;2022;29.171,18
Hombres;79 Actividades de agencias de viajes, operadores turísticos, servicios de reservas y actividades relacionadas con los mismos;Media;2022;32.593,7
Hombres;79 Actividades de agencias de viajes, operadores turísticos, servicios de reservas y actividades relacionadas con los mismos;Percentil 10;2022;13.957,6
Hombres;79 Actividades de agencias de viajes, operadores turísticos, servicios de reservas y actividades relacionadas con los mismos;Percentil 25;2022;19.204,77
Hombres;79 Actividades de agencias de viajes, operadores turísticos, servicios de reservas y actividades relacionadas con los mismos;Percentil 50;2022;27.069,03
Hombres;79 Actividades de agencias de viajes, operadores turísticos, servicios de reservas y actividades relacionadas con los mismos;Percentil 75;2022;40.362,45
Hombres;79 Actividades de agencias de viajes, operadores turísticos, servicios de reservas y actividades relacionadas con los mismos;Percentil 90;2022;57.103,44
Hombres;80 Actividades de seguridad e investigación;Media;2022;22.560,35
Hombres;80 Actividades de seguridad e investigación;Percentil 10;2022;14.800
Hombres;80 Actividades de seguridad e investigación;Percentil 25;2022;18.996,76
Hombres;80 Actividades de seguridad e investigación;Percentil 50;2022;21.851,45
Hombres;80 Actividades de seguridad e investigación;Percentil 75;2022;25.767,66
Hombres;80 Actividades de seguridad e investigación;Percentil 90;2022;30.824,38
Hombres;81 Servicios a edificios y actividades de jardinería;Media;2022;19.438,02
Hombres;81 Servicios a edificios y actividades de jardinería;Percentil 10;2022;9.894,61
Hombres;81 Servicios a edificios y actividades de jardinería;Percentil 25;2022;14.219,1
Hombres;81 Servicios a edificios y actividades de jardinería;Percentil 50;2022;17.716,83
Hombres;81 Servicios a edificios y actividades de jardinería;Percentil 75;2022;22.558,35
Hombres;81 Servicios a edificios y actividades de jardinería;Percentil 90;2022;30.473,27
Hombres;82 Actividades administrativas de oficina y otras actividades auxiliares a las empresas;Media;2022;24.133,73
Hombres;82 Actividades administrativas de oficina y otras actividades auxiliares a las empresas;Percentil 10;2022;9.472,33
Hombres;82 Actividades administrativas de oficina y otras actividades auxiliares a las empresas;Percentil 25;2022;13.973,84
Hombres;82 Actividades administrativas de oficina y otras actividades auxiliares a las empresas;Percentil 50;2022;17.634,07
Hombres;82 Actividades administrativas de oficina y otras actividades auxiliares a las empresas;Percentil 75;2022;29.040
Hombres;82 Actividades administrativas de oficina y otras actividades auxiliares a las empresas;Percentil 90;2022;43.737,56
Hombres;O Administración Pública y defensa, Seguridad Social obligatoria;Media;2022;35.813,05
Hombres;O Administración Pública y defensa, Seguridad Social obligatoria;Percentil 10;2022;19.283,62
Hombres;O Administración Pública y defensa, Seguridad Social obligatoria;Percentil 25;2022;25.141,62
Hombres;O Administración Pública y defensa, Seguridad Social obligatoria;Percentil 50;2022;33.938,5
Hombres;O Administración Pública y defensa, Seguridad Social obligatoria;Percentil 75;2022;44.440,42
Hombres;O Administración Pública y defensa, Seguridad Social obligatoria;Percentil 90;2022;55.119,81
Hombres;84 Administración Pública y defensa, Seguridad Social obligatoria;Media;2022;35.813,05
Hombres;84 Administración Pública y defensa, Seguridad Social obligatoria;Percentil 10;2022;19.283,62
Hombres;84 Administración Pública y defensa, Seguridad Social obligatoria;Percentil 25;2022;25.141,62
Hombres;84 Administración Pública y defensa, Seguridad Social obligatoria;Percentil 50;2022;33.938,5
Hombres;84 Administración Pública y defensa, Seguridad Social obligatoria;Percentil 75;2022;44.440,42
Hombres;84 Administración Pública y defensa, Seguridad Social obligatoria;Percentil 90;2022;55.119,81
Hombres;P Educación;Media;2022;31.290,07
Hombres;P Educación;Percentil 10;2022;8.335,16
Hombres;P Educación;Percentil 25;2022;17.957,29
Hombres;P Educación;Percentil 50;2022;33.060,29
Hombres;P Educación;Percentil 75;2022;41.039,1
Hombres;P Educación;Percentil 90;2022;51.154,52
Hombres;85 Educación;Media;2022;31.290,07
Hombres;85 Educación;Percentil 10;2022;8.335,16
Hombres;85 Educación;Percentil 25;2022;17.957,29
Hombres;85 Educación;Percentil 50;2022;33.060,29
Hombres;85 Educación;Percentil 75;2022;41.039,1
Hombres;85 Educación;Percentil 90;2022;51.154,52
Hombres;Q Actividades sanitarias y de servicios sociales;Media;2022;37.097,58
Hombres;Q Actividades sanitarias y de servicios sociales;Percentil 10;2022;14.224
Hombres;Q Actividades sanitarias y de servicios sociales;Percentil 25;2022;19.951,53
Hombres;Q Actividades sanitarias y de servicios sociales;Percentil 50;2022;28.153,59
Hombres;Q Actividades sanitarias y de servicios sociales;Percentil 75;2022;48.422,43
Hombres;Q Actividades sanitarias y de servicios sociales;Percentil 90;2022;76.090,3
Hombres;86 Actividades sanitarias;Media;2022;43.255,43
Hombres;86 Actividades sanitarias;Percentil 10;2022;18.318,23
Hombres;86 Actividades sanitarias;Percentil 25;2022;24.551,46
Hombres;86 Actividades sanitarias;Percentil 50;2022;34.354,27
Hombres;86 Actividades sanitarias;Percentil 75;2022;60.420,18
Hombres;86 Actividades sanitarias;Percentil 90;2022;81.645,89
Hombres;87 Asistencia en establecimientos residenciales;Media;2022;20.695,3
Hombres;87 Asistencia en establecimientos residenciales;Percentil 10;2022;10.823,36
Hombres;87 Asistencia en establecimientos residenciales;Percentil 25;2022;14.976,39
Hombres;87 Asistencia en establecimientos residenciales;Percentil 50;2022;18.319,16
Hombres;87 Asistencia en establecimientos residenciales;Percentil 75;2022;24.299,91
Hombres;87 Asistencia en establecimientos residenciales;Percentil 90;2022;32.533,35
Hombres;88 Actividades de servicios sociales sin alojamiento;Media;2022;20.898,13
Hombres;88 Actividades de servicios sociales sin alojamiento;Percentil 10;2022;9.545,96
Hombres;88 Actividades de servicios sociales sin alojamiento;Percentil 25;2022;14.000
Hombres;88 Actividades de servicios sociales sin alojamiento;Percentil 50;2022;18.116
Hombres;88 Actividades de servicios sociales sin alojamiento;Percentil 75;2022;25.125,57
Hombres;88 Actividades de servicios sociales sin alojamiento;Percentil 90;2022;34.785,14
Hombres;R Actividades artísticas, recreativas y de entretenimiento;Media;2022;20.892,08
Hombres;R Actividades artísticas, recreativas y de entretenimiento;Percentil 10;2022;5.469,63
Hombres;R Actividades artísticas, recreativas y de entretenimiento;Percentil 25;2022;9.922,31
Hombres;R Actividades artísticas, recreativas y de entretenimiento;Percentil 50;2022;16.931
Hombres;R Actividades artísticas, recreativas y de entretenimiento;Percentil 75;2022;26.000,04
Hombres;R Actividades artísticas, recreativas y de entretenimiento;Percentil 90;2022;39.997,35
Hombres;90 Actividades de creación, artísticas y espectáculos;Media;2022;25.846,28
Hombres;90 Actividades de creación, artísticas y espectáculos;Percentil 10;2022;6.916,76
Hombres;90 Actividades de creación, artísticas y espectáculos;Percentil 25;2022;13.632
Hombres;90 Actividades de creación, artísticas y espectáculos;Percentil 50;2022;22.263,48
Hombres;90 Actividades de creación, artísticas y espectáculos;Percentil 75;2022;35.186,45
Hombres;90 Actividades de creación, artísticas y espectáculos;Percentil 90;2022;50.285,88
Hombres;91 Actividades de bibliotecas, archivos, museos y otras actividades culturales;Media;2022;26.062,51
Hombres;91 Actividades de bibliotecas, archivos, museos y otras actividades culturales;Percentil 10;2022;11.868,1
Hombres;91 Actividades de bibliotecas, archivos, museos y otras actividades culturales;Percentil 25;2022;16.562,18
Hombres;91 Actividades de bibliotecas, archivos, museos y otras actividades culturales;Percentil 50;2022;24.315,6
Hombres;91 Actividades de bibliotecas, archivos, museos y otras actividades culturales;Percentil 75;2022;31.331,32
Hombres;91 Actividades de bibliotecas, archivos, museos y otras actividades culturales;Percentil 90;2022;42.325,31
Hombres;92 Actividades de juegos de azar y apuestas;Media;2022;28.779,54
Hombres;92 Actividades de juegos de azar y apuestas;Percentil 10;2022;13.960,09
Hombres;92 Actividades de juegos de azar y apuestas;Percentil 25;2022;18.500
Hombres;92 Actividades de juegos de azar y apuestas;Percentil 50;2022;25.416,84
Hombres;92 Actividades de juegos de azar y apuestas;Percentil 75;2022;35.919,56
Hombres;92 Actividades de juegos de azar y apuestas;Percentil 90;2022;48.069
Hombres;93 Actividades deportivas, recreativas y de entretenimiento;Media;2022;17.986,86
Hombres;93 Actividades deportivas, recreativas y de entretenimiento;Percentil 10;2022;4.568,79
Hombres;93 Actividades deportivas, recreativas y de entretenimiento;Percentil 25;2022;7.983,41
Hombres;93 Actividades deportivas, recreativas y de entretenimiento;Percentil 50;2022;14.283,2
Hombres;93 Actividades deportivas, recreativas y de entretenimiento;Percentil 75;2022;21.313,06
Hombres;93 Actividades deportivas, recreativas y de entretenimiento;Percentil 90;2022;32.721,85
Hombres;S Otros servicios;Media;2022;22.151,54
Hombres;S Otros servicios;Percentil 10;2022;7.583,4
Hombres;S Otros servicios;Percentil 25;2022;13.865,76
Hombres;S Otros servicios;Percentil 50;2022;18.722,84
Hombres;S Otros servicios;Percentil 75;2022;27.110
Hombres;S Otros servicios;Percentil 90;2022;39.631
Hombres;94 Actividades asociativas;Media;2022;25.788,86
Hombres;94 Actividades asociativas;Percentil 10;2022;7.353,2
Hombres;94 Actividades asociativas;Percentil 25;2022;14.000
Hombres;94 Actividades asociativas;Percentil 50;2022;22.940,23
Hombres;94 Actividades asociativas;Percentil 75;2022;34.148,14
Hombres;94 Actividades asociativas;Percentil 90;2022;46.740,62
Hombres;95 Reparación de ordenadores, efectos personales y artículos de uso doméstico;Media;2022;25.889,26
Hombres;95 Reparación de ordenadores, efectos personales y artículos de uso doméstico;Percentil 10;2022;14.601,47
Hombres;95 Reparación de ordenadores, efectos personales y artículos de uso doméstico;Percentil 25;2022;17.483,17
Hombres;95 Reparación de ordenadores, efectos personales y artículos de uso doméstico;Percentil 50;2022;22.178,8
Hombres;95 Reparación de ordenadores, efectos personales y artículos de uso doméstico;Percentil 75;2022;29.412,04
Hombres;95 Reparación de ordenadores, efectos personales y artículos de uso doméstico;Percentil 90;2022;42.543,51
Hombres;96 Otros servicios personales;Media;2022;17.374,8
Hombres;96 Otros servicios personales;Percentil 10;2022;7.314,16
Hombres;96 Otros servicios personales;Percentil 25;2022;12.523,64
Hombres;96 Otros servicios personales;Percentil 50;2022;14.998,36
Hombres;96 Otros servicios personales;Percentil 75;2022;20.340,04
Hombres;96 Otros servicios personales;Percentil 90;2022;28.492,6
