Sexo;Rama de actividad CNAE 2009;Tipo de jornada;Unidad;Periodo;Total
Ambos sexos;Total;Total;Valor absoluto;2023T4;21.246,9
Ambos sexos;Total;Total;Valor absoluto;2023T3;21.265,9
Ambos sexos;Total;Total;Valor absoluto;2023T2;21.056,7
Ambos sexos;Total;Total;Valor absoluto;2023T1;20.452,8
Ambos sexos;Total;Total;Valor absoluto;2022T4;20.463,9
Ambos sexos;Total;Total;Valor absoluto;2022T3;20.545,7
Ambos sexos;Total;Total;Valor absoluto;2022T2;20.468
Ambos sexos;Total;Total;Valor absoluto;2022T1;20.084,7
Ambos sexos;Total;Total;Valor absoluto;2021T4;20.184,9
Ambos sexos;Total;Total;Valor absoluto;2021T3;20.031
Ambos sexos;Total;Total;Valor absoluto;2021T2;19.671,7
Ambos sexos;Total;Total;Valor absoluto;2021T1;19.206,8
Ambos sexos;Total;Total;Porcentaje;2023T4;100
Ambos sexos;Total;Total;Porcentaje;2023T3;100
Ambos sexos;Total;Total;Porcentaje;2023T2;100
Ambos sexos;Total;Total;Porcentaje;2023T1;100
Ambos sexos;Total;Total;Porcentaje;2022T4;100
Ambos sexos;Total;Total;Porcentaje;2022T3;100
Ambos sexos;Total;Total;Porcentaje;2022T2;100
Ambos sexos;Total;Total;Porcentaje;2022T1;100
Ambos sexos;Total;Total;Porcentaje;2021T4;100
Ambos sexos;Total;Total;Porcentaje;2021T3;100
Ambos sexos;Total;Total;Porcentaje;2021T2;100
Ambos sexos;Total;Total;Porcentaje;2021T1;100
Ambos sexos;Total;Jornada a tiempo completo;Valor absoluto;2023T4;18.377,6
Ambos sexos;Total;Jornada a tiempo completo;Valor absoluto;2023T3;18.588,7
Ambos sexos;Total;Jornada a tiempo completo;Valor absoluto;2023T2;18.208,9
Ambos sexos;Total;Jornada a tiempo completo;Valor absoluto;2023T1;17.647,4
Ambos sexos;Total;Jornada a tiempo completo;Valor absoluto;2022T4;17.682,2
Ambos sexos;Total;Jornada a tiempo completo;Valor absoluto;2022T3;17.923,7
Ambos sexos;Total;Jornada a tiempo completo;Valor absoluto;2022T2;17.649,8
Ambos sexos;Total;Jornada a tiempo completo;Valor absoluto;2022T1;17.275,5
Ambos sexos;Total;Jornada a tiempo completo;Valor absoluto;2021T4;17.447
Ambos sexos;Total;Jornada a tiempo completo;Valor absoluto;2021T3;17.333,9
Ambos sexos;Total;Jornada a tiempo completo;Valor absoluto;2021T2;16.836,3
Ambos sexos;Total;Jornada a tiempo completo;Valor absoluto;2021T1;16.510,6
Ambos sexos;Total;Jornada a tiempo completo;Porcentaje;2023T4;86,5
Ambos sexos;Total;Jornada a tiempo completo;Porcentaje;2023T3;87,4
Ambos sexos;Total;Jornada a tiempo completo;Porcentaje;2023T2;86,5
Ambos sexos;Total;Jornada a tiempo completo;Porcentaje;2023T1;86,3
Ambos sexos;Total;Jornada a tiempo completo;Porcentaje;2022T4;86,4
Ambos sexos;Total;Jornada a tiempo completo;Porcentaje;2022T3;87,2
Ambos sexos;Total;Jornada a tiempo completo;Porcentaje;2022T2;86,2
Ambos sexos;Total;Jornada a tiempo completo;Porcentaje;2022T1;86
Ambos sexos;Total;Jornada a tiempo completo;Porcentaje;2021T4;86,4
Ambos sexos;Total;Jornada a tiempo completo;Porcentaje;2021T3;86,5
Ambos sexos;Total;Jornada a tiempo completo;Porcentaje;2021T2;85,6
Ambos sexos;Total;Jornada a tiempo completo;Porcentaje;2021T1;86
Ambos sexos;Total;Jornada a tiempo parcial;Valor absoluto;2023T4;2.869,3
Ambos sexos;Total;Jornada a tiempo parcial;Valor absoluto;2023T3;2.677,2
Ambos sexos;Total;Jornada a tiempo parcial;Valor absoluto;2023T2;2.847,8
Ambos sexos;Total;Jornada a tiempo parcial;Valor absoluto;2023T1;2.805,3
Ambos sexos;Total;Jornada a tiempo parcial;Valor absoluto;2022T4;2.781,7
Ambos sexos;Total;Jornada a tiempo parcial;Valor absoluto;2022T3;2.622
Ambos sexos;Total;Jornada a tiempo parcial;Valor absoluto;2022T2;2.818,3
Ambos sexos;Total;Jornada a tiempo parcial;Valor absoluto;2022T1;2.809,3
Ambos sexos;Total;Jornada a tiempo parcial;Valor absoluto;2021T4;2.738
Ambos sexos;Total;Jornada a tiempo parcial;Valor absoluto;2021T3;2.697,1
Ambos sexos;Total;Jornada a tiempo parcial;Valor absoluto;2021T2;2.835,4
Ambos sexos;Total;Jornada a tiempo parcial;Valor absoluto;2021T1;2.696,1
Ambos sexos;Total;Jornada a tiempo parcial;Porcentaje;2023T4;13,5
Ambos sexos;Total;Jornada a tiempo parcial;Porcentaje;2023T3;12,6
Ambos sexos;Total;Jornada a tiempo parcial;Porcentaje;2023T2;13,5
Ambos sexos;Total;Jornada a tiempo parcial;Porcentaje;2023T1;13,7
Ambos sexos;Total;Jornada a tiempo parcial;Porcentaje;2022T4;13,6
Ambos sexos;Total;Jornada a tiempo parcial;Porcentaje;2022T3;12,8
Ambos sexos;Total;Jornada a tiempo parcial;Porcentaje;2022T2;13,8
Ambos sexos;Total;Jornada a tiempo parcial;Porcentaje;2022T1;14
Ambos sexos;Total;Jornada a tiempo parcial;Porcentaje;2021T4;13,6
Ambos sexos;Total;Jornada a tiempo parcial;Porcentaje;2021T3;13,5
Ambos sexos;Total;Jornada a tiempo parcial;Porcentaje;2021T2;14,4
Ambos sexos;Total;Jornada a tiempo parcial;Porcentaje;2021T1;14
Ambos sexos;A Agricultura, ganadería, silvicultura y pesca;Total;Valor absoluto;2023T4;770,7
Ambos sexos;A Agricultura, ganadería, silvicultura y pesca;Total;Valor absoluto;2023T3;701,9
Ambos sexos;A Agricultura, ganadería, silvicultura y pesca;Total;Valor absoluto;2023T2;749,7
Ambos sexos;A Agricultura, ganadería, silvicultura y pesca;Total;Valor absoluto;2023T1;748,2
Ambos sexos;A Agricultura, ganadería, silvicultura y pesca;Total;Valor absoluto;2022T4;753,2
Ambos sexos;A Agricultura, ganadería, silvicultura y pesca;Total;Valor absoluto;2022T3;729
Ambos sexos;A Agricultura, ganadería, silvicultura y pesca;Total;Valor absoluto;2022T2;789,3
Ambos sexos;A Agricultura, ganadería, silvicultura y pesca;Total;Valor absoluto;2022T1;827,7
Ambos sexos;A Agricultura, ganadería, silvicultura y pesca;Total;Valor absoluto;2021T4;840,1
Ambos sexos;A Agricultura, ganadería, silvicultura y pesca;Total;Valor absoluto;2021T3;761,5
Ambos sexos;A Agricultura, ganadería, silvicultura y pesca;Total;Valor absoluto;2021T2;811,1
Ambos sexos;A Agricultura, ganadería, silvicultura y pesca;Total;Valor absoluto;2021T1;797,9
Ambos sexos;A Agricultura, ganadería, silvicultura y pesca;Total;Porcentaje;2023T4;100
Ambos sexos;A Agricultura, ganadería, silvicultura y pesca;Total;Porcentaje;2023T3;100
Ambos sexos;A Agricultura, ganadería, silvicultura y pesca;Total;Porcentaje;2023T2;100
Ambos sexos;A Agricultura, ganadería, silvicultura y pesca;Total;Porcentaje;2023T1;100
Ambos sexos;A Agricultura, ganadería, silvicultura y pesca;Total;Porcentaje;2022T4;100
Ambos sexos;A Agricultura, ganadería, silvicultura y pesca;Total;Porcentaje;2022T3;100
Ambos sexos;A Agricultura, ganadería, silvicultura y pesca;Total;Porcentaje;2022T2;100
Ambos sexos;A Agricultura, ganadería, silvicultura y pesca;Total;Porcentaje;2022T1;100
Ambos sexos;A Agricultura, ganadería, silvicultura y pesca;Total;Porcentaje;2021T4;100
Ambos sexos;A Agricultura, ganadería, silvicultura y pesca;Total;Porcentaje;2021T3;100
Ambos sexos;A Agricultura, ganadería, silvicultura y pesca;Total;Porcentaje;2021T2;100
Ambos sexos;A Agricultura, ganadería, silvicultura y pesca;Total;Porcentaje;2021T1;100
Ambos sexos;A Agricultura, ganadería, silvicultura y pesca;Jornada a tiempo completo;Valor absoluto;2023T4;720
Ambos sexos;A Agricultura, ganadería, silvicultura y pesca;Jornada a tiempo completo;Valor absoluto;2023T3;648
Ambos sexos;A Agricultura, ganadería, silvicultura y pesca;Jornada a tiempo completo;Valor absoluto;2023T2;696,8
Ambos sexos;A Agricultura, ganadería, silvicultura y pesca;Jornada a tiempo completo;Valor absoluto;2023T1;702,4
Ambos sexos;A Agricultura, ganadería, silvicultura y pesca;Jornada a tiempo completo;Valor absoluto;2022T4;696,7
Ambos sexos;A Agricultura, ganadería, silvicultura y pesca;Jornada a tiempo completo;Valor absoluto;2022T3;675,2
Ambos sexos;A Agricultura, ganadería, silvicultura y pesca;Jornada a tiempo completo;Valor absoluto;2022T2;743,7
Ambos sexos;A Agricultura, ganadería, silvicultura y pesca;Jornada a tiempo completo;Valor absoluto;2022T1;775,2
Ambos sexos;A Agricultura, ganadería, silvicultura y pesca;Jornada a tiempo completo;Valor absoluto;2021T4;796,2
Ambos sexos;A Agricultura, ganadería, silvicultura y pesca;Jornada a tiempo completo;Valor absoluto;2021T3;697,7
Ambos sexos;A Agricultura, ganadería, silvicultura y pesca;Jornada a tiempo completo;Valor absoluto;2021T2;755,2
Ambos sexos;A Agricultura, ganadería, silvicultura y pesca;Jornada a tiempo completo;Valor absoluto;2021T1;747,1
Ambos sexos;A Agricultura, ganadería, silvicultura y pesca;Jornada a tiempo completo;Porcentaje;2023T4;93,4
Ambos sexos;A Agricultura, ganadería, silvicultura y pesca;Jornada a tiempo completo;Porcentaje;2023T3;92,3
Ambos sexos;A Agricultura, ganadería, silvicultura y pesca;Jornada a tiempo completo;Porcentaje;2023T2;92,9
Ambos sexos;A Agricultura, ganadería, silvicultura y pesca;Jornada a tiempo completo;Porcentaje;2023T1;93,9
Ambos sexos;A Agricultura, ganadería, silvicultura y pesca;Jornada a tiempo completo;Porcentaje;2022T4;92,5
Ambos sexos;A Agricultura, ganadería, silvicultura y pesca;Jornada a tiempo completo;Porcentaje;2022T3;92,6
Ambos sexos;A Agricultura, ganadería, silvicultura y pesca;Jornada a tiempo completo;Porcentaje;2022T2;94,2
Ambos sexos;A Agricultura, ganadería, silvicultura y pesca;Jornada a tiempo completo;Porcentaje;2022T1;93,7
Ambos sexos;A Agricultura, ganadería, silvicultura y pesca;Jornada a tiempo completo;Porcentaje;2021T4;94,8
Ambos sexos;A Agricultura, ganadería, silvicultura y pesca;Jornada a tiempo completo;Porcentaje;2021T3;91,6
Ambos sexos;A Agricultura, ganadería, silvicultura y pesca;Jornada a tiempo completo;Porcentaje;2021T2;93,1
Ambos sexos;A Agricultura, ganadería, silvicultura y pesca;Jornada a tiempo completo;Porcentaje;2021T1;93,6
Ambos sexos;A Agricultura, ganadería, silvicultura y pesca;Jornada a tiempo parcial;Valor absoluto;2023T4;50,7
Ambos sexos;A Agricultura, ganadería, silvicultura y pesca;Jornada a tiempo parcial;Valor absoluto;2023T3;53,9
Ambos sexos;A Agricultura, ganadería, silvicultura y pesca;Jornada a tiempo parcial;Valor absoluto;2023T2;52,9
Ambos sexos;A Agricultura, ganadería, silvicultura y pesca;Jornada a tiempo parcial;Valor absoluto;2023T1;45,8
Ambos sexos;A Agricultura, ganadería, silvicultura y pesca;Jornada a tiempo parcial;Valor absoluto;2022T4;56,5
Ambos sexos;A Agricultura, ganadería, silvicultura y pesca;Jornada a tiempo parcial;Valor absoluto;2022T3;53,8
Ambos sexos;A Agricultura, ganadería, silvicultura y pesca;Jornada a tiempo parcial;Valor absoluto;2022T2;45,6
Ambos sexos;A Agricultura, ganadería, silvicultura y pesca;Jornada a tiempo parcial;Valor absoluto;2022T1;52,4
Ambos sexos;A Agricultura, ganadería, silvicultura y pesca;Jornada a tiempo parcial;Valor absoluto;2021T4;44
Ambos sexos;A Agricultura, ganadería, silvicultura y pesca;Jornada a tiempo parcial;Valor absoluto;2021T3;63,8
Ambos sexos;A Agricultura, ganadería, silvicultura y pesca;Jornada a tiempo parcial;Valor absoluto;2021T2;55,9
Ambos sexos;A Agricultura, ganadería, silvicultura y pesca;Jornada a tiempo parcial;Valor absoluto;2021T1;50,8
Ambos sexos;A Agricultura, ganadería, silvicultura y pesca;Jornada a tiempo parcial;Porcentaje;2023T4;6,6
Ambos sexos;A Agricultura, ganadería, silvicultura y pesca;Jornada a tiempo parcial;Porcentaje;2023T3;7,7
Ambos sexos;A Agricultura, ganadería, silvicultura y pesca;Jornada a tiempo parcial;Porcentaje;2023T2;7,1
Ambos sexos;A Agricultura, ganadería, silvicultura y pesca;Jornada a tiempo parcial;Porcentaje;2023T1;6,1
Ambos sexos;A Agricultura, ganadería, silvicultura y pesca;Jornada a tiempo parcial;Porcentaje;2022T4;7,5
Ambos sexos;A Agricultura, ganadería, silvicultura y pesca;Jornada a tiempo parcial;Porcentaje;2022T3;7,4
Ambos sexos;A Agricultura, ganadería, silvicultura y pesca;Jornada a tiempo parcial;Porcentaje;2022T2;5,8
Ambos sexos;A Agricultura, ganadería, silvicultura y pesca;Jornada a tiempo parcial;Porcentaje;2022T1;6,3
Ambos sexos;A Agricultura, ganadería, silvicultura y pesca;Jornada a tiempo parcial;Porcentaje;2021T4;5,2
Ambos sexos;A Agricultura, ganadería, silvicultura y pesca;Jornada a tiempo parcial;Porcentaje;2021T3;8,4
Ambos sexos;A Agricultura, ganadería, silvicultura y pesca;Jornada a tiempo parcial;Porcentaje;2021T2;6,9
Ambos sexos;A Agricultura, ganadería, silvicultura y pesca;Jornada a tiempo parcial;Porcentaje;2021T1;6,4
Ambos sexos;B Industrias extractivas;Total;Valor absoluto;2023T4;36,2
Ambos sexos;B Industrias extractivas;Total;Valor absoluto;2023T3;29,6
Ambos sexos;B Industrias extractivas;Total;Valor absoluto;2023T2;28,1
Ambos sexos;B Industrias extractivas;Total;Valor absoluto;2023T1;28
Ambos sexos;B Industrias extractivas;Total;Valor absoluto;2022T4;29,6
Ambos sexos;B Industrias extractivas;Total;Valor absoluto;2022T3;29,7
Ambos sexos;B Industrias extractivas;Total;Valor absoluto;2022T2;29,1
Ambos sexos;B Industrias extractivas;Total;Valor absoluto;2022T1;27,8
Ambos sexos;B Industrias extractivas;Total;Valor absoluto;2021T4;30,4
Ambos sexos;B Industrias extractivas;Total;Valor absoluto;2021T3;32,7
Ambos sexos;B Industrias extractivas;Total;Valor absoluto;2021T2;31,6
Ambos sexos;B Industrias extractivas;Total;Valor absoluto;2021T1;32,7
Ambos sexos;B Industrias extractivas;Total;Porcentaje;2023T4;100
Ambos sexos;B Industrias extractivas;Total;Porcentaje;2023T3;100
Ambos sexos;B Industrias extractivas;Total;Porcentaje;2023T2;100
Ambos sexos;B Industrias extractivas;Total;Porcentaje;2023T1;100
Ambos sexos;B Industrias extractivas;Total;Porcentaje;2022T4;100
Ambos sexos;B Industrias extractivas;Total;Porcentaje;2022T3;100
Ambos sexos;B Industrias extractivas;Total;Porcentaje;2022T2;100
Ambos sexos;B Industrias extractivas;Total;Porcentaje;2022T1;100
Ambos sexos;B Industrias extractivas;Total;Porcentaje;2021T4;100
Ambos sexos;B Industrias extractivas;Total;Porcentaje;2021T3;100
Ambos sexos;B Industrias extractivas;Total;Porcentaje;2021T2;100
Ambos sexos;B Industrias extractivas;Total;Porcentaje;2021T1;100
Ambos sexos;B Industrias extractivas;Jornada a tiempo completo;Valor absoluto;2023T4;34,7
Ambos sexos;B Industrias extractivas;Jornada a tiempo completo;Valor absoluto;2023T3;28,2
Ambos sexos;B Industrias extractivas;Jornada a tiempo completo;Valor absoluto;2023T2;25,6
Ambos sexos;B Industrias extractivas;Jornada a tiempo completo;Valor absoluto;2023T1;27,9
Ambos sexos;B Industrias extractivas;Jornada a tiempo completo;Valor absoluto;2022T4;29,5
Ambos sexos;B Industrias extractivas;Jornada a tiempo completo;Valor absoluto;2022T3;29,6
Ambos sexos;B Industrias extractivas;Jornada a tiempo completo;Valor absoluto;2022T2;28,9
Ambos sexos;B Industrias extractivas;Jornada a tiempo completo;Valor absoluto;2022T1;27,5
Ambos sexos;B Industrias extractivas;Jornada a tiempo completo;Valor absoluto;2021T4;29,8
Ambos sexos;B Industrias extractivas;Jornada a tiempo completo;Valor absoluto;2021T3;31,4
Ambos sexos;B Industrias extractivas;Jornada a tiempo completo;Valor absoluto;2021T2;31,2
Ambos sexos;B Industrias extractivas;Jornada a tiempo completo;Valor absoluto;2021T1;31,6
Ambos sexos;B Industrias extractivas;Jornada a tiempo completo;Porcentaje;2023T4;95,9
Ambos sexos;B Industrias extractivas;Jornada a tiempo completo;Porcentaje;2023T3;95,4
Ambos sexos;B Industrias extractivas;Jornada a tiempo completo;Porcentaje;2023T2;91,2
Ambos sexos;B Industrias extractivas;Jornada a tiempo completo;Porcentaje;2023T1;99,5
Ambos sexos;B Industrias extractivas;Jornada a tiempo completo;Porcentaje;2022T4;99,5
Ambos sexos;B Industrias extractivas;Jornada a tiempo completo;Porcentaje;2022T3;99,5
Ambos sexos;B Industrias extractivas;Jornada a tiempo completo;Porcentaje;2022T2;99,4
Ambos sexos;B Industrias extractivas;Jornada a tiempo completo;Porcentaje;2022T1;99
Ambos sexos;B Industrias extractivas;Jornada a tiempo completo;Porcentaje;2021T4;98
Ambos sexos;B Industrias extractivas;Jornada a tiempo completo;Porcentaje;2021T3;96,3
Ambos sexos;B Industrias extractivas;Jornada a tiempo completo;Porcentaje;2021T2;98,5
Ambos sexos;B Industrias extractivas;Jornada a tiempo completo;Porcentaje;2021T1;96,8
Ambos sexos;B Industrias extractivas;Jornada a tiempo parcial;Valor absoluto;2023T4;1,5
Ambos sexos;B Industrias extractivas;Jornada a tiempo parcial;Valor absoluto;2023T3;1,4
Ambos sexos;B Industrias extractivas;Jornada a tiempo parcial;Valor absoluto;2023T2;2,5
Ambos sexos;B Industrias extractivas;Jornada a tiempo parcial;Valor absoluto;2023T1;0,2
Ambos sexos;B Industrias extractivas;Jornada a tiempo parcial;Valor absoluto;2022T4;0,1
Ambos sexos;B Industrias extractivas;Jornada a tiempo parcial;Valor absoluto;2022T3;0,1
Ambos sexos;B Industrias extractivas;Jornada a tiempo parcial;Valor absoluto;2022T2;0,2
Ambos sexos;B Industrias extractivas;Jornada a tiempo parcial;Valor absoluto;2022T1;0,3
Ambos sexos;B Industrias extractivas;Jornada a tiempo parcial;Valor absoluto;2021T4;0,6
Ambos sexos;B Industrias extractivas;Jornada a tiempo parcial;Valor absoluto;2021T3;1,2
Ambos sexos;B Industrias extractivas;Jornada a tiempo parcial;Valor absoluto;2021T2;0,5
Ambos sexos;B Industrias extractivas;Jornada a tiempo parcial;Valor absoluto;2021T1;1
Ambos sexos;B Industrias extractivas;Jornada a tiempo parcial;Porcentaje;2023T4;4,1
Ambos sexos;B Industrias extractivas;Jornada a tiempo parcial;Porcentaje;2023T3;4,6
Ambos sexos;B Industrias extractivas;Jornada a tiempo parcial;Porcentaje;2023T2;8,8
Ambos sexos;B Industrias extractivas;Jornada a tiempo parcial;Porcentaje;2023T1;0,5
Ambos sexos;B Industrias extractivas;Jornada a tiempo parcial;Porcentaje;2022T4;0,5
Ambos sexos;B Industrias extractivas;Jornada a tiempo parcial;Porcentaje;2022T3;0,5
Ambos sexos;B Industrias extractivas;Jornada a tiempo parcial;Porcentaje;2022T2;0,6
Ambos sexos;B Industrias extractivas;Jornada a tiempo parcial;Porcentaje;2022T1;1
Ambos sexos;B Industrias extractivas;Jornada a tiempo parcial;Porcentaje;2021T4;2
Ambos sexos;B Industrias extractivas;Jornada a tiempo parcial;Porcentaje;2021T3;3,7
Ambos sexos;B Industrias extractivas;Jornada a tiempo parcial;Porcentaje;2021T2;1,5
Ambos sexos;B Industrias extractivas;Jornada a tiempo parcial;Porcentaje;2021T1;3,2
Ambos sexos;C Industria manufacturera;Total;Valor absoluto;2023T4;2.553,6
Ambos sexos;C Industria manufacturera;Total;Valor absoluto;2023T3;2.567,7
Ambos sexos;C Industria manufacturera;Total;Valor absoluto;2023T2;2.481
Ambos sexos;C Industria manufacturera;Total;Valor absoluto;2023T1;2.534
Ambos sexos;C Industria manufacturera;Total;Valor absoluto;2022T4;2.544,6
Ambos sexos;C Industria manufacturera;Total;Valor absoluto;2022T3;2.548,2
Ambos sexos;C Industria manufacturera;Total;Valor absoluto;2022T2;2.503,6
Ambos sexos;C Industria manufacturera;Total;Valor absoluto;2022T1;2.423,7
Ambos sexos;C Industria manufacturera;Total;Valor absoluto;2021T4;2.489,3
Ambos sexos;C Industria manufacturera;Total;Valor absoluto;2021T3;2.447,4
Ambos sexos;C Industria manufacturera;Total;Valor absoluto;2021T2;2.393,3
Ambos sexos;C Industria manufacturera;Total;Valor absoluto;2021T1;2.361,7
Ambos sexos;C Industria manufacturera;Total;Porcentaje;2023T4;100
Ambos sexos;C Industria manufacturera;Total;Porcentaje;2023T3;100
Ambos sexos;C Industria manufacturera;Total;Porcentaje;2023T2;100
Ambos sexos;C Industria manufacturera;Total;Porcentaje;2023T1;100
Ambos sexos;C Industria manufacturera;Total;Porcentaje;2022T4;100
Ambos sexos;C Industria manufacturera;Total;Porcentaje;2022T3;100
Ambos sexos;C Industria manufacturera;Total;Porcentaje;2022T2;100
Ambos sexos;C Industria manufacturera;Total;Porcentaje;2022T1;100
Ambos sexos;C Industria manufacturera;Total;Porcentaje;2021T4;100
Ambos sexos;C Industria manufacturera;Total;Porcentaje;2021T3;100
Ambos sexos;C Industria manufacturera;Total;Porcentaje;2021T2;100
Ambos sexos;C Industria manufacturera;Total;Porcentaje;2021T1;100
Ambos sexos;C Industria manufacturera;Jornada a tiempo completo;Valor absoluto;2023T4;2.450,5
Ambos sexos;C Industria manufacturera;Jornada a tiempo completo;Valor absoluto;2023T3;2.467,1
Ambos sexos;C Industria manufacturera;Jornada a tiempo completo;Valor absoluto;2023T2;2.379
Ambos sexos;C Industria manufacturera;Jornada a tiempo completo;Valor absoluto;2023T1;2.432,2
Ambos sexos;C Industria manufacturera;Jornada a tiempo completo;Valor absoluto;2022T4;2.427
Ambos sexos;C Industria manufacturera;Jornada a tiempo completo;Valor absoluto;2022T3;2.428,7
Ambos sexos;C Industria manufacturera;Jornada a tiempo completo;Valor absoluto;2022T2;2.378,6
Ambos sexos;C Industria manufacturera;Jornada a tiempo completo;Valor absoluto;2022T1;2.300,6
Ambos sexos;C Industria manufacturera;Jornada a tiempo completo;Valor absoluto;2021T4;2.363,5
Ambos sexos;C Industria manufacturera;Jornada a tiempo completo;Valor absoluto;2021T3;2.331,2
Ambos sexos;C Industria manufacturera;Jornada a tiempo completo;Valor absoluto;2021T2;2.272,7
Ambos sexos;C Industria manufacturera;Jornada a tiempo completo;Valor absoluto;2021T1;2.252,5
Ambos sexos;C Industria manufacturera;Jornada a tiempo completo;Porcentaje;2023T4;96
Ambos sexos;C Industria manufacturera;Jornada a tiempo completo;Porcentaje;2023T3;96,1
Ambos sexos;C Industria manufacturera;Jornada a tiempo completo;Porcentaje;2023T2;95,9
Ambos sexos;C Industria manufacturera;Jornada a tiempo completo;Porcentaje;2023T1;96
Ambos sexos;C Industria manufacturera;Jornada a tiempo completo;Porcentaje;2022T4;95,4
Ambos sexos;C Industria manufacturera;Jornada a tiempo completo;Porcentaje;2022T3;95,3
Ambos sexos;C Industria manufacturera;Jornada a tiempo completo;Porcentaje;2022T2;95
Ambos sexos;C Industria manufacturera;Jornada a tiempo completo;Porcentaje;2022T1;94,9
Ambos sexos;C Industria manufacturera;Jornada a tiempo completo;Porcentaje;2021T4;94,9
Ambos sexos;C Industria manufacturera;Jornada a tiempo completo;Porcentaje;2021T3;95,3
Ambos sexos;C Industria manufacturera;Jornada a tiempo completo;Porcentaje;2021T2;95
Ambos sexos;C Industria manufacturera;Jornada a tiempo completo;Porcentaje;2021T1;95,4
Ambos sexos;C Industria manufacturera;Jornada a tiempo parcial;Valor absoluto;2023T4;103
Ambos sexos;C Industria manufacturera;Jornada a tiempo parcial;Valor absoluto;2023T3;100,6
Ambos sexos;C Industria manufacturera;Jornada a tiempo parcial;Valor absoluto;2023T2;102
Ambos sexos;C Industria manufacturera;Jornada a tiempo parcial;Valor absoluto;2023T1;101,8
Ambos sexos;C Industria manufacturera;Jornada a tiempo parcial;Valor absoluto;2022T4;117,6
Ambos sexos;C Industria manufacturera;Jornada a tiempo parcial;Valor absoluto;2022T3;119,6
Ambos sexos;C Industria manufacturera;Jornada a tiempo parcial;Valor absoluto;2022T2;125
Ambos sexos;C Industria manufacturera;Jornada a tiempo parcial;Valor absoluto;2022T1;123,2
Ambos sexos;C Industria manufacturera;Jornada a tiempo parcial;Valor absoluto;2021T4;125,8
Ambos sexos;C Industria manufacturera;Jornada a tiempo parcial;Valor absoluto;2021T3;116,2
Ambos sexos;C Industria manufacturera;Jornada a tiempo parcial;Valor absoluto;2021T2;120,6
Ambos sexos;C Industria manufacturera;Jornada a tiempo parcial;Valor absoluto;2021T1;109,3
Ambos sexos;C Industria manufacturera;Jornada a tiempo parcial;Porcentaje;2023T4;4
Ambos sexos;C Industria manufacturera;Jornada a tiempo parcial;Porcentaje;2023T3;3,9
Ambos sexos;C Industria manufacturera;Jornada a tiempo parcial;Porcentaje;2023T2;4,1
Ambos sexos;C Industria manufacturera;Jornada a tiempo parcial;Porcentaje;2023T1;4
Ambos sexos;C Industria manufacturera;Jornada a tiempo parcial;Porcentaje;2022T4;4,6
Ambos sexos;C Industria manufacturera;Jornada a tiempo parcial;Porcentaje;2022T3;4,7
Ambos sexos;C Industria manufacturera;Jornada a tiempo parcial;Porcentaje;2022T2;5
Ambos sexos;C Industria manufacturera;Jornada a tiempo parcial;Porcentaje;2022T1;5,1
Ambos sexos;C Industria manufacturera;Jornada a tiempo parcial;Porcentaje;2021T4;5,1
Ambos sexos;C Industria manufacturera;Jornada a tiempo parcial;Porcentaje;2021T3;4,7
Ambos sexos;C Industria manufacturera;Jornada a tiempo parcial;Porcentaje;2021T2;5
Ambos sexos;C Industria manufacturera;Jornada a tiempo parcial;Porcentaje;2021T1;4,6
Ambos sexos;D Suministro de energía eléctrica, gas, vapor y aire acondicionado;Total;Valor absoluto;2023T4;98,2
Ambos sexos;D Suministro de energía eléctrica, gas, vapor y aire acondicionado;Total;Valor absoluto;2023T3;89,3
Ambos sexos;D Suministro de energía eléctrica, gas, vapor y aire acondicionado;Total;Valor absoluto;2023T2;85,4
Ambos sexos;D Suministro de energía eléctrica, gas, vapor y aire acondicionado;Total;Valor absoluto;2023T1;86,4
Ambos sexos;D Suministro de energía eléctrica, gas, vapor y aire acondicionado;Total;Valor absoluto;2022T4;80,7
Ambos sexos;D Suministro de energía eléctrica, gas, vapor y aire acondicionado;Total;Valor absoluto;2022T3;82,2
Ambos sexos;D Suministro de energía eléctrica, gas, vapor y aire acondicionado;Total;Valor absoluto;2022T2;105,8
Ambos sexos;D Suministro de energía eléctrica, gas, vapor y aire acondicionado;Total;Valor absoluto;2022T1;102,3
Ambos sexos;D Suministro de energía eléctrica, gas, vapor y aire acondicionado;Total;Valor absoluto;2021T4;91,5
Ambos sexos;D Suministro de energía eléctrica, gas, vapor y aire acondicionado;Total;Valor absoluto;2021T3;89,3
Ambos sexos;D Suministro de energía eléctrica, gas, vapor y aire acondicionado;Total;Valor absoluto;2021T2;90,9
Ambos sexos;D Suministro de energía eléctrica, gas, vapor y aire acondicionado;Total;Valor absoluto;2021T1;94,3
Ambos sexos;D Suministro de energía eléctrica, gas, vapor y aire acondicionado;Total;Porcentaje;2023T4;100
Ambos sexos;D Suministro de energía eléctrica, gas, vapor y aire acondicionado;Total;Porcentaje;2023T3;100
Ambos sexos;D Suministro de energía eléctrica, gas, vapor y aire acondicionado;Total;Porcentaje;2023T2;100
Ambos sexos;D Suministro de energía eléctrica, gas, vapor y aire acondicionado;Total;Porcentaje;2023T1;100
Ambos sexos;D Suministro de energía eléctrica, gas, vapor y aire acondicionado;Total;Porcentaje;2022T4;100
Ambos sexos;D Suministro de energía eléctrica, gas, vapor y aire acondicionado;Total;Porcentaje;2022T3;100
Ambos sexos;D Suministro de energía eléctrica, gas, vapor y aire acondicionado;Total;Porcentaje;2022T2;100
Ambos sexos;D Suministro de energía eléctrica, gas, vapor y aire acondicionado;Total;Porcentaje;2022T1;100
Ambos sexos;D Suministro de energía eléctrica, gas, vapor y aire acondicionado;Total;Porcentaje;2021T4;100
Ambos sexos;D Suministro de energía eléctrica, gas, vapor y aire acondicionado;Total;Porcentaje;2021T3;100
Ambos sexos;D Suministro de energía eléctrica, gas, vapor y aire acondicionado;Total;Porcentaje;2021T2;100
Ambos sexos;D Suministro de energía eléctrica, gas, vapor y aire acondicionado;Total;Porcentaje;2021T1;100
Ambos sexos;D Suministro de energía eléctrica, gas, vapor y aire acondicionado;Jornada a tiempo completo;Valor absoluto;2023T4;92,9
Ambos sexos;D Suministro de energía eléctrica, gas, vapor y aire acondicionado;Jornada a tiempo completo;Valor absoluto;2023T3;87,2
Ambos sexos;D Suministro de energía eléctrica, gas, vapor y aire acondicionado;Jornada a tiempo completo;Valor absoluto;2023T2;83,1
Ambos sexos;D Suministro de energía eléctrica, gas, vapor y aire acondicionado;Jornada a tiempo completo;Valor absoluto;2023T1;82
Ambos sexos;D Suministro de energía eléctrica, gas, vapor y aire acondicionado;Jornada a tiempo completo;Valor absoluto;2022T4;77,3
Ambos sexos;D Suministro de energía eléctrica, gas, vapor y aire acondicionado;Jornada a tiempo completo;Valor absoluto;2022T3;78,6
Ambos sexos;D Suministro de energía eléctrica, gas, vapor y aire acondicionado;Jornada a tiempo completo;Valor absoluto;2022T2;100,9
Ambos sexos;D Suministro de energía eléctrica, gas, vapor y aire acondicionado;Jornada a tiempo completo;Valor absoluto;2022T1;96,7
Ambos sexos;D Suministro de energía eléctrica, gas, vapor y aire acondicionado;Jornada a tiempo completo;Valor absoluto;2021T4;87,5
Ambos sexos;D Suministro de energía eléctrica, gas, vapor y aire acondicionado;Jornada a tiempo completo;Valor absoluto;2021T3;84
Ambos sexos;D Suministro de energía eléctrica, gas, vapor y aire acondicionado;Jornada a tiempo completo;Valor absoluto;2021T2;86,1
Ambos sexos;D Suministro de energía eléctrica, gas, vapor y aire acondicionado;Jornada a tiempo completo;Valor absoluto;2021T1;89
Ambos sexos;D Suministro de energía eléctrica, gas, vapor y aire acondicionado;Jornada a tiempo completo;Porcentaje;2023T4;94,7
Ambos sexos;D Suministro de energía eléctrica, gas, vapor y aire acondicionado;Jornada a tiempo completo;Porcentaje;2023T3;97,7
Ambos sexos;D Suministro de energía eléctrica, gas, vapor y aire acondicionado;Jornada a tiempo completo;Porcentaje;2023T2;97,3
Ambos sexos;D Suministro de energía eléctrica, gas, vapor y aire acondicionado;Jornada a tiempo completo;Porcentaje;2023T1;94,8
Ambos sexos;D Suministro de energía eléctrica, gas, vapor y aire acondicionado;Jornada a tiempo completo;Porcentaje;2022T4;95,7
Ambos sexos;D Suministro de energía eléctrica, gas, vapor y aire acondicionado;Jornada a tiempo completo;Porcentaje;2022T3;95,6
Ambos sexos;D Suministro de energía eléctrica, gas, vapor y aire acondicionado;Jornada a tiempo completo;Porcentaje;2022T2;95,3
Ambos sexos;D Suministro de energía eléctrica, gas, vapor y aire acondicionado;Jornada a tiempo completo;Porcentaje;2022T1;94,5
Ambos sexos;D Suministro de energía eléctrica, gas, vapor y aire acondicionado;Jornada a tiempo completo;Porcentaje;2021T4;95,6
Ambos sexos;D Suministro de energía eléctrica, gas, vapor y aire acondicionado;Jornada a tiempo completo;Porcentaje;2021T3;94,1
Ambos sexos;D Suministro de energía eléctrica, gas, vapor y aire acondicionado;Jornada a tiempo completo;Porcentaje;2021T2;94,8
Ambos sexos;D Suministro de energía eléctrica, gas, vapor y aire acondicionado;Jornada a tiempo completo;Porcentaje;2021T1;94,4
Ambos sexos;D Suministro de energía eléctrica, gas, vapor y aire acondicionado;Jornada a tiempo parcial;Valor absoluto;2023T4;5,2
Ambos sexos;D Suministro de energía eléctrica, gas, vapor y aire acondicionado;Jornada a tiempo parcial;Valor absoluto;2023T3;2,1
Ambos sexos;D Suministro de energía eléctrica, gas, vapor y aire acondicionado;Jornada a tiempo parcial;Valor absoluto;2023T2;2,3
Ambos sexos;D Suministro de energía eléctrica, gas, vapor y aire acondicionado;Jornada a tiempo parcial;Valor absoluto;2023T1;4,5
Ambos sexos;D Suministro de energía eléctrica, gas, vapor y aire acondicionado;Jornada a tiempo parcial;Valor absoluto;2022T4;3,4
Ambos sexos;D Suministro de energía eléctrica, gas, vapor y aire acondicionado;Jornada a tiempo parcial;Valor absoluto;2022T3;3,6
Ambos sexos;D Suministro de energía eléctrica, gas, vapor y aire acondicionado;Jornada a tiempo parcial;Valor absoluto;2022T2;5
Ambos sexos;D Suministro de energía eléctrica, gas, vapor y aire acondicionado;Jornada a tiempo parcial;Valor absoluto;2022T1;5,7
Ambos sexos;D Suministro de energía eléctrica, gas, vapor y aire acondicionado;Jornada a tiempo parcial;Valor absoluto;2021T4;4
Ambos sexos;D Suministro de energía eléctrica, gas, vapor y aire acondicionado;Jornada a tiempo parcial;Valor absoluto;2021T3;5,3
Ambos sexos;D Suministro de energía eléctrica, gas, vapor y aire acondicionado;Jornada a tiempo parcial;Valor absoluto;2021T2;4,7
Ambos sexos;D Suministro de energía eléctrica, gas, vapor y aire acondicionado;Jornada a tiempo parcial;Valor absoluto;2021T1;5,3
Ambos sexos;D Suministro de energía eléctrica, gas, vapor y aire acondicionado;Jornada a tiempo parcial;Porcentaje;2023T4;5,3
Ambos sexos;D Suministro de energía eléctrica, gas, vapor y aire acondicionado;Jornada a tiempo parcial;Porcentaje;2023T3;2,3
Ambos sexos;D Suministro de energía eléctrica, gas, vapor y aire acondicionado;Jornada a tiempo parcial;Porcentaje;2023T2;2,7
Ambos sexos;D Suministro de energía eléctrica, gas, vapor y aire acondicionado;Jornada a tiempo parcial;Porcentaje;2023T1;5,2
Ambos sexos;D Suministro de energía eléctrica, gas, vapor y aire acondicionado;Jornada a tiempo parcial;Porcentaje;2022T4;4,3
Ambos sexos;D Suministro de energía eléctrica, gas, vapor y aire acondicionado;Jornada a tiempo parcial;Porcentaje;2022T3;4,4
Ambos sexos;D Suministro de energía eléctrica, gas, vapor y aire acondicionado;Jornada a tiempo parcial;Porcentaje;2022T2;4,7
Ambos sexos;D Suministro de energía eléctrica, gas, vapor y aire acondicionado;Jornada a tiempo parcial;Porcentaje;2022T1;5,5
Ambos sexos;D Suministro de energía eléctrica, gas, vapor y aire acondicionado;Jornada a tiempo parcial;Porcentaje;2021T4;4,4
Ambos sexos;D Suministro de energía eléctrica, gas, vapor y aire acondicionado;Jornada a tiempo parcial;Porcentaje;2021T3;5,9
Ambos sexos;D Suministro de energía eléctrica, gas, vapor y aire acondicionado;Jornada a tiempo parcial;Porcentaje;2021T2;5,2
Ambos sexos;D Suministro de energía eléctrica, gas, vapor y aire acondicionado;Jornada a tiempo parcial;Porcentaje;2021T1;5,6
Ambos sexos;E Suministro de agua, actividades de saneamiento, gestión de residuos y descontaminación;Total;Valor absoluto;2023T4;142
Ambos sexos;E Suministro de agua, actividades de saneamiento, gestión de residuos y descontaminación;Total;Valor absoluto;2023T3;138,4
Ambos sexos;E Suministro de agua, actividades de saneamiento, gestión de residuos y descontaminación;Total;Valor absoluto;2023T2;131,6
Ambos sexos;E Suministro de agua, actividades de saneamiento, gestión de residuos y descontaminación;Total;Valor absoluto;2023T1;142,1
Ambos sexos;E Suministro de agua, actividades de saneamiento, gestión de residuos y descontaminación;Total;Valor absoluto;2022T4;146,8
Ambos sexos;E Suministro de agua, actividades de saneamiento, gestión de residuos y descontaminación;Total;Valor absoluto;2022T3;149,6
Ambos sexos;E Suministro de agua, actividades de saneamiento, gestión de residuos y descontaminación;Total;Valor absoluto;2022T2;138,1
Ambos sexos;E Suministro de agua, actividades de saneamiento, gestión de residuos y descontaminación;Total;Valor absoluto;2022T1;143,3
Ambos sexos;E Suministro de agua, actividades de saneamiento, gestión de residuos y descontaminación;Total;Valor absoluto;2021T4;153,9
Ambos sexos;E Suministro de agua, actividades de saneamiento, gestión de residuos y descontaminación;Total;Valor absoluto;2021T3;158,8
Ambos sexos;E Suministro de agua, actividades de saneamiento, gestión de residuos y descontaminación;Total;Valor absoluto;2021T2;149,3
Ambos sexos;E Suministro de agua, actividades de saneamiento, gestión de residuos y descontaminación;Total;Valor absoluto;2021T1;153,5
Ambos sexos;E Suministro de agua, actividades de saneamiento, gestión de residuos y descontaminación;Total;Porcentaje;2023T4;100
Ambos sexos;E Suministro de agua, actividades de saneamiento, gestión de residuos y descontaminación;Total;Porcentaje;2023T3;100
Ambos sexos;E Suministro de agua, actividades de saneamiento, gestión de residuos y descontaminación;Total;Porcentaje;2023T2;100
Ambos sexos;E Suministro de agua, actividades de saneamiento, gestión de residuos y descontaminación;Total;Porcentaje;2023T1;100
Ambos sexos;E Suministro de agua, actividades de saneamiento, gestión de residuos y descontaminación;Total;Porcentaje;2022T4;100
Ambos sexos;E Suministro de agua, actividades de saneamiento, gestión de residuos y descontaminación;Total;Porcentaje;2022T3;100
Ambos sexos;E Suministro de agua, actividades de saneamiento, gestión de residuos y descontaminación;Total;Porcentaje;2022T2;100
Ambos sexos;E Suministro de agua, actividades de saneamiento, gestión de residuos y descontaminación;Total;Porcentaje;2022T1;100
Ambos sexos;E Suministro de agua, actividades de saneamiento, gestión de residuos y descontaminación;Total;Porcentaje;2021T4;100
Ambos sexos;E Suministro de agua, actividades de saneamiento, gestión de residuos y descontaminación;Total;Porcentaje;2021T3;100
Ambos sexos;E Suministro de agua, actividades de saneamiento, gestión de residuos y descontaminación;Total;Porcentaje;2021T2;100
Ambos sexos;E Suministro de agua, actividades de saneamiento, gestión de residuos y descontaminación;Total;Porcentaje;2021T1;100
Ambos sexos;E Suministro de agua, actividades de saneamiento, gestión de residuos y descontaminación;Jornada a tiempo completo;Valor absoluto;2023T4;131
Ambos sexos;E Suministro de agua, actividades de saneamiento, gestión de residuos y descontaminación;Jornada a tiempo completo;Valor absoluto;2023T3;127,5
Ambos sexos;E Suministro de agua, actividades de saneamiento, gestión de residuos y descontaminación;Jornada a tiempo completo;Valor absoluto;2023T2;125,4
Ambos sexos;E Suministro de agua, actividades de saneamiento, gestión de residuos y descontaminación;Jornada a tiempo completo;Valor absoluto;2023T1;132,2
Ambos sexos;E Suministro de agua, actividades de saneamiento, gestión de residuos y descontaminación;Jornada a tiempo completo;Valor absoluto;2022T4;138,3
Ambos sexos;E Suministro de agua, actividades de saneamiento, gestión de residuos y descontaminación;Jornada a tiempo completo;Valor absoluto;2022T3;140,5
Ambos sexos;E Suministro de agua, actividades de saneamiento, gestión de residuos y descontaminación;Jornada a tiempo completo;Valor absoluto;2022T2;129,5
Ambos sexos;E Suministro de agua, actividades de saneamiento, gestión de residuos y descontaminación;Jornada a tiempo completo;Valor absoluto;2022T1;133,5
Ambos sexos;E Suministro de agua, actividades de saneamiento, gestión de residuos y descontaminación;Jornada a tiempo completo;Valor absoluto;2021T4;148,8
Ambos sexos;E Suministro de agua, actividades de saneamiento, gestión de residuos y descontaminación;Jornada a tiempo completo;Valor absoluto;2021T3;150,8
Ambos sexos;E Suministro de agua, actividades de saneamiento, gestión de residuos y descontaminación;Jornada a tiempo completo;Valor absoluto;2021T2;146,1
Ambos sexos;E Suministro de agua, actividades de saneamiento, gestión de residuos y descontaminación;Jornada a tiempo completo;Valor absoluto;2021T1;147,9
Ambos sexos;E Suministro de agua, actividades de saneamiento, gestión de residuos y descontaminación;Jornada a tiempo completo;Porcentaje;2023T4;92,3
Ambos sexos;E Suministro de agua, actividades de saneamiento, gestión de residuos y descontaminación;Jornada a tiempo completo;Porcentaje;2023T3;92,2
Ambos sexos;E Suministro de agua, actividades de saneamiento, gestión de residuos y descontaminación;Jornada a tiempo completo;Porcentaje;2023T2;95,3
Ambos sexos;E Suministro de agua, actividades de saneamiento, gestión de residuos y descontaminación;Jornada a tiempo completo;Porcentaje;2023T1;93
Ambos sexos;E Suministro de agua, actividades de saneamiento, gestión de residuos y descontaminación;Jornada a tiempo completo;Porcentaje;2022T4;94,2
Ambos sexos;E Suministro de agua, actividades de saneamiento, gestión de residuos y descontaminación;Jornada a tiempo completo;Porcentaje;2022T3;93,9
Ambos sexos;E Suministro de agua, actividades de saneamiento, gestión de residuos y descontaminación;Jornada a tiempo completo;Porcentaje;2022T2;93,8
Ambos sexos;E Suministro de agua, actividades de saneamiento, gestión de residuos y descontaminación;Jornada a tiempo completo;Porcentaje;2022T1;93,1
Ambos sexos;E Suministro de agua, actividades de saneamiento, gestión de residuos y descontaminación;Jornada a tiempo completo;Porcentaje;2021T4;96,7
Ambos sexos;E Suministro de agua, actividades de saneamiento, gestión de residuos y descontaminación;Jornada a tiempo completo;Porcentaje;2021T3;95
Ambos sexos;E Suministro de agua, actividades de saneamiento, gestión de residuos y descontaminación;Jornada a tiempo completo;Porcentaje;2021T2;97,9
Ambos sexos;E Suministro de agua, actividades de saneamiento, gestión de residuos y descontaminación;Jornada a tiempo completo;Porcentaje;2021T1;96,4
Ambos sexos;E Suministro de agua, actividades de saneamiento, gestión de residuos y descontaminación;Jornada a tiempo parcial;Valor absoluto;2023T4;11
Ambos sexos;E Suministro de agua, actividades de saneamiento, gestión de residuos y descontaminación;Jornada a tiempo parcial;Valor absoluto;2023T3;10,8
Ambos sexos;E Suministro de agua, actividades de saneamiento, gestión de residuos y descontaminación;Jornada a tiempo parcial;Valor absoluto;2023T2;6,2
Ambos sexos;E Suministro de agua, actividades de saneamiento, gestión de residuos y descontaminación;Jornada a tiempo parcial;Valor absoluto;2023T1;9,9
Ambos sexos;E Suministro de agua, actividades de saneamiento, gestión de residuos y descontaminación;Jornada a tiempo parcial;Valor absoluto;2022T4;8,5
Ambos sexos;E Suministro de agua, actividades de saneamiento, gestión de residuos y descontaminación;Jornada a tiempo parcial;Valor absoluto;2022T3;9,2
Ambos sexos;E Suministro de agua, actividades de saneamiento, gestión de residuos y descontaminación;Jornada a tiempo parcial;Valor absoluto;2022T2;8,6
Ambos sexos;E Suministro de agua, actividades de saneamiento, gestión de residuos y descontaminación;Jornada a tiempo parcial;Valor absoluto;2022T1;9,8
Ambos sexos;E Suministro de agua, actividades de saneamiento, gestión de residuos y descontaminación;Jornada a tiempo parcial;Valor absoluto;2021T4;5,1
Ambos sexos;E Suministro de agua, actividades de saneamiento, gestión de residuos y descontaminación;Jornada a tiempo parcial;Valor absoluto;2021T3;7,9
Ambos sexos;E Suministro de agua, actividades de saneamiento, gestión de residuos y descontaminación;Jornada a tiempo parcial;Valor absoluto;2021T2;3,2
Ambos sexos;E Suministro de agua, actividades de saneamiento, gestión de residuos y descontaminación;Jornada a tiempo parcial;Valor absoluto;2021T1;5,5
Ambos sexos;E Suministro de agua, actividades de saneamiento, gestión de residuos y descontaminación;Jornada a tiempo parcial;Porcentaje;2023T4;7,7
Ambos sexos;E Suministro de agua, actividades de saneamiento, gestión de residuos y descontaminación;Jornada a tiempo parcial;Porcentaje;2023T3;7,8
Ambos sexos;E Suministro de agua, actividades de saneamiento, gestión de residuos y descontaminación;Jornada a tiempo parcial;Porcentaje;2023T2;4,7
Ambos sexos;E Suministro de agua, actividades de saneamiento, gestión de residuos y descontaminación;Jornada a tiempo parcial;Porcentaje;2023T1;7
Ambos sexos;E Suministro de agua, actividades de saneamiento, gestión de residuos y descontaminación;Jornada a tiempo parcial;Porcentaje;2022T4;5,8
Ambos sexos;E Suministro de agua, actividades de saneamiento, gestión de residuos y descontaminación;Jornada a tiempo parcial;Porcentaje;2022T3;6,1
Ambos sexos;E Suministro de agua, actividades de saneamiento, gestión de residuos y descontaminación;Jornada a tiempo parcial;Porcentaje;2022T2;6,2
Ambos sexos;E Suministro de agua, actividades de saneamiento, gestión de residuos y descontaminación;Jornada a tiempo parcial;Porcentaje;2022T1;6,9
Ambos sexos;E Suministro de agua, actividades de saneamiento, gestión de residuos y descontaminación;Jornada a tiempo parcial;Porcentaje;2021T4;3,3
Ambos sexos;E Suministro de agua, actividades de saneamiento, gestión de residuos y descontaminación;Jornada a tiempo parcial;Porcentaje;2021T3;5
Ambos sexos;E Suministro de agua, actividades de saneamiento, gestión de residuos y descontaminación;Jornada a tiempo parcial;Porcentaje;2021T2;2,1
Ambos sexos;E Suministro de agua, actividades de saneamiento, gestión de residuos y descontaminación;Jornada a tiempo parcial;Porcentaje;2021T1;3,6
Ambos sexos;F Construcción;Total;Valor absoluto;2023T4;1.409,1
Ambos sexos;F Construcción;Total;Valor absoluto;2023T3;1.378,5
Ambos sexos;F Construcción;Total;Valor absoluto;2023T2;1.359
Ambos sexos;F Construcción;Total;Valor absoluto;2023T1;1.298,1
Ambos sexos;F Construcción;Total;Valor absoluto;2022T4;1.300,8
Ambos sexos;F Construcción;Total;Valor absoluto;2022T3;1.328,8
Ambos sexos;F Construcción;Total;Valor absoluto;2022T2;1.338,2
Ambos sexos;F Construcción;Total;Valor absoluto;2022T1;1.316,3
Ambos sexos;F Construcción;Total;Valor absoluto;2021T4;1.285,9
Ambos sexos;F Construcción;Total;Valor absoluto;2021T3;1.293,6
Ambos sexos;F Construcción;Total;Valor absoluto;2021T2;1.324,8
Ambos sexos;F Construcción;Total;Valor absoluto;2021T1;1.261,8
Ambos sexos;F Construcción;Total;Porcentaje;2023T4;100
Ambos sexos;F Construcción;Total;Porcentaje;2023T3;100
Ambos sexos;F Construcción;Total;Porcentaje;2023T2;100
Ambos sexos;F Construcción;Total;Porcentaje;2023T1;100
Ambos sexos;F Construcción;Total;Porcentaje;2022T4;100
Ambos sexos;F Construcción;Total;Porcentaje;2022T3;100
Ambos sexos;F Construcción;Total;Porcentaje;2022T2;100
Ambos sexos;F Construcción;Total;Porcentaje;2022T1;100
Ambos sexos;F Construcción;Total;Porcentaje;2021T4;100
Ambos sexos;F Construcción;Total;Porcentaje;2021T3;100
Ambos sexos;F Construcción;Total;Porcentaje;2021T2;100
Ambos sexos;F Construcción;Total;Porcentaje;2021T1;100
Ambos sexos;F Construcción;Jornada a tiempo completo;Valor absoluto;2023T4;1.352,2
Ambos sexos;F Construcción;Jornada a tiempo completo;Valor absoluto;2023T3;1.317,1
Ambos sexos;F Construcción;Jornada a tiempo completo;Valor absoluto;2023T2;1.298,4
Ambos sexos;F Construcción;Jornada a tiempo completo;Valor absoluto;2023T1;1.244
Ambos sexos;F Construcción;Jornada a tiempo completo;Valor absoluto;2022T4;1.240,7
Ambos sexos;F Construcción;Jornada a tiempo completo;Valor absoluto;2022T3;1.272,1
Ambos sexos;F Construcción;Jornada a tiempo completo;Valor absoluto;2022T2;1.273,3
Ambos sexos;F Construcción;Jornada a tiempo completo;Valor absoluto;2022T1;1.263
Ambos sexos;F Construcción;Jornada a tiempo completo;Valor absoluto;2021T4;1.230,2
Ambos sexos;F Construcción;Jornada a tiempo completo;Valor absoluto;2021T3;1.220,9
Ambos sexos;F Construcción;Jornada a tiempo completo;Valor absoluto;2021T2;1.260
Ambos sexos;F Construcción;Jornada a tiempo completo;Valor absoluto;2021T1;1.207,2
Ambos sexos;F Construcción;Jornada a tiempo completo;Porcentaje;2023T4;96
Ambos sexos;F Construcción;Jornada a tiempo completo;Porcentaje;2023T3;95,6
Ambos sexos;F Construcción;Jornada a tiempo completo;Porcentaje;2023T2;95,5
Ambos sexos;F Construcción;Jornada a tiempo completo;Porcentaje;2023T1;95,8
Ambos sexos;F Construcción;Jornada a tiempo completo;Porcentaje;2022T4;95,4
Ambos sexos;F Construcción;Jornada a tiempo completo;Porcentaje;2022T3;95,7
Ambos sexos;F Construcción;Jornada a tiempo completo;Porcentaje;2022T2;95,2
Ambos sexos;F Construcción;Jornada a tiempo completo;Porcentaje;2022T1;95,9
Ambos sexos;F Construcción;Jornada a tiempo completo;Porcentaje;2021T4;95,7
Ambos sexos;F Construcción;Jornada a tiempo completo;Porcentaje;2021T3;94,4
Ambos sexos;F Construcción;Jornada a tiempo completo;Porcentaje;2021T2;95,1
Ambos sexos;F Construcción;Jornada a tiempo completo;Porcentaje;2021T1;95,7
Ambos sexos;F Construcción;Jornada a tiempo parcial;Valor absoluto;2023T4;57
Ambos sexos;F Construcción;Jornada a tiempo parcial;Valor absoluto;2023T3;61,3
Ambos sexos;F Construcción;Jornada a tiempo parcial;Valor absoluto;2023T2;60,6
Ambos sexos;F Construcción;Jornada a tiempo parcial;Valor absoluto;2023T1;54,1
Ambos sexos;F Construcción;Jornada a tiempo parcial;Valor absoluto;2022T4;60,1
Ambos sexos;F Construcción;Jornada a tiempo parcial;Valor absoluto;2022T3;56,7
Ambos sexos;F Construcción;Jornada a tiempo parcial;Valor absoluto;2022T2;64,9
Ambos sexos;F Construcción;Jornada a tiempo parcial;Valor absoluto;2022T1;53,3
Ambos sexos;F Construcción;Jornada a tiempo parcial;Valor absoluto;2021T4;55,7
Ambos sexos;F Construcción;Jornada a tiempo parcial;Valor absoluto;2021T3;72,7
Ambos sexos;F Construcción;Jornada a tiempo parcial;Valor absoluto;2021T2;64,8
Ambos sexos;F Construcción;Jornada a tiempo parcial;Valor absoluto;2021T1;54,5
Ambos sexos;F Construcción;Jornada a tiempo parcial;Porcentaje;2023T4;4
Ambos sexos;F Construcción;Jornada a tiempo parcial;Porcentaje;2023T3;4,4
Ambos sexos;F Construcción;Jornada a tiempo parcial;Porcentaje;2023T2;4,5
Ambos sexos;F Construcción;Jornada a tiempo parcial;Porcentaje;2023T1;4,2
Ambos sexos;F Construcción;Jornada a tiempo parcial;Porcentaje;2022T4;4,6
Ambos sexos;F Construcción;Jornada a tiempo parcial;Porcentaje;2022T3;4,3
Ambos sexos;F Construcción;Jornada a tiempo parcial;Porcentaje;2022T2;4,8
Ambos sexos;F Construcción;Jornada a tiempo parcial;Porcentaje;2022T1;4,1
Ambos sexos;F Construcción;Jornada a tiempo parcial;Porcentaje;2021T4;4,3
Ambos sexos;F Construcción;Jornada a tiempo parcial;Porcentaje;2021T3;5,6
Ambos sexos;F Construcción;Jornada a tiempo parcial;Porcentaje;2021T2;4,9
Ambos sexos;F Construcción;Jornada a tiempo parcial;Porcentaje;2021T1;4,3
Ambos sexos;G Comercio al por mayor y al por menor, reparación de vehículos de motor y motocicletas;Total;Valor absoluto;2023T4;3.115,9
Ambos sexos;G Comercio al por mayor y al por menor, reparación de vehículos de motor y motocicletas;Total;Valor absoluto;2023T3;3.168,3
Ambos sexos;G Comercio al por mayor y al por menor, reparación de vehículos de motor y motocicletas;Total;Valor absoluto;2023T2;3.077,6
Ambos sexos;G Comercio al por mayor y al por menor, reparación de vehículos de motor y motocicletas;Total;Valor absoluto;2023T1;3.051,5
Ambos sexos;G Comercio al por mayor y al por menor, reparación de vehículos de motor y motocicletas;Total;Valor absoluto;2022T4;3.040,5
Ambos sexos;G Comercio al por mayor y al por menor, reparación de vehículos de motor y motocicletas;Total;Valor absoluto;2022T3;3.002,8
Ambos sexos;G Comercio al por mayor y al por menor, reparación de vehículos de motor y motocicletas;Total;Valor absoluto;2022T2;2.965,8
Ambos sexos;G Comercio al por mayor y al por menor, reparación de vehículos de motor y motocicletas;Total;Valor absoluto;2022T1;2.934
Ambos sexos;G Comercio al por mayor y al por menor, reparación de vehículos de motor y motocicletas;Total;Valor absoluto;2021T4;2.989,7
Ambos sexos;G Comercio al por mayor y al por menor, reparación de vehículos de motor y motocicletas;Total;Valor absoluto;2021T3;2.987,3
Ambos sexos;G Comercio al por mayor y al por menor, reparación de vehículos de motor y motocicletas;Total;Valor absoluto;2021T2;2.923,4
Ambos sexos;G Comercio al por mayor y al por menor, reparación de vehículos de motor y motocicletas;Total;Valor absoluto;2021T1;2.948
Ambos sexos;G Comercio al por mayor y al por menor, reparación de vehículos de motor y motocicletas;Total;Porcentaje;2023T4;100
Ambos sexos;G Comercio al por mayor y al por menor, reparación de vehículos de motor y motocicletas;Total;Porcentaje;2023T3;100
Ambos sexos;G Comercio al por mayor y al por menor, reparación de vehículos de motor y motocicletas;Total;Porcentaje;2023T2;100
Ambos sexos;G Comercio al por mayor y al por menor, reparación de vehículos de motor y motocicletas;Total;Porcentaje;2023T1;100
Ambos sexos;G Comercio al por mayor y al por menor, reparación de vehículos de motor y motocicletas;Total;Porcentaje;2022T4;100
Ambos sexos;G Comercio al por mayor y al por menor, reparación de vehículos de motor y motocicletas;Total;Porcentaje;2022T3;100
Ambos sexos;G Comercio al por mayor y al por menor, reparación de vehículos de motor y motocicletas;Total;Porcentaje;2022T2;100
Ambos sexos;G Comercio al por mayor y al por menor, reparación de vehículos de motor y motocicletas;Total;Porcentaje;2022T1;100
Ambos sexos;G Comercio al por mayor y al por menor, reparación de vehículos de motor y motocicletas;Total;Porcentaje;2021T4;100
Ambos sexos;G Comercio al por mayor y al por menor, reparación de vehículos de motor y motocicletas;Total;Porcentaje;2021T3;100
Ambos sexos;G Comercio al por mayor y al por menor, reparación de vehículos de motor y motocicletas;Total;Porcentaje;2021T2;100
Ambos sexos;G Comercio al por mayor y al por menor, reparación de vehículos de motor y motocicletas;Total;Porcentaje;2021T1;100
Ambos sexos;G Comercio al por mayor y al por menor, reparación de vehículos de motor y motocicletas;Jornada a tiempo completo;Valor absoluto;2023T4;2.660,4
Ambos sexos;G Comercio al por mayor y al por menor, reparación de vehículos de motor y motocicletas;Jornada a tiempo completo;Valor absoluto;2023T3;2.681,3
Ambos sexos;G Comercio al por mayor y al por menor, reparación de vehículos de motor y motocicletas;Jornada a tiempo completo;Valor absoluto;2023T2;2.623,9
Ambos sexos;G Comercio al por mayor y al por menor, reparación de vehículos de motor y motocicletas;Jornada a tiempo completo;Valor absoluto;2023T1;2.585,6
Ambos sexos;G Comercio al por mayor y al por menor, reparación de vehículos de motor y motocicletas;Jornada a tiempo completo;Valor absoluto;2022T4;2.554,8
Ambos sexos;G Comercio al por mayor y al por menor, reparación de vehículos de motor y motocicletas;Jornada a tiempo completo;Valor absoluto;2022T3;2.558,4
Ambos sexos;G Comercio al por mayor y al por menor, reparación de vehículos de motor y motocicletas;Jornada a tiempo completo;Valor absoluto;2022T2;2.494,8
Ambos sexos;G Comercio al por mayor y al por menor, reparación de vehículos de motor y motocicletas;Jornada a tiempo completo;Valor absoluto;2022T1;2.487,2
Ambos sexos;G Comercio al por mayor y al por menor, reparación de vehículos de motor y motocicletas;Jornada a tiempo completo;Valor absoluto;2021T4;2.542,6
Ambos sexos;G Comercio al por mayor y al por menor, reparación de vehículos de motor y motocicletas;Jornada a tiempo completo;Valor absoluto;2021T3;2.514,7
Ambos sexos;G Comercio al por mayor y al por menor, reparación de vehículos de motor y motocicletas;Jornada a tiempo completo;Valor absoluto;2021T2;2.460,2
Ambos sexos;G Comercio al por mayor y al por menor, reparación de vehículos de motor y motocicletas;Jornada a tiempo completo;Valor absoluto;2021T1;2.480,3
Ambos sexos;G Comercio al por mayor y al por menor, reparación de vehículos de motor y motocicletas;Jornada a tiempo completo;Porcentaje;2023T4;85,4
Ambos sexos;G Comercio al por mayor y al por menor, reparación de vehículos de motor y motocicletas;Jornada a tiempo completo;Porcentaje;2023T3;84,6
Ambos sexos;G Comercio al por mayor y al por menor, reparación de vehículos de motor y motocicletas;Jornada a tiempo completo;Porcentaje;2023T2;85,3
Ambos sexos;G Comercio al por mayor y al por menor, reparación de vehículos de motor y motocicletas;Jornada a tiempo completo;Porcentaje;2023T1;84,7
Ambos sexos;G Comercio al por mayor y al por menor, reparación de vehículos de motor y motocicletas;Jornada a tiempo completo;Porcentaje;2022T4;84
Ambos sexos;G Comercio al por mayor y al por menor, reparación de vehículos de motor y motocicletas;Jornada a tiempo completo;Porcentaje;2022T3;85,2
Ambos sexos;G Comercio al por mayor y al por menor, reparación de vehículos de motor y motocicletas;Jornada a tiempo completo;Porcentaje;2022T2;84,1
Ambos sexos;G Comercio al por mayor y al por menor, reparación de vehículos de motor y motocicletas;Jornada a tiempo completo;Porcentaje;2022T1;84,8
Ambos sexos;G Comercio al por mayor y al por menor, reparación de vehículos de motor y motocicletas;Jornada a tiempo completo;Porcentaje;2021T4;85
Ambos sexos;G Comercio al por mayor y al por menor, reparación de vehículos de motor y motocicletas;Jornada a tiempo completo;Porcentaje;2021T3;84,2
Ambos sexos;G Comercio al por mayor y al por menor, reparación de vehículos de motor y motocicletas;Jornada a tiempo completo;Porcentaje;2021T2;84,2
Ambos sexos;G Comercio al por mayor y al por menor, reparación de vehículos de motor y motocicletas;Jornada a tiempo completo;Porcentaje;2021T1;84,1
Ambos sexos;G Comercio al por mayor y al por menor, reparación de vehículos de motor y motocicletas;Jornada a tiempo parcial;Valor absoluto;2023T4;455,6
Ambos sexos;G Comercio al por mayor y al por menor, reparación de vehículos de motor y motocicletas;Jornada a tiempo parcial;Valor absoluto;2023T3;487
Ambos sexos;G Comercio al por mayor y al por menor, reparación de vehículos de motor y motocicletas;Jornada a tiempo parcial;Valor absoluto;2023T2;453,7
Ambos sexos;G Comercio al por mayor y al por menor, reparación de vehículos de motor y motocicletas;Jornada a tiempo parcial;Valor absoluto;2023T1;465,9
Ambos sexos;G Comercio al por mayor y al por menor, reparación de vehículos de motor y motocicletas;Jornada a tiempo parcial;Valor absoluto;2022T4;485,7
Ambos sexos;G Comercio al por mayor y al por menor, reparación de vehículos de motor y motocicletas;Jornada a tiempo parcial;Valor absoluto;2022T3;444,4
Ambos sexos;G Comercio al por mayor y al por menor, reparación de vehículos de motor y motocicletas;Jornada a tiempo parcial;Valor absoluto;2022T2;471
Ambos sexos;G Comercio al por mayor y al por menor, reparación de vehículos de motor y motocicletas;Jornada a tiempo parcial;Valor absoluto;2022T1;446,8
Ambos sexos;G Comercio al por mayor y al por menor, reparación de vehículos de motor y motocicletas;Jornada a tiempo parcial;Valor absoluto;2021T4;447,1
Ambos sexos;G Comercio al por mayor y al por menor, reparación de vehículos de motor y motocicletas;Jornada a tiempo parcial;Valor absoluto;2021T3;472,6
Ambos sexos;G Comercio al por mayor y al por menor, reparación de vehículos de motor y motocicletas;Jornada a tiempo parcial;Valor absoluto;2021T2;463,2
Ambos sexos;G Comercio al por mayor y al por menor, reparación de vehículos de motor y motocicletas;Jornada a tiempo parcial;Valor absoluto;2021T1;467,7
Ambos sexos;G Comercio al por mayor y al por menor, reparación de vehículos de motor y motocicletas;Jornada a tiempo parcial;Porcentaje;2023T4;14,6
Ambos sexos;G Comercio al por mayor y al por menor, reparación de vehículos de motor y motocicletas;Jornada a tiempo parcial;Porcentaje;2023T3;15,4
Ambos sexos;G Comercio al por mayor y al por menor, reparación de vehículos de motor y motocicletas;Jornada a tiempo parcial;Porcentaje;2023T2;14,7
Ambos sexos;G Comercio al por mayor y al por menor, reparación de vehículos de motor y motocicletas;Jornada a tiempo parcial;Porcentaje;2023T1;15,3
Ambos sexos;G Comercio al por mayor y al por menor, reparación de vehículos de motor y motocicletas;Jornada a tiempo parcial;Porcentaje;2022T4;16
Ambos sexos;G Comercio al por mayor y al por menor, reparación de vehículos de motor y motocicletas;Jornada a tiempo parcial;Porcentaje;2022T3;14,8
Ambos sexos;G Comercio al por mayor y al por menor, reparación de vehículos de motor y motocicletas;Jornada a tiempo parcial;Porcentaje;2022T2;15,9
Ambos sexos;G Comercio al por mayor y al por menor, reparación de vehículos de motor y motocicletas;Jornada a tiempo parcial;Porcentaje;2022T1;15,2
Ambos sexos;G Comercio al por mayor y al por menor, reparación de vehículos de motor y motocicletas;Jornada a tiempo parcial;Porcentaje;2021T4;15
Ambos sexos;G Comercio al por mayor y al por menor, reparación de vehículos de motor y motocicletas;Jornada a tiempo parcial;Porcentaje;2021T3;15,8
Ambos sexos;G Comercio al por mayor y al por menor, reparación de vehículos de motor y motocicletas;Jornada a tiempo parcial;Porcentaje;2021T2;15,8
Ambos sexos;G Comercio al por mayor y al por menor, reparación de vehículos de motor y motocicletas;Jornada a tiempo parcial;Porcentaje;2021T1;15,9
Ambos sexos;H Transporte y almacenamiento;Total;Valor absoluto;2023T4;1.144,9
Ambos sexos;H Transporte y almacenamiento;Total;Valor absoluto;2023T3;1.186
Ambos sexos;H Transporte y almacenamiento;Total;Valor absoluto;2023T2;1.163,6
Ambos sexos;H Transporte y almacenamiento;Total;Valor absoluto;2023T1;1.122,2
Ambos sexos;H Transporte y almacenamiento;Total;Valor absoluto;2022T4;1.148
Ambos sexos;H Transporte y almacenamiento;Total;Valor absoluto;2022T3;1.091,3
Ambos sexos;H Transporte y almacenamiento;Total;Valor absoluto;2022T2;1.083,2
Ambos sexos;H Transporte y almacenamiento;Total;Valor absoluto;2022T1;1.075,1
Ambos sexos;H Transporte y almacenamiento;Total;Valor absoluto;2021T4;1.078,2
Ambos sexos;H Transporte y almacenamiento;Total;Valor absoluto;2021T3;1.009,6
Ambos sexos;H Transporte y almacenamiento;Total;Valor absoluto;2021T2;994,3
Ambos sexos;H Transporte y almacenamiento;Total;Valor absoluto;2021T1;1.008,4
Ambos sexos;H Transporte y almacenamiento;Total;Porcentaje;2023T4;100
Ambos sexos;H Transporte y almacenamiento;Total;Porcentaje;2023T3;100
Ambos sexos;H Transporte y almacenamiento;Total;Porcentaje;2023T2;100
Ambos sexos;H Transporte y almacenamiento;Total;Porcentaje;2023T1;100
Ambos sexos;H Transporte y almacenamiento;Total;Porcentaje;2022T4;100
Ambos sexos;H Transporte y almacenamiento;Total;Porcentaje;2022T3;100
Ambos sexos;H Transporte y almacenamiento;Total;Porcentaje;2022T2;100
Ambos sexos;H Transporte y almacenamiento;Total;Porcentaje;2022T1;100
Ambos sexos;H Transporte y almacenamiento;Total;Porcentaje;2021T4;100
Ambos sexos;H Transporte y almacenamiento;Total;Porcentaje;2021T3;100
Ambos sexos;H Transporte y almacenamiento;Total;Porcentaje;2021T2;100
Ambos sexos;H Transporte y almacenamiento;Total;Porcentaje;2021T1;100
Ambos sexos;H Transporte y almacenamiento;Jornada a tiempo completo;Valor absoluto;2023T4;1.064,6
Ambos sexos;H Transporte y almacenamiento;Jornada a tiempo completo;Valor absoluto;2023T3;1.101,1
Ambos sexos;H Transporte y almacenamiento;Jornada a tiempo completo;Valor absoluto;2023T2;1.064,7
Ambos sexos;H Transporte y almacenamiento;Jornada a tiempo completo;Valor absoluto;2023T1;1.030,5
Ambos sexos;H Transporte y almacenamiento;Jornada a tiempo completo;Valor absoluto;2022T4;1.057,9
Ambos sexos;H Transporte y almacenamiento;Jornada a tiempo completo;Valor absoluto;2022T3;1.019,8
Ambos sexos;H Transporte y almacenamiento;Jornada a tiempo completo;Valor absoluto;2022T2;990
Ambos sexos;H Transporte y almacenamiento;Jornada a tiempo completo;Valor absoluto;2022T1;985,9
Ambos sexos;H Transporte y almacenamiento;Jornada a tiempo completo;Valor absoluto;2021T4;989,7
Ambos sexos;H Transporte y almacenamiento;Jornada a tiempo completo;Valor absoluto;2021T3;927,8
Ambos sexos;H Transporte y almacenamiento;Jornada a tiempo completo;Valor absoluto;2021T2;904,4
Ambos sexos;H Transporte y almacenamiento;Jornada a tiempo completo;Valor absoluto;2021T1;920,6
Ambos sexos;H Transporte y almacenamiento;Jornada a tiempo completo;Porcentaje;2023T4;93
Ambos sexos;H Transporte y almacenamiento;Jornada a tiempo completo;Porcentaje;2023T3;92,8
Ambos sexos;H Transporte y almacenamiento;Jornada a tiempo completo;Porcentaje;2023T2;91,5
Ambos sexos;H Transporte y almacenamiento;Jornada a tiempo completo;Porcentaje;2023T1;91,8
Ambos sexos;H Transporte y almacenamiento;Jornada a tiempo completo;Porcentaje;2022T4;92,2
Ambos sexos;H Transporte y almacenamiento;Jornada a tiempo completo;Porcentaje;2022T3;93,4
Ambos sexos;H Transporte y almacenamiento;Jornada a tiempo completo;Porcentaje;2022T2;91,4
Ambos sexos;H Transporte y almacenamiento;Jornada a tiempo completo;Porcentaje;2022T1;91,7
Ambos sexos;H Transporte y almacenamiento;Jornada a tiempo completo;Porcentaje;2021T4;91,8
Ambos sexos;H Transporte y almacenamiento;Jornada a tiempo completo;Porcentaje;2021T3;91,9
Ambos sexos;H Transporte y almacenamiento;Jornada a tiempo completo;Porcentaje;2021T2;91
Ambos sexos;H Transporte y almacenamiento;Jornada a tiempo completo;Porcentaje;2021T1;91,3
Ambos sexos;H Transporte y almacenamiento;Jornada a tiempo parcial;Valor absoluto;2023T4;80,3
Ambos sexos;H Transporte y almacenamiento;Jornada a tiempo parcial;Valor absoluto;2023T3;84,9
Ambos sexos;H Transporte y almacenamiento;Jornada a tiempo parcial;Valor absoluto;2023T2;98,9
Ambos sexos;H Transporte y almacenamiento;Jornada a tiempo parcial;Valor absoluto;2023T1;91,7
Ambos sexos;H Transporte y almacenamiento;Jornada a tiempo parcial;Valor absoluto;2022T4;90,1
Ambos sexos;H Transporte y almacenamiento;Jornada a tiempo parcial;Valor absoluto;2022T3;71,5
Ambos sexos;H Transporte y almacenamiento;Jornada a tiempo parcial;Valor absoluto;2022T2;93,2
Ambos sexos;H Transporte y almacenamiento;Jornada a tiempo parcial;Valor absoluto;2022T1;89,2
Ambos sexos;H Transporte y almacenamiento;Jornada a tiempo parcial;Valor absoluto;2021T4;88,5
Ambos sexos;H Transporte y almacenamiento;Jornada a tiempo parcial;Valor absoluto;2021T3;81,8
Ambos sexos;H Transporte y almacenamiento;Jornada a tiempo parcial;Valor absoluto;2021T2;89,9
Ambos sexos;H Transporte y almacenamiento;Jornada a tiempo parcial;Valor absoluto;2021T1;87,8
Ambos sexos;H Transporte y almacenamiento;Jornada a tiempo parcial;Porcentaje;2023T4;7
Ambos sexos;H Transporte y almacenamiento;Jornada a tiempo parcial;Porcentaje;2023T3;7,2
Ambos sexos;H Transporte y almacenamiento;Jornada a tiempo parcial;Porcentaje;2023T2;8,5
Ambos sexos;H Transporte y almacenamiento;Jornada a tiempo parcial;Porcentaje;2023T1;8,2
Ambos sexos;H Transporte y almacenamiento;Jornada a tiempo parcial;Porcentaje;2022T4;7,8
Ambos sexos;H Transporte y almacenamiento;Jornada a tiempo parcial;Porcentaje;2022T3;6,6
Ambos sexos;H Transporte y almacenamiento;Jornada a tiempo parcial;Porcentaje;2022T2;8,6
Ambos sexos;H Transporte y almacenamiento;Jornada a tiempo parcial;Porcentaje;2022T1;8,3
Ambos sexos;H Transporte y almacenamiento;Jornada a tiempo parcial;Porcentaje;2021T4;8,2
Ambos sexos;H Transporte y almacenamiento;Jornada a tiempo parcial;Porcentaje;2021T3;8,1
Ambos sexos;H Transporte y almacenamiento;Jornada a tiempo parcial;Porcentaje;2021T2;9
Ambos sexos;H Transporte y almacenamiento;Jornada a tiempo parcial;Porcentaje;2021T1;8,7
Ambos sexos;I Hostelería;Total;Valor absoluto;2023T4;1.687,5
Ambos sexos;I Hostelería;Total;Valor absoluto;2023T3;1.879,5
Ambos sexos;I Hostelería;Total;Valor absoluto;2023T2;1.832
Ambos sexos;I Hostelería;Total;Valor absoluto;2023T1;1.561,1
Ambos sexos;I Hostelería;Total;Valor absoluto;2022T4;1.606,9
Ambos sexos;I Hostelería;Total;Valor absoluto;2022T3;1.745,5
Ambos sexos;I Hostelería;Total;Valor absoluto;2022T2;1.709,8
Ambos sexos;I Hostelería;Total;Valor absoluto;2022T1;1.499,3
Ambos sexos;I Hostelería;Total;Valor absoluto;2021T4;1.516,2
Ambos sexos;I Hostelería;Total;Valor absoluto;2021T3;1.656,9
Ambos sexos;I Hostelería;Total;Valor absoluto;2021T2;1.443,1
Ambos sexos;I Hostelería;Total;Valor absoluto;2021T1;1.232,1
Ambos sexos;I Hostelería;Total;Porcentaje;2023T4;100
Ambos sexos;I Hostelería;Total;Porcentaje;2023T3;100
Ambos sexos;I Hostelería;Total;Porcentaje;2023T2;100
Ambos sexos;I Hostelería;Total;Porcentaje;2023T1;100
Ambos sexos;I Hostelería;Total;Porcentaje;2022T4;100
Ambos sexos;I Hostelería;Total;Porcentaje;2022T3;100
Ambos sexos;I Hostelería;Total;Porcentaje;2022T2;100
Ambos sexos;I Hostelería;Total;Porcentaje;2022T1;100
Ambos sexos;I Hostelería;Total;Porcentaje;2021T4;100
Ambos sexos;I Hostelería;Total;Porcentaje;2021T3;100
Ambos sexos;I Hostelería;Total;Porcentaje;2021T2;100
Ambos sexos;I Hostelería;Total;Porcentaje;2021T1;100
Ambos sexos;I Hostelería;Jornada a tiempo completo;Valor absoluto;2023T4;1.268,4
Ambos sexos;I Hostelería;Jornada a tiempo completo;Valor absoluto;2023T3;1.482,4
Ambos sexos;I Hostelería;Jornada a tiempo completo;Valor absoluto;2023T2;1.406,7
Ambos sexos;I Hostelería;Jornada a tiempo completo;Valor absoluto;2023T1;1.170,1
Ambos sexos;I Hostelería;Jornada a tiempo completo;Valor absoluto;2022T4;1.223,2
Ambos sexos;I Hostelería;Jornada a tiempo completo;Valor absoluto;2022T3;1.374,8
Ambos sexos;I Hostelería;Jornada a tiempo completo;Valor absoluto;2022T2;1.286,1
Ambos sexos;I Hostelería;Jornada a tiempo completo;Valor absoluto;2022T1;1.089,7
Ambos sexos;I Hostelería;Jornada a tiempo completo;Valor absoluto;2021T4;1.085
Ambos sexos;I Hostelería;Jornada a tiempo completo;Valor absoluto;2021T3;1.249,9
Ambos sexos;I Hostelería;Jornada a tiempo completo;Valor absoluto;2021T2;1.017
Ambos sexos;I Hostelería;Jornada a tiempo completo;Valor absoluto;2021T1;874,8
Ambos sexos;I Hostelería;Jornada a tiempo completo;Porcentaje;2023T4;75,2
Ambos sexos;I Hostelería;Jornada a tiempo completo;Porcentaje;2023T3;78,9
Ambos sexos;I Hostelería;Jornada a tiempo completo;Porcentaje;2023T2;76,8
Ambos sexos;I Hostelería;Jornada a tiempo completo;Porcentaje;2023T1;75
Ambos sexos;I Hostelería;Jornada a tiempo completo;Porcentaje;2022T4;76,1
Ambos sexos;I Hostelería;Jornada a tiempo completo;Porcentaje;2022T3;78,8
Ambos sexos;I Hostelería;Jornada a tiempo completo;Porcentaje;2022T2;75,2
Ambos sexos;I Hostelería;Jornada a tiempo completo;Porcentaje;2022T1;72,7
Ambos sexos;I Hostelería;Jornada a tiempo completo;Porcentaje;2021T4;71,6
Ambos sexos;I Hostelería;Jornada a tiempo completo;Porcentaje;2021T3;75,4
Ambos sexos;I Hostelería;Jornada a tiempo completo;Porcentaje;2021T2;70,5
Ambos sexos;I Hostelería;Jornada a tiempo completo;Porcentaje;2021T1;71
Ambos sexos;I Hostelería;Jornada a tiempo parcial;Valor absoluto;2023T4;419,1
Ambos sexos;I Hostelería;Jornada a tiempo parcial;Valor absoluto;2023T3;397,1
Ambos sexos;I Hostelería;Jornada a tiempo parcial;Valor absoluto;2023T2;425,3
Ambos sexos;I Hostelería;Jornada a tiempo parcial;Valor absoluto;2023T1;391
Ambos sexos;I Hostelería;Jornada a tiempo parcial;Valor absoluto;2022T4;383,7
Ambos sexos;I Hostelería;Jornada a tiempo parcial;Valor absoluto;2022T3;370,6
Ambos sexos;I Hostelería;Jornada a tiempo parcial;Valor absoluto;2022T2;423,7
Ambos sexos;I Hostelería;Jornada a tiempo parcial;Valor absoluto;2022T1;409,6
Ambos sexos;I Hostelería;Jornada a tiempo parcial;Valor absoluto;2021T4;431,3
Ambos sexos;I Hostelería;Jornada a tiempo parcial;Valor absoluto;2021T3;407
Ambos sexos;I Hostelería;Jornada a tiempo parcial;Valor absoluto;2021T2;426
Ambos sexos;I Hostelería;Jornada a tiempo parcial;Valor absoluto;2021T1;357,3
Ambos sexos;I Hostelería;Jornada a tiempo parcial;Porcentaje;2023T4;24,8
Ambos sexos;I Hostelería;Jornada a tiempo parcial;Porcentaje;2023T3;21,1
Ambos sexos;I Hostelería;Jornada a tiempo parcial;Porcentaje;2023T2;23,2
Ambos sexos;I Hostelería;Jornada a tiempo parcial;Porcentaje;2023T1;25
Ambos sexos;I Hostelería;Jornada a tiempo parcial;Porcentaje;2022T4;23,9
Ambos sexos;I Hostelería;Jornada a tiempo parcial;Porcentaje;2022T3;21,2
Ambos sexos;I Hostelería;Jornada a tiempo parcial;Porcentaje;2022T2;24,8
Ambos sexos;I Hostelería;Jornada a tiempo parcial;Porcentaje;2022T1;27,3
Ambos sexos;I Hostelería;Jornada a tiempo parcial;Porcentaje;2021T4;28,4
Ambos sexos;I Hostelería;Jornada a tiempo parcial;Porcentaje;2021T3;24,6
Ambos sexos;I Hostelería;Jornada a tiempo parcial;Porcentaje;2021T2;29,5
Ambos sexos;I Hostelería;Jornada a tiempo parcial;Porcentaje;2021T1;29
Ambos sexos;J Información y comunicaciones;Total;Valor absoluto;2023T4;769,8
Ambos sexos;J Información y comunicaciones;Total;Valor absoluto;2023T3;756,4
Ambos sexos;J Información y comunicaciones;Total;Valor absoluto;2023T2;761
Ambos sexos;J Información y comunicaciones;Total;Valor absoluto;2023T1;725
Ambos sexos;J Información y comunicaciones;Total;Valor absoluto;2022T4;717,5
Ambos sexos;J Información y comunicaciones;Total;Valor absoluto;2022T3;761,8
Ambos sexos;J Información y comunicaciones;Total;Valor absoluto;2022T2;742,6
Ambos sexos;J Información y comunicaciones;Total;Valor absoluto;2022T1;738,3
Ambos sexos;J Información y comunicaciones;Total;Valor absoluto;2021T4;709,4
Ambos sexos;J Información y comunicaciones;Total;Valor absoluto;2021T3;689,5
Ambos sexos;J Información y comunicaciones;Total;Valor absoluto;2021T2;656,2
Ambos sexos;J Información y comunicaciones;Total;Valor absoluto;2021T1;628
Ambos sexos;J Información y comunicaciones;Total;Porcentaje;2023T4;100
Ambos sexos;J Información y comunicaciones;Total;Porcentaje;2023T3;100
Ambos sexos;J Información y comunicaciones;Total;Porcentaje;2023T2;100
Ambos sexos;J Información y comunicaciones;Total;Porcentaje;2023T1;100
Ambos sexos;J Información y comunicaciones;Total;Porcentaje;2022T4;100
Ambos sexos;J Información y comunicaciones;Total;Porcentaje;2022T3;100
Ambos sexos;J Información y comunicaciones;Total;Porcentaje;2022T2;100
Ambos sexos;J Información y comunicaciones;Total;Porcentaje;2022T1;100
Ambos sexos;J Información y comunicaciones;Total;Porcentaje;2021T4;100
Ambos sexos;J Información y comunicaciones;Total;Porcentaje;2021T3;100
Ambos sexos;J Información y comunicaciones;Total;Porcentaje;2021T2;100
Ambos sexos;J Información y comunicaciones;Total;Porcentaje;2021T1;100
Ambos sexos;J Información y comunicaciones;Jornada a tiempo completo;Valor absoluto;2023T4;723,7
Ambos sexos;J Información y comunicaciones;Jornada a tiempo completo;Valor absoluto;2023T3;709,6
Ambos sexos;J Información y comunicaciones;Jornada a tiempo completo;Valor absoluto;2023T2;713,9
Ambos sexos;J Información y comunicaciones;Jornada a tiempo completo;Valor absoluto;2023T1;677,9
Ambos sexos;J Información y comunicaciones;Jornada a tiempo completo;Valor absoluto;2022T4;668,7
Ambos sexos;J Información y comunicaciones;Jornada a tiempo completo;Valor absoluto;2022T3;711,8
Ambos sexos;J Información y comunicaciones;Jornada a tiempo completo;Valor absoluto;2022T2;694,6
Ambos sexos;J Información y comunicaciones;Jornada a tiempo completo;Valor absoluto;2022T1;693,5
Ambos sexos;J Información y comunicaciones;Jornada a tiempo completo;Valor absoluto;2021T4;661,3
Ambos sexos;J Información y comunicaciones;Jornada a tiempo completo;Valor absoluto;2021T3;648,2
Ambos sexos;J Información y comunicaciones;Jornada a tiempo completo;Valor absoluto;2021T2;616,2
Ambos sexos;J Información y comunicaciones;Jornada a tiempo completo;Valor absoluto;2021T1;585,2
Ambos sexos;J Información y comunicaciones;Jornada a tiempo completo;Porcentaje;2023T4;94
Ambos sexos;J Información y comunicaciones;Jornada a tiempo completo;Porcentaje;2023T3;93,8
Ambos sexos;J Información y comunicaciones;Jornada a tiempo completo;Porcentaje;2023T2;93,8
Ambos sexos;J Información y comunicaciones;Jornada a tiempo completo;Porcentaje;2023T1;93,5
Ambos sexos;J Información y comunicaciones;Jornada a tiempo completo;Porcentaje;2022T4;93,2
Ambos sexos;J Información y comunicaciones;Jornada a tiempo completo;Porcentaje;2022T3;93,4
Ambos sexos;J Información y comunicaciones;Jornada a tiempo completo;Porcentaje;2022T2;93,5
Ambos sexos;J Información y comunicaciones;Jornada a tiempo completo;Porcentaje;2022T1;93,9
Ambos sexos;J Información y comunicaciones;Jornada a tiempo completo;Porcentaje;2021T4;93,2
Ambos sexos;J Información y comunicaciones;Jornada a tiempo completo;Porcentaje;2021T3;94
Ambos sexos;J Información y comunicaciones;Jornada a tiempo completo;Porcentaje;2021T2;93,9
Ambos sexos;J Información y comunicaciones;Jornada a tiempo completo;Porcentaje;2021T1;93,2
Ambos sexos;J Información y comunicaciones;Jornada a tiempo parcial;Valor absoluto;2023T4;46,1
Ambos sexos;J Información y comunicaciones;Jornada a tiempo parcial;Valor absoluto;2023T3;46,9
Ambos sexos;J Información y comunicaciones;Jornada a tiempo parcial;Valor absoluto;2023T2;47
Ambos sexos;J Información y comunicaciones;Jornada a tiempo parcial;Valor absoluto;2023T1;47,1
Ambos sexos;J Información y comunicaciones;Jornada a tiempo parcial;Valor absoluto;2022T4;48,8
Ambos sexos;J Información y comunicaciones;Jornada a tiempo parcial;Valor absoluto;2022T3;50,1
Ambos sexos;J Información y comunicaciones;Jornada a tiempo parcial;Valor absoluto;2022T2;48
Ambos sexos;J Información y comunicaciones;Jornada a tiempo parcial;Valor absoluto;2022T1;44,8
Ambos sexos;J Información y comunicaciones;Jornada a tiempo parcial;Valor absoluto;2021T4;48,1
Ambos sexos;J Información y comunicaciones;Jornada a tiempo parcial;Valor absoluto;2021T3;41,3
Ambos sexos;J Información y comunicaciones;Jornada a tiempo parcial;Valor absoluto;2021T2;40
Ambos sexos;J Información y comunicaciones;Jornada a tiempo parcial;Valor absoluto;2021T1;42,8
Ambos sexos;J Información y comunicaciones;Jornada a tiempo parcial;Porcentaje;2023T4;6
Ambos sexos;J Información y comunicaciones;Jornada a tiempo parcial;Porcentaje;2023T3;6,2
Ambos sexos;J Información y comunicaciones;Jornada a tiempo parcial;Porcentaje;2023T2;6,2
Ambos sexos;J Información y comunicaciones;Jornada a tiempo parcial;Porcentaje;2023T1;6,5
Ambos sexos;J Información y comunicaciones;Jornada a tiempo parcial;Porcentaje;2022T4;6,8
Ambos sexos;J Información y comunicaciones;Jornada a tiempo parcial;Porcentaje;2022T3;6,6
Ambos sexos;J Información y comunicaciones;Jornada a tiempo parcial;Porcentaje;2022T2;6,5
Ambos sexos;J Información y comunicaciones;Jornada a tiempo parcial;Porcentaje;2022T1;6,1
Ambos sexos;J Información y comunicaciones;Jornada a tiempo parcial;Porcentaje;2021T4;6,8
Ambos sexos;J Información y comunicaciones;Jornada a tiempo parcial;Porcentaje;2021T3;6
Ambos sexos;J Información y comunicaciones;Jornada a tiempo parcial;Porcentaje;2021T2;6,1
Ambos sexos;J Información y comunicaciones;Jornada a tiempo parcial;Porcentaje;2021T1;6,8
Ambos sexos;K Actividades financieras y de seguros;Total;Valor absoluto;2023T4;487,1
Ambos sexos;K Actividades financieras y de seguros;Total;Valor absoluto;2023T3;489,4
Ambos sexos;K Actividades financieras y de seguros;Total;Valor absoluto;2023T2;472,9
Ambos sexos;K Actividades financieras y de seguros;Total;Valor absoluto;2023T1;461,4
Ambos sexos;K Actividades financieras y de seguros;Total;Valor absoluto;2022T4;486,4
Ambos sexos;K Actividades financieras y de seguros;Total;Valor absoluto;2022T3;476,8
Ambos sexos;K Actividades financieras y de seguros;Total;Valor absoluto;2022T2;471,3
Ambos sexos;K Actividades financieras y de seguros;Total;Valor absoluto;2022T1;458
Ambos sexos;K Actividades financieras y de seguros;Total;Valor absoluto;2021T4;497,6
Ambos sexos;K Actividades financieras y de seguros;Total;Valor absoluto;2021T3;484,3
Ambos sexos;K Actividades financieras y de seguros;Total;Valor absoluto;2021T2;484,4
Ambos sexos;K Actividades financieras y de seguros;Total;Valor absoluto;2021T1;483,5
Ambos sexos;K Actividades financieras y de seguros;Total;Porcentaje;2023T4;100
Ambos sexos;K Actividades financieras y de seguros;Total;Porcentaje;2023T3;100
Ambos sexos;K Actividades financieras y de seguros;Total;Porcentaje;2023T2;100
Ambos sexos;K Actividades financieras y de seguros;Total;Porcentaje;2023T1;100
Ambos sexos;K Actividades financieras y de seguros;Total;Porcentaje;2022T4;100
Ambos sexos;K Actividades financieras y de seguros;Total;Porcentaje;2022T3;100
Ambos sexos;K Actividades financieras y de seguros;Total;Porcentaje;2022T2;100
Ambos sexos;K Actividades financieras y de seguros;Total;Porcentaje;2022T1;100
Ambos sexos;K Actividades financieras y de seguros;Total;Porcentaje;2021T4;100
Ambos sexos;K Actividades financieras y de seguros;Total;Porcentaje;2021T3;100
Ambos sexos;K Actividades financieras y de seguros;Total;Porcentaje;2021T2;100
Ambos sexos;K Actividades financieras y de seguros;Total;Porcentaje;2021T1;100
Ambos sexos;K Actividades financieras y de seguros;Jornada a tiempo completo;Valor absoluto;2023T4;455,7
Ambos sexos;K Actividades financieras y de seguros;Jornada a tiempo completo;Valor absoluto;2023T3;457,4
Ambos sexos;K Actividades financieras y de seguros;Jornada a tiempo completo;Valor absoluto;2023T2;449,5
Ambos sexos;K Actividades financieras y de seguros;Jornada a tiempo completo;Valor absoluto;2023T1;436,8
Ambos sexos;K Actividades financieras y de seguros;Jornada a tiempo completo;Valor absoluto;2022T4;454,7
Ambos sexos;K Actividades financieras y de seguros;Jornada a tiempo completo;Valor absoluto;2022T3;446
Ambos sexos;K Actividades financieras y de seguros;Jornada a tiempo completo;Valor absoluto;2022T2;445,4
Ambos sexos;K Actividades financieras y de seguros;Jornada a tiempo completo;Valor absoluto;2022T1;436,1
Ambos sexos;K Actividades financieras y de seguros;Jornada a tiempo completo;Valor absoluto;2021T4;470,7
Ambos sexos;K Actividades financieras y de seguros;Jornada a tiempo completo;Valor absoluto;2021T3;457,9
Ambos sexos;K Actividades financieras y de seguros;Jornada a tiempo completo;Valor absoluto;2021T2;454,6
Ambos sexos;K Actividades financieras y de seguros;Jornada a tiempo completo;Valor absoluto;2021T1;457,8
Ambos sexos;K Actividades financieras y de seguros;Jornada a tiempo completo;Porcentaje;2023T4;93,6
Ambos sexos;K Actividades financieras y de seguros;Jornada a tiempo completo;Porcentaje;2023T3;93,5
Ambos sexos;K Actividades financieras y de seguros;Jornada a tiempo completo;Porcentaje;2023T2;95,1
Ambos sexos;K Actividades financieras y de seguros;Jornada a tiempo completo;Porcentaje;2023T1;94,7
Ambos sexos;K Actividades financieras y de seguros;Jornada a tiempo completo;Porcentaje;2022T4;93,5
Ambos sexos;K Actividades financieras y de seguros;Jornada a tiempo completo;Porcentaje;2022T3;93,5
Ambos sexos;K Actividades financieras y de seguros;Jornada a tiempo completo;Porcentaje;2022T2;94,5
Ambos sexos;K Actividades financieras y de seguros;Jornada a tiempo completo;Porcentaje;2022T1;95,2
Ambos sexos;K Actividades financieras y de seguros;Jornada a tiempo completo;Porcentaje;2021T4;94,6
Ambos sexos;K Actividades financieras y de seguros;Jornada a tiempo completo;Porcentaje;2021T3;94,5
Ambos sexos;K Actividades financieras y de seguros;Jornada a tiempo completo;Porcentaje;2021T2;93,9
Ambos sexos;K Actividades financieras y de seguros;Jornada a tiempo completo;Porcentaje;2021T1;94,7
Ambos sexos;K Actividades financieras y de seguros;Jornada a tiempo parcial;Valor absoluto;2023T4;31,3
Ambos sexos;K Actividades financieras y de seguros;Jornada a tiempo parcial;Valor absoluto;2023T3;32
Ambos sexos;K Actividades financieras y de seguros;Jornada a tiempo parcial;Valor absoluto;2023T2;23,3
Ambos sexos;K Actividades financieras y de seguros;Jornada a tiempo parcial;Valor absoluto;2023T1;24,6
Ambos sexos;K Actividades financieras y de seguros;Jornada a tiempo parcial;Valor absoluto;2022T4;31,6
Ambos sexos;K Actividades financieras y de seguros;Jornada a tiempo parcial;Valor absoluto;2022T3;30,8
Ambos sexos;K Actividades financieras y de seguros;Jornada a tiempo parcial;Valor absoluto;2022T2;25,9
Ambos sexos;K Actividades financieras y de seguros;Jornada a tiempo parcial;Valor absoluto;2022T1;21,8
Ambos sexos;K Actividades financieras y de seguros;Jornada a tiempo parcial;Valor absoluto;2021T4;26,9
Ambos sexos;K Actividades financieras y de seguros;Jornada a tiempo parcial;Valor absoluto;2021T3;26,4
Ambos sexos;K Actividades financieras y de seguros;Jornada a tiempo parcial;Valor absoluto;2021T2;29,7
Ambos sexos;K Actividades financieras y de seguros;Jornada a tiempo parcial;Valor absoluto;2021T1;25,8
Ambos sexos;K Actividades financieras y de seguros;Jornada a tiempo parcial;Porcentaje;2023T4;6,4
Ambos sexos;K Actividades financieras y de seguros;Jornada a tiempo parcial;Porcentaje;2023T3;6,5
Ambos sexos;K Actividades financieras y de seguros;Jornada a tiempo parcial;Porcentaje;2023T2;4,9
Ambos sexos;K Actividades financieras y de seguros;Jornada a tiempo parcial;Porcentaje;2023T1;5,3
Ambos sexos;K Actividades financieras y de seguros;Jornada a tiempo parcial;Porcentaje;2022T4;6,5
Ambos sexos;K Actividades financieras y de seguros;Jornada a tiempo parcial;Porcentaje;2022T3;6,5
Ambos sexos;K Actividades financieras y de seguros;Jornada a tiempo parcial;Porcentaje;2022T2;5,5
Ambos sexos;K Actividades financieras y de seguros;Jornada a tiempo parcial;Porcentaje;2022T1;4,8
Ambos sexos;K Actividades financieras y de seguros;Jornada a tiempo parcial;Porcentaje;2021T4;5,4
Ambos sexos;K Actividades financieras y de seguros;Jornada a tiempo parcial;Porcentaje;2021T3;5,5
Ambos sexos;K Actividades financieras y de seguros;Jornada a tiempo parcial;Porcentaje;2021T2;6,1
Ambos sexos;K Actividades financieras y de seguros;Jornada a tiempo parcial;Porcentaje;2021T1;5,3
Ambos sexos;L Actividades inmobiliarias;Total;Valor absoluto;2023T4;172,6
Ambos sexos;L Actividades inmobiliarias;Total;Valor absoluto;2023T3;184,1
Ambos sexos;L Actividades inmobiliarias;Total;Valor absoluto;2023T2;187,1
Ambos sexos;L Actividades inmobiliarias;Total;Valor absoluto;2023T1;169,8
Ambos sexos;L Actividades inmobiliarias;Total;Valor absoluto;2022T4;173,5
Ambos sexos;L Actividades inmobiliarias;Total;Valor absoluto;2022T3;160,9
Ambos sexos;L Actividades inmobiliarias;Total;Valor absoluto;2022T2;155
Ambos sexos;L Actividades inmobiliarias;Total;Valor absoluto;2022T1;167,1
Ambos sexos;L Actividades inmobiliarias;Total;Valor absoluto;2021T4;154,8
Ambos sexos;L Actividades inmobiliarias;Total;Valor absoluto;2021T3;150,2
Ambos sexos;L Actividades inmobiliarias;Total;Valor absoluto;2021T2;147,3
Ambos sexos;L Actividades inmobiliarias;Total;Valor absoluto;2021T1;163,5
Ambos sexos;L Actividades inmobiliarias;Total;Porcentaje;2023T4;100
Ambos sexos;L Actividades inmobiliarias;Total;Porcentaje;2023T3;100
Ambos sexos;L Actividades inmobiliarias;Total;Porcentaje;2023T2;100
Ambos sexos;L Actividades inmobiliarias;Total;Porcentaje;2023T1;100
Ambos sexos;L Actividades inmobiliarias;Total;Porcentaje;2022T4;100
Ambos sexos;L Actividades inmobiliarias;Total;Porcentaje;2022T3;100
Ambos sexos;L Actividades inmobiliarias;Total;Porcentaje;2022T2;100
Ambos sexos;L Actividades inmobiliarias;Total;Porcentaje;2022T1;100
Ambos sexos;L Actividades inmobiliarias;Total;Porcentaje;2021T4;100
Ambos sexos;L Actividades inmobiliarias;Total;Porcentaje;2021T3;100
Ambos sexos;L Actividades inmobiliarias;Total;Porcentaje;2021T2;100
Ambos sexos;L Actividades inmobiliarias;Total;Porcentaje;2021T1;100
Ambos sexos;L Actividades inmobiliarias;Jornada a tiempo completo;Valor absoluto;2023T4;144,3
Ambos sexos;L Actividades inmobiliarias;Jornada a tiempo completo;Valor absoluto;2023T3;161,9
Ambos sexos;L Actividades inmobiliarias;Jornada a tiempo completo;Valor absoluto;2023T2;169,5
Ambos sexos;L Actividades inmobiliarias;Jornada a tiempo completo;Valor absoluto;2023T1;148,5
Ambos sexos;L Actividades inmobiliarias;Jornada a tiempo completo;Valor absoluto;2022T4;150,9
Ambos sexos;L Actividades inmobiliarias;Jornada a tiempo completo;Valor absoluto;2022T3;140,7
Ambos sexos;L Actividades inmobiliarias;Jornada a tiempo completo;Valor absoluto;2022T2;131
Ambos sexos;L Actividades inmobiliarias;Jornada a tiempo completo;Valor absoluto;2022T1;139,7
Ambos sexos;L Actividades inmobiliarias;Jornada a tiempo completo;Valor absoluto;2021T4;129,9
Ambos sexos;L Actividades inmobiliarias;Jornada a tiempo completo;Valor absoluto;2021T3;123,9
Ambos sexos;L Actividades inmobiliarias;Jornada a tiempo completo;Valor absoluto;2021T2;124
Ambos sexos;L Actividades inmobiliarias;Jornada a tiempo completo;Valor absoluto;2021T1;147,5
Ambos sexos;L Actividades inmobiliarias;Jornada a tiempo completo;Porcentaje;2023T4;83,6
Ambos sexos;L Actividades inmobiliarias;Jornada a tiempo completo;Porcentaje;2023T3;88
Ambos sexos;L Actividades inmobiliarias;Jornada a tiempo completo;Porcentaje;2023T2;90,6
Ambos sexos;L Actividades inmobiliarias;Jornada a tiempo completo;Porcentaje;2023T1;87,5
Ambos sexos;L Actividades inmobiliarias;Jornada a tiempo completo;Porcentaje;2022T4;87
Ambos sexos;L Actividades inmobiliarias;Jornada a tiempo completo;Porcentaje;2022T3;87,4
Ambos sexos;L Actividades inmobiliarias;Jornada a tiempo completo;Porcentaje;2022T2;84,5
Ambos sexos;L Actividades inmobiliarias;Jornada a tiempo completo;Porcentaje;2022T1;83,6
Ambos sexos;L Actividades inmobiliarias;Jornada a tiempo completo;Porcentaje;2021T4;83,9
Ambos sexos;L Actividades inmobiliarias;Jornada a tiempo completo;Porcentaje;2021T3;82,5
Ambos sexos;L Actividades inmobiliarias;Jornada a tiempo completo;Porcentaje;2021T2;84,2
Ambos sexos;L Actividades inmobiliarias;Jornada a tiempo completo;Porcentaje;2021T1;90,2
Ambos sexos;L Actividades inmobiliarias;Jornada a tiempo parcial;Valor absoluto;2023T4;28,3
Ambos sexos;L Actividades inmobiliarias;Jornada a tiempo parcial;Valor absoluto;2023T3;22,1
Ambos sexos;L Actividades inmobiliarias;Jornada a tiempo parcial;Valor absoluto;2023T2;17,5
Ambos sexos;L Actividades inmobiliarias;Jornada a tiempo parcial;Valor absoluto;2023T1;21,3
Ambos sexos;L Actividades inmobiliarias;Jornada a tiempo parcial;Valor absoluto;2022T4;22,6
Ambos sexos;L Actividades inmobiliarias;Jornada a tiempo parcial;Valor absoluto;2022T3;20,2
Ambos sexos;L Actividades inmobiliarias;Jornada a tiempo parcial;Valor absoluto;2022T2;24
Ambos sexos;L Actividades inmobiliarias;Jornada a tiempo parcial;Valor absoluto;2022T1;27,4
Ambos sexos;L Actividades inmobiliarias;Jornada a tiempo parcial;Valor absoluto;2021T4;24,8
Ambos sexos;L Actividades inmobiliarias;Jornada a tiempo parcial;Valor absoluto;2021T3;26,3
Ambos sexos;L Actividades inmobiliarias;Jornada a tiempo parcial;Valor absoluto;2021T2;23,2
Ambos sexos;L Actividades inmobiliarias;Jornada a tiempo parcial;Valor absoluto;2021T1;16
Ambos sexos;L Actividades inmobiliarias;Jornada a tiempo parcial;Porcentaje;2023T4;16,4
Ambos sexos;L Actividades inmobiliarias;Jornada a tiempo parcial;Porcentaje;2023T3;12
Ambos sexos;L Actividades inmobiliarias;Jornada a tiempo parcial;Porcentaje;2023T2;9,4
Ambos sexos;L Actividades inmobiliarias;Jornada a tiempo parcial;Porcentaje;2023T1;12,5
Ambos sexos;L Actividades inmobiliarias;Jornada a tiempo parcial;Porcentaje;2022T4;13
Ambos sexos;L Actividades inmobiliarias;Jornada a tiempo parcial;Porcentaje;2022T3;12,6
Ambos sexos;L Actividades inmobiliarias;Jornada a tiempo parcial;Porcentaje;2022T2;15,5
Ambos sexos;L Actividades inmobiliarias;Jornada a tiempo parcial;Porcentaje;2022T1;16,4
Ambos sexos;L Actividades inmobiliarias;Jornada a tiempo parcial;Porcentaje;2021T4;16,1
Ambos sexos;L Actividades inmobiliarias;Jornada a tiempo parcial;Porcentaje;2021T3;17,5
Ambos sexos;L Actividades inmobiliarias;Jornada a tiempo parcial;Porcentaje;2021T2;15,8
Ambos sexos;L Actividades inmobiliarias;Jornada a tiempo parcial;Porcentaje;2021T1;9,8
Ambos sexos;M Actividades profesionales, científicas y técnicas;Total;Valor absoluto;2023T4;1.263,3
Ambos sexos;M Actividades profesionales, científicas y técnicas;Total;Valor absoluto;2023T3;1.220,4
Ambos sexos;M Actividades profesionales, científicas y técnicas;Total;Valor absoluto;2023T2;1.244,4
Ambos sexos;M Actividades profesionales, científicas y técnicas;Total;Valor absoluto;2023T1;1.140,8
Ambos sexos;M Actividades profesionales, científicas y técnicas;Total;Valor absoluto;2022T4;1.098
Ambos sexos;M Actividades profesionales, científicas y técnicas;Total;Valor absoluto;2022T3;1.130,1
Ambos sexos;M Actividades profesionales, científicas y técnicas;Total;Valor absoluto;2022T2;1.110,7
Ambos sexos;M Actividades profesionales, científicas y técnicas;Total;Valor absoluto;2022T1;1.119
Ambos sexos;M Actividades profesionales, científicas y técnicas;Total;Valor absoluto;2021T4;1.113,7
Ambos sexos;M Actividades profesionales, científicas y técnicas;Total;Valor absoluto;2021T3;1.076,8
Ambos sexos;M Actividades profesionales, científicas y técnicas;Total;Valor absoluto;2021T2;1.074,4
Ambos sexos;M Actividades profesionales, científicas y técnicas;Total;Valor absoluto;2021T1;1.088,1
Ambos sexos;M Actividades profesionales, científicas y técnicas;Total;Porcentaje;2023T4;100
Ambos sexos;M Actividades profesionales, científicas y técnicas;Total;Porcentaje;2023T3;100
Ambos sexos;M Actividades profesionales, científicas y técnicas;Total;Porcentaje;2023T2;100
Ambos sexos;M Actividades profesionales, científicas y técnicas;Total;Porcentaje;2023T1;100
Ambos sexos;M Actividades profesionales, científicas y técnicas;Total;Porcentaje;2022T4;100
Ambos sexos;M Actividades profesionales, científicas y técnicas;Total;Porcentaje;2022T3;100
Ambos sexos;M Actividades profesionales, científicas y técnicas;Total;Porcentaje;2022T2;100
Ambos sexos;M Actividades profesionales, científicas y técnicas;Total;Porcentaje;2022T1;100
Ambos sexos;M Actividades profesionales, científicas y técnicas;Total;Porcentaje;2021T4;100
Ambos sexos;M Actividades profesionales, científicas y técnicas;Total;Porcentaje;2021T3;100
Ambos sexos;M Actividades profesionales, científicas y técnicas;Total;Porcentaje;2021T2;100
Ambos sexos;M Actividades profesionales, científicas y técnicas;Total;Porcentaje;2021T1;100
Ambos sexos;M Actividades profesionales, científicas y técnicas;Jornada a tiempo completo;Valor absoluto;2023T4;1.144,9
Ambos sexos;M Actividades profesionales, científicas y técnicas;Jornada a tiempo completo;Valor absoluto;2023T3;1.112,2
Ambos sexos;M Actividades profesionales, científicas y técnicas;Jornada a tiempo completo;Valor absoluto;2023T2;1.125,8
Ambos sexos;M Actividades profesionales, científicas y técnicas;Jornada a tiempo completo;Valor absoluto;2023T1;1.040,2
Ambos sexos;M Actividades profesionales, científicas y técnicas;Jornada a tiempo completo;Valor absoluto;2022T4;1.004,9
Ambos sexos;M Actividades profesionales, científicas y técnicas;Jornada a tiempo completo;Valor absoluto;2022T3;1.028,5
Ambos sexos;M Actividades profesionales, científicas y técnicas;Jornada a tiempo completo;Valor absoluto;2022T2;999,7
Ambos sexos;M Actividades profesionales, científicas y técnicas;Jornada a tiempo completo;Valor absoluto;2022T1;1.013,1
Ambos sexos;M Actividades profesionales, científicas y técnicas;Jornada a tiempo completo;Valor absoluto;2021T4;1.007,8
Ambos sexos;M Actividades profesionales, científicas y técnicas;Jornada a tiempo completo;Valor absoluto;2021T3;967,2
Ambos sexos;M Actividades profesionales, científicas y técnicas;Jornada a tiempo completo;Valor absoluto;2021T2;971,5
Ambos sexos;M Actividades profesionales, científicas y técnicas;Jornada a tiempo completo;Valor absoluto;2021T1;977,6
Ambos sexos;M Actividades profesionales, científicas y técnicas;Jornada a tiempo completo;Porcentaje;2023T4;90,6
Ambos sexos;M Actividades profesionales, científicas y técnicas;Jornada a tiempo completo;Porcentaje;2023T3;91,1
Ambos sexos;M Actividades profesionales, científicas y técnicas;Jornada a tiempo completo;Porcentaje;2023T2;90,5
Ambos sexos;M Actividades profesionales, científicas y técnicas;Jornada a tiempo completo;Porcentaje;2023T1;91,2
Ambos sexos;M Actividades profesionales, científicas y técnicas;Jornada a tiempo completo;Porcentaje;2022T4;91,5
Ambos sexos;M Actividades profesionales, científicas y técnicas;Jornada a tiempo completo;Porcentaje;2022T3;91
Ambos sexos;M Actividades profesionales, científicas y técnicas;Jornada a tiempo completo;Porcentaje;2022T2;90
Ambos sexos;M Actividades profesionales, científicas y técnicas;Jornada a tiempo completo;Porcentaje;2022T1;90,5
Ambos sexos;M Actividades profesionales, científicas y técnicas;Jornada a tiempo completo;Porcentaje;2021T4;90,5
Ambos sexos;M Actividades profesionales, científicas y técnicas;Jornada a tiempo completo;Porcentaje;2021T3;89,8
Ambos sexos;M Actividades profesionales, científicas y técnicas;Jornada a tiempo completo;Porcentaje;2021T2;90,4
Ambos sexos;M Actividades profesionales, científicas y técnicas;Jornada a tiempo completo;Porcentaje;2021T1;89,8
Ambos sexos;M Actividades profesionales, científicas y técnicas;Jornada a tiempo parcial;Valor absoluto;2023T4;118,4
Ambos sexos;M Actividades profesionales, científicas y técnicas;Jornada a tiempo parcial;Valor absoluto;2023T3;108,2
Ambos sexos;M Actividades profesionales, científicas y técnicas;Jornada a tiempo parcial;Valor absoluto;2023T2;118,6
Ambos sexos;M Actividades profesionales, científicas y técnicas;Jornada a tiempo parcial;Valor absoluto;2023T1;100,7
Ambos sexos;M Actividades profesionales, científicas y técnicas;Jornada a tiempo parcial;Valor absoluto;2022T4;93,1
Ambos sexos;M Actividades profesionales, científicas y técnicas;Jornada a tiempo parcial;Valor absoluto;2022T3;101,6
Ambos sexos;M Actividades profesionales, científicas y técnicas;Jornada a tiempo parcial;Valor absoluto;2022T2;111
Ambos sexos;M Actividades profesionales, científicas y técnicas;Jornada a tiempo parcial;Valor absoluto;2022T1;105,9
Ambos sexos;M Actividades profesionales, científicas y técnicas;Jornada a tiempo parcial;Valor absoluto;2021T4;105,9
Ambos sexos;M Actividades profesionales, científicas y técnicas;Jornada a tiempo parcial;Valor absoluto;2021T3;109,7
Ambos sexos;M Actividades profesionales, científicas y técnicas;Jornada a tiempo parcial;Valor absoluto;2021T2;102,9
Ambos sexos;M Actividades profesionales, científicas y técnicas;Jornada a tiempo parcial;Valor absoluto;2021T1;110,5
Ambos sexos;M Actividades profesionales, científicas y técnicas;Jornada a tiempo parcial;Porcentaje;2023T4;9,4
Ambos sexos;M Actividades profesionales, científicas y técnicas;Jornada a tiempo parcial;Porcentaje;2023T3;8,9
Ambos sexos;M Actividades profesionales, científicas y técnicas;Jornada a tiempo parcial;Porcentaje;2023T2;9,5
Ambos sexos;M Actividades profesionales, científicas y técnicas;Jornada a tiempo parcial;Porcentaje;2023T1;8,8
Ambos sexos;M Actividades profesionales, científicas y técnicas;Jornada a tiempo parcial;Porcentaje;2022T4;8,5
Ambos sexos;M Actividades profesionales, científicas y técnicas;Jornada a tiempo parcial;Porcentaje;2022T3;9
Ambos sexos;M Actividades profesionales, científicas y técnicas;Jornada a tiempo parcial;Porcentaje;2022T2;10
Ambos sexos;M Actividades profesionales, científicas y técnicas;Jornada a tiempo parcial;Porcentaje;2022T1;9,5
Ambos sexos;M Actividades profesionales, científicas y técnicas;Jornada a tiempo parcial;Porcentaje;2021T4;9,5
Ambos sexos;M Actividades profesionales, científicas y técnicas;Jornada a tiempo parcial;Porcentaje;2021T3;10,2
Ambos sexos;M Actividades profesionales, científicas y técnicas;Jornada a tiempo parcial;Porcentaje;2021T2;9,6
Ambos sexos;M Actividades profesionales, científicas y técnicas;Jornada a tiempo parcial;Porcentaje;2021T1;10,2
Ambos sexos;N Actividades administrativas y servicios auxiliares;Total;Valor absoluto;2023T4;1.077,7
Ambos sexos;N Actividades administrativas y servicios auxiliares;Total;Valor absoluto;2023T3;1.077
Ambos sexos;N Actividades administrativas y servicios auxiliares;Total;Valor absoluto;2023T2;1.062,8
Ambos sexos;N Actividades administrativas y servicios auxiliares;Total;Valor absoluto;2023T1;1.017,7
Ambos sexos;N Actividades administrativas y servicios auxiliares;Total;Valor absoluto;2022T4;1.045,5
Ambos sexos;N Actividades administrativas y servicios auxiliares;Total;Valor absoluto;2022T3;1.043
Ambos sexos;N Actividades administrativas y servicios auxiliares;Total;Valor absoluto;2022T2;1.024,9
Ambos sexos;N Actividades administrativas y servicios auxiliares;Total;Valor absoluto;2022T1;1.061,5
Ambos sexos;N Actividades administrativas y servicios auxiliares;Total;Valor absoluto;2021T4;1.098,9
Ambos sexos;N Actividades administrativas y servicios auxiliares;Total;Valor absoluto;2021T3;1.103,7
Ambos sexos;N Actividades administrativas y servicios auxiliares;Total;Valor absoluto;2021T2;999,5
Ambos sexos;N Actividades administrativas y servicios auxiliares;Total;Valor absoluto;2021T1;998,2
Ambos sexos;N Actividades administrativas y servicios auxiliares;Total;Porcentaje;2023T4;100
Ambos sexos;N Actividades administrativas y servicios auxiliares;Total;Porcentaje;2023T3;100
Ambos sexos;N Actividades administrativas y servicios auxiliares;Total;Porcentaje;2023T2;100
Ambos sexos;N Actividades administrativas y servicios auxiliares;Total;Porcentaje;2023T1;100
Ambos sexos;N Actividades administrativas y servicios auxiliares;Total;Porcentaje;2022T4;100
Ambos sexos;N Actividades administrativas y servicios auxiliares;Total;Porcentaje;2022T3;100
Ambos sexos;N Actividades administrativas y servicios auxiliares;Total;Porcentaje;2022T2;100
Ambos sexos;N Actividades administrativas y servicios auxiliares;Total;Porcentaje;2022T1;100
Ambos sexos;N Actividades administrativas y servicios auxiliares;Total;Porcentaje;2021T4;100
Ambos sexos;N Actividades administrativas y servicios auxiliares;Total;Porcentaje;2021T3;100
Ambos sexos;N Actividades administrativas y servicios auxiliares;Total;Porcentaje;2021T2;100
Ambos sexos;N Actividades administrativas y servicios auxiliares;Total;Porcentaje;2021T1;100
Ambos sexos;N Actividades administrativas y servicios auxiliares;Jornada a tiempo completo;Valor absoluto;2023T4;788,1
Ambos sexos;N Actividades administrativas y servicios auxiliares;Jornada a tiempo completo;Valor absoluto;2023T3;802,4
Ambos sexos;N Actividades administrativas y servicios auxiliares;Jornada a tiempo completo;Valor absoluto;2023T2;778,2
Ambos sexos;N Actividades administrativas y servicios auxiliares;Jornada a tiempo completo;Valor absoluto;2023T1;748,5
Ambos sexos;N Actividades administrativas y servicios auxiliares;Jornada a tiempo completo;Valor absoluto;2022T4;783,7
Ambos sexos;N Actividades administrativas y servicios auxiliares;Jornada a tiempo completo;Valor absoluto;2022T3;774,2
Ambos sexos;N Actividades administrativas y servicios auxiliares;Jornada a tiempo completo;Valor absoluto;2022T2;772,2
Ambos sexos;N Actividades administrativas y servicios auxiliares;Jornada a tiempo completo;Valor absoluto;2022T1;785,2
Ambos sexos;N Actividades administrativas y servicios auxiliares;Jornada a tiempo completo;Valor absoluto;2021T4;824,2
Ambos sexos;N Actividades administrativas y servicios auxiliares;Jornada a tiempo completo;Valor absoluto;2021T3;847,1
Ambos sexos;N Actividades administrativas y servicios auxiliares;Jornada a tiempo completo;Valor absoluto;2021T2;764,2
Ambos sexos;N Actividades administrativas y servicios auxiliares;Jornada a tiempo completo;Valor absoluto;2021T1;741,2
Ambos sexos;N Actividades administrativas y servicios auxiliares;Jornada a tiempo completo;Porcentaje;2023T4;73,1
Ambos sexos;N Actividades administrativas y servicios auxiliares;Jornada a tiempo completo;Porcentaje;2023T3;74,5
Ambos sexos;N Actividades administrativas y servicios auxiliares;Jornada a tiempo completo;Porcentaje;2023T2;73,2
Ambos sexos;N Actividades administrativas y servicios auxiliares;Jornada a tiempo completo;Porcentaje;2023T1;73,5
Ambos sexos;N Actividades administrativas y servicios auxiliares;Jornada a tiempo completo;Porcentaje;2022T4;75
Ambos sexos;N Actividades administrativas y servicios auxiliares;Jornada a tiempo completo;Porcentaje;2022T3;74,2
Ambos sexos;N Actividades administrativas y servicios auxiliares;Jornada a tiempo completo;Porcentaje;2022T2;75,3
Ambos sexos;N Actividades administrativas y servicios auxiliares;Jornada a tiempo completo;Porcentaje;2022T1;74
Ambos sexos;N Actividades administrativas y servicios auxiliares;Jornada a tiempo completo;Porcentaje;2021T4;75
Ambos sexos;N Actividades administrativas y servicios auxiliares;Jornada a tiempo completo;Porcentaje;2021T3;76,7
Ambos sexos;N Actividades administrativas y servicios auxiliares;Jornada a tiempo completo;Porcentaje;2021T2;76,5
Ambos sexos;N Actividades administrativas y servicios auxiliares;Jornada a tiempo completo;Porcentaje;2021T1;74,2
Ambos sexos;N Actividades administrativas y servicios auxiliares;Jornada a tiempo parcial;Valor absoluto;2023T4;289,6
Ambos sexos;N Actividades administrativas y servicios auxiliares;Jornada a tiempo parcial;Valor absoluto;2023T3;274,6
Ambos sexos;N Actividades administrativas y servicios auxiliares;Jornada a tiempo parcial;Valor absoluto;2023T2;284,7
Ambos sexos;N Actividades administrativas y servicios auxiliares;Jornada a tiempo parcial;Valor absoluto;2023T1;269,2
Ambos sexos;N Actividades administrativas y servicios auxiliares;Jornada a tiempo parcial;Valor absoluto;2022T4;261,8
Ambos sexos;N Actividades administrativas y servicios auxiliares;Jornada a tiempo parcial;Valor absoluto;2022T3;268,8
Ambos sexos;N Actividades administrativas y servicios auxiliares;Jornada a tiempo parcial;Valor absoluto;2022T2;252,7
Ambos sexos;N Actividades administrativas y servicios auxiliares;Jornada a tiempo parcial;Valor absoluto;2022T1;276,3
Ambos sexos;N Actividades administrativas y servicios auxiliares;Jornada a tiempo parcial;Valor absoluto;2021T4;274,7
Ambos sexos;N Actividades administrativas y servicios auxiliares;Jornada a tiempo parcial;Valor absoluto;2021T3;256,7
Ambos sexos;N Actividades administrativas y servicios auxiliares;Jornada a tiempo parcial;Valor absoluto;2021T2;235,3
Ambos sexos;N Actividades administrativas y servicios auxiliares;Jornada a tiempo parcial;Valor absoluto;2021T1;257,1
Ambos sexos;N Actividades administrativas y servicios auxiliares;Jornada a tiempo parcial;Porcentaje;2023T4;26,9
Ambos sexos;N Actividades administrativas y servicios auxiliares;Jornada a tiempo parcial;Porcentaje;2023T3;25,5
Ambos sexos;N Actividades administrativas y servicios auxiliares;Jornada a tiempo parcial;Porcentaje;2023T2;26,8
Ambos sexos;N Actividades administrativas y servicios auxiliares;Jornada a tiempo parcial;Porcentaje;2023T1;26,5
Ambos sexos;N Actividades administrativas y servicios auxiliares;Jornada a tiempo parcial;Porcentaje;2022T4;25
Ambos sexos;N Actividades administrativas y servicios auxiliares;Jornada a tiempo parcial;Porcentaje;2022T3;25,8
Ambos sexos;N Actividades administrativas y servicios auxiliares;Jornada a tiempo parcial;Porcentaje;2022T2;24,7
Ambos sexos;N Actividades administrativas y servicios auxiliares;Jornada a tiempo parcial;Porcentaje;2022T1;26
Ambos sexos;N Actividades administrativas y servicios auxiliares;Jornada a tiempo parcial;Porcentaje;2021T4;25
Ambos sexos;N Actividades administrativas y servicios auxiliares;Jornada a tiempo parcial;Porcentaje;2021T3;23,3
Ambos sexos;N Actividades administrativas y servicios auxiliares;Jornada a tiempo parcial;Porcentaje;2021T2;23,5
Ambos sexos;N Actividades administrativas y servicios auxiliares;Jornada a tiempo parcial;Porcentaje;2021T1;25,8
Ambos sexos;O Administración Pública y defensa, Seguridad Social obligatoria;Total;Valor absoluto;2023T4;1.444,3
Ambos sexos;O Administración Pública y defensa, Seguridad Social obligatoria;Total;Valor absoluto;2023T3;1.461,5
Ambos sexos;O Administración Pública y defensa, Seguridad Social obligatoria;Total;Valor absoluto;2023T2;1.456,9
Ambos sexos;O Administración Pública y defensa, Seguridad Social obligatoria;Total;Valor absoluto;2023T1;1.438
Ambos sexos;O Administración Pública y defensa, Seguridad Social obligatoria;Total;Valor absoluto;2022T4;1.464,6
Ambos sexos;O Administración Pública y defensa, Seguridad Social obligatoria;Total;Valor absoluto;2022T3;1.434,9
Ambos sexos;O Administración Pública y defensa, Seguridad Social obligatoria;Total;Valor absoluto;2022T2;1.400,5
Ambos sexos;O Administración Pública y defensa, Seguridad Social obligatoria;Total;Valor absoluto;2022T1;1.371,9
Ambos sexos;O Administración Pública y defensa, Seguridad Social obligatoria;Total;Valor absoluto;2021T4;1.361
Ambos sexos;O Administración Pública y defensa, Seguridad Social obligatoria;Total;Valor absoluto;2021T3;1.391,6
Ambos sexos;O Administración Pública y defensa, Seguridad Social obligatoria;Total;Valor absoluto;2021T2;1.384,9
Ambos sexos;O Administración Pública y defensa, Seguridad Social obligatoria;Total;Valor absoluto;2021T1;1.355,1
Ambos sexos;O Administración Pública y defensa, Seguridad Social obligatoria;Total;Porcentaje;2023T4;100
Ambos sexos;O Administración Pública y defensa, Seguridad Social obligatoria;Total;Porcentaje;2023T3;100
Ambos sexos;O Administración Pública y defensa, Seguridad Social obligatoria;Total;Porcentaje;2023T2;100
Ambos sexos;O Administración Pública y defensa, Seguridad Social obligatoria;Total;Porcentaje;2023T1;100
Ambos sexos;O Administración Pública y defensa, Seguridad Social obligatoria;Total;Porcentaje;2022T4;100
Ambos sexos;O Administración Pública y defensa, Seguridad Social obligatoria;Total;Porcentaje;2022T3;100
Ambos sexos;O Administración Pública y defensa, Seguridad Social obligatoria;Total;Porcentaje;2022T2;100
Ambos sexos;O Administración Pública y defensa, Seguridad Social obligatoria;Total;Porcentaje;2022T1;100
Ambos sexos;O Administración Pública y defensa, Seguridad Social obligatoria;Total;Porcentaje;2021T4;100
Ambos sexos;O Administración Pública y defensa, Seguridad Social obligatoria;Total;Porcentaje;2021T3;100
Ambos sexos;O Administración Pública y defensa, Seguridad Social obligatoria;Total;Porcentaje;2021T2;100
Ambos sexos;O Administración Pública y defensa, Seguridad Social obligatoria;Total;Porcentaje;2021T1;100
Ambos sexos;O Administración Pública y defensa, Seguridad Social obligatoria;Jornada a tiempo completo;Valor absoluto;2023T4;1.387,4
Ambos sexos;O Administración Pública y defensa, Seguridad Social obligatoria;Jornada a tiempo completo;Valor absoluto;2023T3;1.410,8
Ambos sexos;O Administración Pública y defensa, Seguridad Social obligatoria;Jornada a tiempo completo;Valor absoluto;2023T2;1.399,1
Ambos sexos;O Administración Pública y defensa, Seguridad Social obligatoria;Jornada a tiempo completo;Valor absoluto;2023T1;1.377,5
Ambos sexos;O Administración Pública y defensa, Seguridad Social obligatoria;Jornada a tiempo completo;Valor absoluto;2022T4;1.413,1
Ambos sexos;O Administración Pública y defensa, Seguridad Social obligatoria;Jornada a tiempo completo;Valor absoluto;2022T3;1.382,9
Ambos sexos;O Administración Pública y defensa, Seguridad Social obligatoria;Jornada a tiempo completo;Valor absoluto;2022T2;1.356,6
Ambos sexos;O Administración Pública y defensa, Seguridad Social obligatoria;Jornada a tiempo completo;Valor absoluto;2022T1;1.321,1
Ambos sexos;O Administración Pública y defensa, Seguridad Social obligatoria;Jornada a tiempo completo;Valor absoluto;2021T4;1.303,9
Ambos sexos;O Administración Pública y defensa, Seguridad Social obligatoria;Jornada a tiempo completo;Valor absoluto;2021T3;1.334,2
Ambos sexos;O Administración Pública y defensa, Seguridad Social obligatoria;Jornada a tiempo completo;Valor absoluto;2021T2;1.334,2
Ambos sexos;O Administración Pública y defensa, Seguridad Social obligatoria;Jornada a tiempo completo;Valor absoluto;2021T1;1.301,3
Ambos sexos;O Administración Pública y defensa, Seguridad Social obligatoria;Jornada a tiempo completo;Porcentaje;2023T4;96,1
Ambos sexos;O Administración Pública y defensa, Seguridad Social obligatoria;Jornada a tiempo completo;Porcentaje;2023T3;96,5
Ambos sexos;O Administración Pública y defensa, Seguridad Social obligatoria;Jornada a tiempo completo;Porcentaje;2023T2;96
Ambos sexos;O Administración Pública y defensa, Seguridad Social obligatoria;Jornada a tiempo completo;Porcentaje;2023T1;95,8
Ambos sexos;O Administración Pública y defensa, Seguridad Social obligatoria;Jornada a tiempo completo;Porcentaje;2022T4;96,5
Ambos sexos;O Administración Pública y defensa, Seguridad Social obligatoria;Jornada a tiempo completo;Porcentaje;2022T3;96,4
Ambos sexos;O Administración Pública y defensa, Seguridad Social obligatoria;Jornada a tiempo completo;Porcentaje;2022T2;96,9
Ambos sexos;O Administración Pública y defensa, Seguridad Social obligatoria;Jornada a tiempo completo;Porcentaje;2022T1;96,3
Ambos sexos;O Administración Pública y defensa, Seguridad Social obligatoria;Jornada a tiempo completo;Porcentaje;2021T4;95,8
Ambos sexos;O Administración Pública y defensa, Seguridad Social obligatoria;Jornada a tiempo completo;Porcentaje;2021T3;95,9
Ambos sexos;O Administración Pública y defensa, Seguridad Social obligatoria;Jornada a tiempo completo;Porcentaje;2021T2;96,3
Ambos sexos;O Administración Pública y defensa, Seguridad Social obligatoria;Jornada a tiempo completo;Porcentaje;2021T1;96
Ambos sexos;O Administración Pública y defensa, Seguridad Social obligatoria;Jornada a tiempo parcial;Valor absoluto;2023T4;56,8
Ambos sexos;O Administración Pública y defensa, Seguridad Social obligatoria;Jornada a tiempo parcial;Valor absoluto;2023T3;50,7
Ambos sexos;O Administración Pública y defensa, Seguridad Social obligatoria;Jornada a tiempo parcial;Valor absoluto;2023T2;57,7
Ambos sexos;O Administración Pública y defensa, Seguridad Social obligatoria;Jornada a tiempo parcial;Valor absoluto;2023T1;60,5
Ambos sexos;O Administración Pública y defensa, Seguridad Social obligatoria;Jornada a tiempo parcial;Valor absoluto;2022T4;51,5
Ambos sexos;O Administración Pública y defensa, Seguridad Social obligatoria;Jornada a tiempo parcial;Valor absoluto;2022T3;51,9
Ambos sexos;O Administración Pública y defensa, Seguridad Social obligatoria;Jornada a tiempo parcial;Valor absoluto;2022T2;43,9
Ambos sexos;O Administración Pública y defensa, Seguridad Social obligatoria;Jornada a tiempo parcial;Valor absoluto;2022T1;50,9
Ambos sexos;O Administración Pública y defensa, Seguridad Social obligatoria;Jornada a tiempo parcial;Valor absoluto;2021T4;57,1
Ambos sexos;O Administración Pública y defensa, Seguridad Social obligatoria;Jornada a tiempo parcial;Valor absoluto;2021T3;57,4
Ambos sexos;O Administración Pública y defensa, Seguridad Social obligatoria;Jornada a tiempo parcial;Valor absoluto;2021T2;50,6
Ambos sexos;O Administración Pública y defensa, Seguridad Social obligatoria;Jornada a tiempo parcial;Valor absoluto;2021T1;53,9
Ambos sexos;O Administración Pública y defensa, Seguridad Social obligatoria;Jornada a tiempo parcial;Porcentaje;2023T4;3,9
Ambos sexos;O Administración Pública y defensa, Seguridad Social obligatoria;Jornada a tiempo parcial;Porcentaje;2023T3;3,5
Ambos sexos;O Administración Pública y defensa, Seguridad Social obligatoria;Jornada a tiempo parcial;Porcentaje;2023T2;4
Ambos sexos;O Administración Pública y defensa, Seguridad Social obligatoria;Jornada a tiempo parcial;Porcentaje;2023T1;4,2
Ambos sexos;O Administración Pública y defensa, Seguridad Social obligatoria;Jornada a tiempo parcial;Porcentaje;2022T4;3,5
Ambos sexos;O Administración Pública y defensa, Seguridad Social obligatoria;Jornada a tiempo parcial;Porcentaje;2022T3;3,6
Ambos sexos;O Administración Pública y defensa, Seguridad Social obligatoria;Jornada a tiempo parcial;Porcentaje;2022T2;3,1
Ambos sexos;O Administración Pública y defensa, Seguridad Social obligatoria;Jornada a tiempo parcial;Porcentaje;2022T1;3,7
Ambos sexos;O Administración Pública y defensa, Seguridad Social obligatoria;Jornada a tiempo parcial;Porcentaje;2021T4;4,2
Ambos sexos;O Administración Pública y defensa, Seguridad Social obligatoria;Jornada a tiempo parcial;Porcentaje;2021T3;4,1
Ambos sexos;O Administración Pública y defensa, Seguridad Social obligatoria;Jornada a tiempo parcial;Porcentaje;2021T2;3,7
Ambos sexos;O Administración Pública y defensa, Seguridad Social obligatoria;Jornada a tiempo parcial;Porcentaje;2021T1;4
Ambos sexos;P Educación;Total;Valor absoluto;2023T4;1.523,6
Ambos sexos;P Educación;Total;Valor absoluto;2023T3;1.367,8
Ambos sexos;P Educación;Total;Valor absoluto;2023T2;1.530,1
Ambos sexos;P Educación;Total;Valor absoluto;2023T1;1.574
Ambos sexos;P Educación;Total;Valor absoluto;2022T4;1.493,9
Ambos sexos;P Educación;Total;Valor absoluto;2022T3;1.427,9
Ambos sexos;P Educación;Total;Valor absoluto;2022T2;1.535,4
Ambos sexos;P Educación;Total;Valor absoluto;2022T1;1.536,4
Ambos sexos;P Educación;Total;Valor absoluto;2021T4;1.495
Ambos sexos;P Educación;Total;Valor absoluto;2021T3;1.340,7
Ambos sexos;P Educación;Total;Valor absoluto;2021T2;1.472,1
Ambos sexos;P Educación;Total;Valor absoluto;2021T1;1.450,4
Ambos sexos;P Educación;Total;Porcentaje;2023T4;100
Ambos sexos;P Educación;Total;Porcentaje;2023T3;100
Ambos sexos;P Educación;Total;Porcentaje;2023T2;100
Ambos sexos;P Educación;Total;Porcentaje;2023T1;100
Ambos sexos;P Educación;Total;Porcentaje;2022T4;100
Ambos sexos;P Educación;Total;Porcentaje;2022T3;100
Ambos sexos;P Educación;Total;Porcentaje;2022T2;100
Ambos sexos;P Educación;Total;Porcentaje;2022T1;100
Ambos sexos;P Educación;Total;Porcentaje;2021T4;100
Ambos sexos;P Educación;Total;Porcentaje;2021T3;100
Ambos sexos;P Educación;Total;Porcentaje;2021T2;100
Ambos sexos;P Educación;Total;Porcentaje;2021T1;100
Ambos sexos;P Educación;Jornada a tiempo completo;Valor absoluto;2023T4;1.253
Ambos sexos;P Educación;Jornada a tiempo completo;Valor absoluto;2023T3;1.187,8
Ambos sexos;P Educación;Jornada a tiempo completo;Valor absoluto;2023T2;1.250,7
Ambos sexos;P Educación;Jornada a tiempo completo;Valor absoluto;2023T1;1.261,1
Ambos sexos;P Educación;Jornada a tiempo completo;Valor absoluto;2022T4;1.225,9
Ambos sexos;P Educación;Jornada a tiempo completo;Valor absoluto;2022T3;1.230,9
Ambos sexos;P Educación;Jornada a tiempo completo;Valor absoluto;2022T2;1.252,8
Ambos sexos;P Educación;Jornada a tiempo completo;Valor absoluto;2022T1;1.228,2
Ambos sexos;P Educación;Jornada a tiempo completo;Valor absoluto;2021T4;1.233,4
Ambos sexos;P Educación;Jornada a tiempo completo;Valor absoluto;2021T3;1.144,7
Ambos sexos;P Educación;Jornada a tiempo completo;Valor absoluto;2021T2;1.190,2
Ambos sexos;P Educación;Jornada a tiempo completo;Valor absoluto;2021T1;1.168,6
Ambos sexos;P Educación;Jornada a tiempo completo;Porcentaje;2023T4;82,2
Ambos sexos;P Educación;Jornada a tiempo completo;Porcentaje;2023T3;86,8
Ambos sexos;P Educación;Jornada a tiempo completo;Porcentaje;2023T2;81,7
Ambos sexos;P Educación;Jornada a tiempo completo;Porcentaje;2023T1;80,1
Ambos sexos;P Educación;Jornada a tiempo completo;Porcentaje;2022T4;82,1
Ambos sexos;P Educación;Jornada a tiempo completo;Porcentaje;2022T3;86,2
Ambos sexos;P Educación;Jornada a tiempo completo;Porcentaje;2022T2;81,6
Ambos sexos;P Educación;Jornada a tiempo completo;Porcentaje;2022T1;79,9
Ambos sexos;P Educación;Jornada a tiempo completo;Porcentaje;2021T4;82,5
Ambos sexos;P Educación;Jornada a tiempo completo;Porcentaje;2021T3;85,4
Ambos sexos;P Educación;Jornada a tiempo completo;Porcentaje;2021T2;80,8
Ambos sexos;P Educación;Jornada a tiempo completo;Porcentaje;2021T1;80,6
Ambos sexos;P Educación;Jornada a tiempo parcial;Valor absoluto;2023T4;270,6
Ambos sexos;P Educación;Jornada a tiempo parcial;Valor absoluto;2023T3;180,1
Ambos sexos;P Educación;Jornada a tiempo parcial;Valor absoluto;2023T2;279,4
Ambos sexos;P Educación;Jornada a tiempo parcial;Valor absoluto;2023T1;312,9
Ambos sexos;P Educación;Jornada a tiempo parcial;Valor absoluto;2022T4;268
Ambos sexos;P Educación;Jornada a tiempo parcial;Valor absoluto;2022T3;197
Ambos sexos;P Educación;Jornada a tiempo parcial;Valor absoluto;2022T2;282,6
Ambos sexos;P Educación;Jornada a tiempo parcial;Valor absoluto;2022T1;308,2
Ambos sexos;P Educación;Jornada a tiempo parcial;Valor absoluto;2021T4;261,5
Ambos sexos;P Educación;Jornada a tiempo parcial;Valor absoluto;2021T3;196
Ambos sexos;P Educación;Jornada a tiempo parcial;Valor absoluto;2021T2;281,9
Ambos sexos;P Educación;Jornada a tiempo parcial;Valor absoluto;2021T1;281,8
Ambos sexos;P Educación;Jornada a tiempo parcial;Porcentaje;2023T4;17,8
Ambos sexos;P Educación;Jornada a tiempo parcial;Porcentaje;2023T3;13,2
Ambos sexos;P Educación;Jornada a tiempo parcial;Porcentaje;2023T2;18,3
Ambos sexos;P Educación;Jornada a tiempo parcial;Porcentaje;2023T1;19,9
Ambos sexos;P Educación;Jornada a tiempo parcial;Porcentaje;2022T4;17,9
Ambos sexos;P Educación;Jornada a tiempo parcial;Porcentaje;2022T3;13,8
Ambos sexos;P Educación;Jornada a tiempo parcial;Porcentaje;2022T2;18,4
Ambos sexos;P Educación;Jornada a tiempo parcial;Porcentaje;2022T1;20,1
Ambos sexos;P Educación;Jornada a tiempo parcial;Porcentaje;2021T4;17,5
Ambos sexos;P Educación;Jornada a tiempo parcial;Porcentaje;2021T3;14,6
Ambos sexos;P Educación;Jornada a tiempo parcial;Porcentaje;2021T2;19,2
Ambos sexos;P Educación;Jornada a tiempo parcial;Porcentaje;2021T1;19,4
Ambos sexos;Q Actividades sanitarias y de servicios sociales;Total;Valor absoluto;2023T4;2.037,9
Ambos sexos;Q Actividades sanitarias y de servicios sociales;Total;Valor absoluto;2023T3;2.040,7
Ambos sexos;Q Actividades sanitarias y de servicios sociales;Total;Valor absoluto;2023T2;1.911
Ambos sexos;Q Actividades sanitarias y de servicios sociales;Total;Valor absoluto;2023T1;1.892,9
Ambos sexos;Q Actividades sanitarias y de servicios sociales;Total;Valor absoluto;2022T4;1.899,3
Ambos sexos;Q Actividades sanitarias y de servicios sociales;Total;Valor absoluto;2022T3;1.922,1
Ambos sexos;Q Actividades sanitarias y de servicios sociales;Total;Valor absoluto;2022T2;1.878,4
Ambos sexos;Q Actividades sanitarias y de servicios sociales;Total;Valor absoluto;2022T1;1.844,3
Ambos sexos;Q Actividades sanitarias y de servicios sociales;Total;Valor absoluto;2021T4;1.896
Ambos sexos;Q Actividades sanitarias y de servicios sociales;Total;Valor absoluto;2021T3;1.916,8
Ambos sexos;Q Actividades sanitarias y de servicios sociales;Total;Valor absoluto;2021T2;1.843,9
Ambos sexos;Q Actividades sanitarias y de servicios sociales;Total;Valor absoluto;2021T1;1.805,4
Ambos sexos;Q Actividades sanitarias y de servicios sociales;Total;Porcentaje;2023T4;100
Ambos sexos;Q Actividades sanitarias y de servicios sociales;Total;Porcentaje;2023T3;100
Ambos sexos;Q Actividades sanitarias y de servicios sociales;Total;Porcentaje;2023T2;100
Ambos sexos;Q Actividades sanitarias y de servicios sociales;Total;Porcentaje;2023T1;100
Ambos sexos;Q Actividades sanitarias y de servicios sociales;Total;Porcentaje;2022T4;100
Ambos sexos;Q Actividades sanitarias y de servicios sociales;Total;Porcentaje;2022T3;100
Ambos sexos;Q Actividades sanitarias y de servicios sociales;Total;Porcentaje;2022T2;100
Ambos sexos;Q Actividades sanitarias y de servicios sociales;Total;Porcentaje;2022T1;100
Ambos sexos;Q Actividades sanitarias y de servicios sociales;Total;Porcentaje;2021T4;100
Ambos sexos;Q Actividades sanitarias y de servicios sociales;Total;Porcentaje;2021T3;100
Ambos sexos;Q Actividades sanitarias y de servicios sociales;Total;Porcentaje;2021T2;100
Ambos sexos;Q Actividades sanitarias y de servicios sociales;Total;Porcentaje;2021T1;100
Ambos sexos;Q Actividades sanitarias y de servicios sociales;Jornada a tiempo completo;Valor absoluto;2023T4;1.737,5
Ambos sexos;Q Actividades sanitarias y de servicios sociales;Jornada a tiempo completo;Valor absoluto;2023T3;1.778,3
Ambos sexos;Q Actividades sanitarias y de servicios sociales;Jornada a tiempo completo;Valor absoluto;2023T2;1.639,3
Ambos sexos;Q Actividades sanitarias y de servicios sociales;Jornada a tiempo completo;Valor absoluto;2023T1;1.613,4
Ambos sexos;Q Actividades sanitarias y de servicios sociales;Jornada a tiempo completo;Valor absoluto;2022T4;1.626,6
Ambos sexos;Q Actividades sanitarias y de servicios sociales;Jornada a tiempo completo;Valor absoluto;2022T3;1.641,3
Ambos sexos;Q Actividades sanitarias y de servicios sociales;Jornada a tiempo completo;Valor absoluto;2022T2;1.610,3
Ambos sexos;Q Actividades sanitarias y de servicios sociales;Jornada a tiempo completo;Valor absoluto;2022T1;1.579,5
Ambos sexos;Q Actividades sanitarias y de servicios sociales;Jornada a tiempo completo;Valor absoluto;2021T4;1.628,7
Ambos sexos;Q Actividades sanitarias y de servicios sociales;Jornada a tiempo completo;Valor absoluto;2021T3;1.666,6
Ambos sexos;Q Actividades sanitarias y de servicios sociales;Jornada a tiempo completo;Valor absoluto;2021T2;1.568,4
Ambos sexos;Q Actividades sanitarias y de servicios sociales;Jornada a tiempo completo;Valor absoluto;2021T1;1.516,9
Ambos sexos;Q Actividades sanitarias y de servicios sociales;Jornada a tiempo completo;Porcentaje;2023T4;85,3
Ambos sexos;Q Actividades sanitarias y de servicios sociales;Jornada a tiempo completo;Porcentaje;2023T3;87,1
Ambos sexos;Q Actividades sanitarias y de servicios sociales;Jornada a tiempo completo;Porcentaje;2023T2;85,8
Ambos sexos;Q Actividades sanitarias y de servicios sociales;Jornada a tiempo completo;Porcentaje;2023T1;85,2
Ambos sexos;Q Actividades sanitarias y de servicios sociales;Jornada a tiempo completo;Porcentaje;2022T4;85,6
Ambos sexos;Q Actividades sanitarias y de servicios sociales;Jornada a tiempo completo;Porcentaje;2022T3;85,4
Ambos sexos;Q Actividades sanitarias y de servicios sociales;Jornada a tiempo completo;Porcentaje;2022T2;85,7
Ambos sexos;Q Actividades sanitarias y de servicios sociales;Jornada a tiempo completo;Porcentaje;2022T1;85,6
Ambos sexos;Q Actividades sanitarias y de servicios sociales;Jornada a tiempo completo;Porcentaje;2021T4;85,9
Ambos sexos;Q Actividades sanitarias y de servicios sociales;Jornada a tiempo completo;Porcentaje;2021T3;86,9
Ambos sexos;Q Actividades sanitarias y de servicios sociales;Jornada a tiempo completo;Porcentaje;2021T2;85,1
Ambos sexos;Q Actividades sanitarias y de servicios sociales;Jornada a tiempo completo;Porcentaje;2021T1;84
Ambos sexos;Q Actividades sanitarias y de servicios sociales;Jornada a tiempo parcial;Valor absoluto;2023T4;300,4
Ambos sexos;Q Actividades sanitarias y de servicios sociales;Jornada a tiempo parcial;Valor absoluto;2023T3;262,4
Ambos sexos;Q Actividades sanitarias y de servicios sociales;Jornada a tiempo parcial;Valor absoluto;2023T2;271,7
Ambos sexos;Q Actividades sanitarias y de servicios sociales;Jornada a tiempo parcial;Valor absoluto;2023T1;279,6
Ambos sexos;Q Actividades sanitarias y de servicios sociales;Jornada a tiempo parcial;Valor absoluto;2022T4;272,7
Ambos sexos;Q Actividades sanitarias y de servicios sociales;Jornada a tiempo parcial;Valor absoluto;2022T3;280,8
Ambos sexos;Q Actividades sanitarias y de servicios sociales;Jornada a tiempo parcial;Valor absoluto;2022T2;268,1
Ambos sexos;Q Actividades sanitarias y de servicios sociales;Jornada a tiempo parcial;Valor absoluto;2022T1;264,8
Ambos sexos;Q Actividades sanitarias y de servicios sociales;Jornada a tiempo parcial;Valor absoluto;2021T4;267,3
Ambos sexos;Q Actividades sanitarias y de servicios sociales;Jornada a tiempo parcial;Valor absoluto;2021T3;250,3
Ambos sexos;Q Actividades sanitarias y de servicios sociales;Jornada a tiempo parcial;Valor absoluto;2021T2;275,5
Ambos sexos;Q Actividades sanitarias y de servicios sociales;Jornada a tiempo parcial;Valor absoluto;2021T1;288,5
Ambos sexos;Q Actividades sanitarias y de servicios sociales;Jornada a tiempo parcial;Porcentaje;2023T4;14,7
Ambos sexos;Q Actividades sanitarias y de servicios sociales;Jornada a tiempo parcial;Porcentaje;2023T3;12,9
Ambos sexos;Q Actividades sanitarias y de servicios sociales;Jornada a tiempo parcial;Porcentaje;2023T2;14,2
Ambos sexos;Q Actividades sanitarias y de servicios sociales;Jornada a tiempo parcial;Porcentaje;2023T1;14,8
Ambos sexos;Q Actividades sanitarias y de servicios sociales;Jornada a tiempo parcial;Porcentaje;2022T4;14,4
Ambos sexos;Q Actividades sanitarias y de servicios sociales;Jornada a tiempo parcial;Porcentaje;2022T3;14,6
Ambos sexos;Q Actividades sanitarias y de servicios sociales;Jornada a tiempo parcial;Porcentaje;2022T2;14,3
Ambos sexos;Q Actividades sanitarias y de servicios sociales;Jornada a tiempo parcial;Porcentaje;2022T1;14,4
Ambos sexos;Q Actividades sanitarias y de servicios sociales;Jornada a tiempo parcial;Porcentaje;2021T4;14,1
Ambos sexos;Q Actividades sanitarias y de servicios sociales;Jornada a tiempo parcial;Porcentaje;2021T3;13,1
Ambos sexos;Q Actividades sanitarias y de servicios sociales;Jornada a tiempo parcial;Porcentaje;2021T2;14,9
Ambos sexos;Q Actividades sanitarias y de servicios sociales;Jornada a tiempo parcial;Porcentaje;2021T1;16
Ambos sexos;R Actividades artísticas, recreativas y de entretenimiento;Total;Valor absoluto;2023T4;411,6
Ambos sexos;R Actividades artísticas, recreativas y de entretenimiento;Total;Valor absoluto;2023T3;448,1
Ambos sexos;R Actividades artísticas, recreativas y de entretenimiento;Total;Valor absoluto;2023T2;438,1
Ambos sexos;R Actividades artísticas, recreativas y de entretenimiento;Total;Valor absoluto;2023T1;409,2
Ambos sexos;R Actividades artísticas, recreativas y de entretenimiento;Total;Valor absoluto;2022T4;412
Ambos sexos;R Actividades artísticas, recreativas y de entretenimiento;Total;Valor absoluto;2022T3;460,9
Ambos sexos;R Actividades artísticas, recreativas y de entretenimiento;Total;Valor absoluto;2022T2;437,1
Ambos sexos;R Actividades artísticas, recreativas y de entretenimiento;Total;Valor absoluto;2022T1;400,2
Ambos sexos;R Actividades artísticas, recreativas y de entretenimiento;Total;Valor absoluto;2021T4;399,5
Ambos sexos;R Actividades artísticas, recreativas y de entretenimiento;Total;Valor absoluto;2021T3;410,4
Ambos sexos;R Actividades artísticas, recreativas y de entretenimiento;Total;Valor absoluto;2021T2;381,9
Ambos sexos;R Actividades artísticas, recreativas y de entretenimiento;Total;Valor absoluto;2021T1;329,3
Ambos sexos;R Actividades artísticas, recreativas y de entretenimiento;Total;Porcentaje;2023T4;100
Ambos sexos;R Actividades artísticas, recreativas y de entretenimiento;Total;Porcentaje;2023T3;100
Ambos sexos;R Actividades artísticas, recreativas y de entretenimiento;Total;Porcentaje;2023T2;100
Ambos sexos;R Actividades artísticas, recreativas y de entretenimiento;Total;Porcentaje;2023T1;100
Ambos sexos;R Actividades artísticas, recreativas y de entretenimiento;Total;Porcentaje;2022T4;100
Ambos sexos;R Actividades artísticas, recreativas y de entretenimiento;Total;Porcentaje;2022T3;100
Ambos sexos;R Actividades artísticas, recreativas y de entretenimiento;Total;Porcentaje;2022T2;100
Ambos sexos;R Actividades artísticas, recreativas y de entretenimiento;Total;Porcentaje;2022T1;100
Ambos sexos;R Actividades artísticas, recreativas y de entretenimiento;Total;Porcentaje;2021T4;100
Ambos sexos;R Actividades artísticas, recreativas y de entretenimiento;Total;Porcentaje;2021T3;100
Ambos sexos;R Actividades artísticas, recreativas y de entretenimiento;Total;Porcentaje;2021T2;100
Ambos sexos;R Actividades artísticas, recreativas y de entretenimiento;Total;Porcentaje;2021T1;100
Ambos sexos;R Actividades artísticas, recreativas y de entretenimiento;Jornada a tiempo completo;Valor absoluto;2023T4;278,4
Ambos sexos;R Actividades artísticas, recreativas y de entretenimiento;Jornada a tiempo completo;Valor absoluto;2023T3;331,1
Ambos sexos;R Actividades artísticas, recreativas y de entretenimiento;Jornada a tiempo completo;Valor absoluto;2023T2;298,6
Ambos sexos;R Actividades artísticas, recreativas y de entretenimiento;Jornada a tiempo completo;Valor absoluto;2023T1;284,6
Ambos sexos;R Actividades artísticas, recreativas y de entretenimiento;Jornada a tiempo completo;Valor absoluto;2022T4;277
Ambos sexos;R Actividades artísticas, recreativas y de entretenimiento;Jornada a tiempo completo;Valor absoluto;2022T3;345
Ambos sexos;R Actividades artísticas, recreativas y de entretenimiento;Jornada a tiempo completo;Valor absoluto;2022T2;305
Ambos sexos;R Actividades artísticas, recreativas y de entretenimiento;Jornada a tiempo completo;Valor absoluto;2022T1;279,3
Ambos sexos;R Actividades artísticas, recreativas y de entretenimiento;Jornada a tiempo completo;Valor absoluto;2021T4;285,3
Ambos sexos;R Actividades artísticas, recreativas y de entretenimiento;Jornada a tiempo completo;Valor absoluto;2021T3;293
Ambos sexos;R Actividades artísticas, recreativas y de entretenimiento;Jornada a tiempo completo;Valor absoluto;2021T2;251,6
Ambos sexos;R Actividades artísticas, recreativas y de entretenimiento;Jornada a tiempo completo;Valor absoluto;2021T1;235,9
Ambos sexos;R Actividades artísticas, recreativas y de entretenimiento;Jornada a tiempo completo;Porcentaje;2023T4;67,6
Ambos sexos;R Actividades artísticas, recreativas y de entretenimiento;Jornada a tiempo completo;Porcentaje;2023T3;73,9
Ambos sexos;R Actividades artísticas, recreativas y de entretenimiento;Jornada a tiempo completo;Porcentaje;2023T2;68,2
Ambos sexos;R Actividades artísticas, recreativas y de entretenimiento;Jornada a tiempo completo;Porcentaje;2023T1;69,6
Ambos sexos;R Actividades artísticas, recreativas y de entretenimiento;Jornada a tiempo completo;Porcentaje;2022T4;67,2
Ambos sexos;R Actividades artísticas, recreativas y de entretenimiento;Jornada a tiempo completo;Porcentaje;2022T3;74,9
Ambos sexos;R Actividades artísticas, recreativas y de entretenimiento;Jornada a tiempo completo;Porcentaje;2022T2;69,8
Ambos sexos;R Actividades artísticas, recreativas y de entretenimiento;Jornada a tiempo completo;Porcentaje;2022T1;69,8
Ambos sexos;R Actividades artísticas, recreativas y de entretenimiento;Jornada a tiempo completo;Porcentaje;2021T4;71,4
Ambos sexos;R Actividades artísticas, recreativas y de entretenimiento;Jornada a tiempo completo;Porcentaje;2021T3;71,4
Ambos sexos;R Actividades artísticas, recreativas y de entretenimiento;Jornada a tiempo completo;Porcentaje;2021T2;65,9
Ambos sexos;R Actividades artísticas, recreativas y de entretenimiento;Jornada a tiempo completo;Porcentaje;2021T1;71,6
Ambos sexos;R Actividades artísticas, recreativas y de entretenimiento;Jornada a tiempo parcial;Valor absoluto;2023T4;133,2
Ambos sexos;R Actividades artísticas, recreativas y de entretenimiento;Jornada a tiempo parcial;Valor absoluto;2023T3;117
Ambos sexos;R Actividades artísticas, recreativas y de entretenimiento;Jornada a tiempo parcial;Valor absoluto;2023T2;139,5
Ambos sexos;R Actividades artísticas, recreativas y de entretenimiento;Jornada a tiempo parcial;Valor absoluto;2023T1;124,5
Ambos sexos;R Actividades artísticas, recreativas y de entretenimiento;Jornada a tiempo parcial;Valor absoluto;2022T4;135
Ambos sexos;R Actividades artísticas, recreativas y de entretenimiento;Jornada a tiempo parcial;Valor absoluto;2022T3;115,9
Ambos sexos;R Actividades artísticas, recreativas y de entretenimiento;Jornada a tiempo parcial;Valor absoluto;2022T2;132,1
Ambos sexos;R Actividades artísticas, recreativas y de entretenimiento;Jornada a tiempo parcial;Valor absoluto;2022T1;120,9
Ambos sexos;R Actividades artísticas, recreativas y de entretenimiento;Jornada a tiempo parcial;Valor absoluto;2021T4;114,2
Ambos sexos;R Actividades artísticas, recreativas y de entretenimiento;Jornada a tiempo parcial;Valor absoluto;2021T3;117,3
Ambos sexos;R Actividades artísticas, recreativas y de entretenimiento;Jornada a tiempo parcial;Valor absoluto;2021T2;130,3
Ambos sexos;R Actividades artísticas, recreativas y de entretenimiento;Jornada a tiempo parcial;Valor absoluto;2021T1;93,4
Ambos sexos;R Actividades artísticas, recreativas y de entretenimiento;Jornada a tiempo parcial;Porcentaje;2023T4;32,4
Ambos sexos;R Actividades artísticas, recreativas y de entretenimiento;Jornada a tiempo parcial;Porcentaje;2023T3;26,1
Ambos sexos;R Actividades artísticas, recreativas y de entretenimiento;Jornada a tiempo parcial;Porcentaje;2023T2;31,8
Ambos sexos;R Actividades artísticas, recreativas y de entretenimiento;Jornada a tiempo parcial;Porcentaje;2023T1;30,4
Ambos sexos;R Actividades artísticas, recreativas y de entretenimiento;Jornada a tiempo parcial;Porcentaje;2022T4;32,8
Ambos sexos;R Actividades artísticas, recreativas y de entretenimiento;Jornada a tiempo parcial;Porcentaje;2022T3;25,1
Ambos sexos;R Actividades artísticas, recreativas y de entretenimiento;Jornada a tiempo parcial;Porcentaje;2022T2;30,2
Ambos sexos;R Actividades artísticas, recreativas y de entretenimiento;Jornada a tiempo parcial;Porcentaje;2022T1;30,2
Ambos sexos;R Actividades artísticas, recreativas y de entretenimiento;Jornada a tiempo parcial;Porcentaje;2021T4;28,6
Ambos sexos;R Actividades artísticas, recreativas y de entretenimiento;Jornada a tiempo parcial;Porcentaje;2021T3;28,6
Ambos sexos;R Actividades artísticas, recreativas y de entretenimiento;Jornada a tiempo parcial;Porcentaje;2021T2;34,1
Ambos sexos;R Actividades artísticas, recreativas y de entretenimiento;Jornada a tiempo parcial;Porcentaje;2021T1;28,4
Ambos sexos;S Otros servicios;Total;Valor absoluto;2023T4;514,1
Ambos sexos;S Otros servicios;Total;Valor absoluto;2023T3;479,2
Ambos sexos;S Otros servicios;Total;Valor absoluto;2023T2;497,1
Ambos sexos;S Otros servicios;Total;Valor absoluto;2023T1;490,8
Ambos sexos;S Otros servicios;Total;Valor absoluto;2022T4;474
Ambos sexos;S Otros servicios;Total;Valor absoluto;2022T3;485,3
Ambos sexos;S Otros servicios;Total;Valor absoluto;2022T2;499,7
Ambos sexos;S Otros servicios;Total;Valor absoluto;2022T1;494,2
Ambos sexos;S Otros servicios;Total;Valor absoluto;2021T4;459,8
Ambos sexos;S Otros servicios;Total;Valor absoluto;2021T3;471,1
Ambos sexos;S Otros servicios;Total;Valor absoluto;2021T2;479,9
Ambos sexos;S Otros servicios;Total;Valor absoluto;2021T1;450,9
Ambos sexos;S Otros servicios;Total;Porcentaje;2023T4;100
Ambos sexos;S Otros servicios;Total;Porcentaje;2023T3;100
Ambos sexos;S Otros servicios;Total;Porcentaje;2023T2;100
Ambos sexos;S Otros servicios;Total;Porcentaje;2023T1;100
Ambos sexos;S Otros servicios;Total;Porcentaje;2022T4;100
Ambos sexos;S Otros servicios;Total;Porcentaje;2022T3;100
Ambos sexos;S Otros servicios;Total;Porcentaje;2022T2;100
Ambos sexos;S Otros servicios;Total;Porcentaje;2022T1;100
Ambos sexos;S Otros servicios;Total;Porcentaje;2021T4;100
Ambos sexos;S Otros servicios;Total;Porcentaje;2021T3;100
Ambos sexos;S Otros servicios;Total;Porcentaje;2021T2;100
Ambos sexos;S Otros servicios;Total;Porcentaje;2021T1;100
Ambos sexos;S Otros servicios;Jornada a tiempo completo;Valor absoluto;2023T4;410,9
Ambos sexos;S Otros servicios;Jornada a tiempo completo;Valor absoluto;2023T3;389,4
Ambos sexos;S Otros servicios;Jornada a tiempo completo;Valor absoluto;2023T2;399,8
Ambos sexos;S Otros servicios;Jornada a tiempo completo;Valor absoluto;2023T1;389
Ambos sexos;S Otros servicios;Jornada a tiempo completo;Valor absoluto;2022T4;380
Ambos sexos;S Otros servicios;Jornada a tiempo completo;Valor absoluto;2022T3;406,1
Ambos sexos;S Otros servicios;Jornada a tiempo completo;Valor absoluto;2022T2;400,9
Ambos sexos;S Otros servicios;Jornada a tiempo completo;Valor absoluto;2022T1;396,3
Ambos sexos;S Otros servicios;Jornada a tiempo completo;Valor absoluto;2021T4;369,1
Ambos sexos;S Otros servicios;Jornada a tiempo completo;Valor absoluto;2021T3;382,7
Ambos sexos;S Otros servicios;Jornada a tiempo completo;Valor absoluto;2021T2;361,9
Ambos sexos;S Otros servicios;Jornada a tiempo completo;Valor absoluto;2021T1;356,4
Ambos sexos;S Otros servicios;Jornada a tiempo completo;Porcentaje;2023T4;79,9
Ambos sexos;S Otros servicios;Jornada a tiempo completo;Porcentaje;2023T3;81,3
Ambos sexos;S Otros servicios;Jornada a tiempo completo;Porcentaje;2023T2;80,4
Ambos sexos;S Otros servicios;Jornada a tiempo completo;Porcentaje;2023T1;79,3
Ambos sexos;S Otros servicios;Jornada a tiempo completo;Porcentaje;2022T4;80,2
Ambos sexos;S Otros servicios;Jornada a tiempo completo;Porcentaje;2022T3;83,7
Ambos sexos;S Otros servicios;Jornada a tiempo completo;Porcentaje;2022T2;80,2
Ambos sexos;S Otros servicios;Jornada a tiempo completo;Porcentaje;2022T1;80,2
Ambos sexos;S Otros servicios;Jornada a tiempo completo;Porcentaje;2021T4;80,3
Ambos sexos;S Otros servicios;Jornada a tiempo completo;Porcentaje;2021T3;81,2
Ambos sexos;S Otros servicios;Jornada a tiempo completo;Porcentaje;2021T2;75,4
Ambos sexos;S Otros servicios;Jornada a tiempo completo;Porcentaje;2021T1;79
Ambos sexos;S Otros servicios;Jornada a tiempo parcial;Valor absoluto;2023T4;103,2
Ambos sexos;S Otros servicios;Jornada a tiempo parcial;Valor absoluto;2023T3;89,8
Ambos sexos;S Otros servicios;Jornada a tiempo parcial;Valor absoluto;2023T2;97,3
Ambos sexos;S Otros servicios;Jornada a tiempo parcial;Valor absoluto;2023T1;101,8
Ambos sexos;S Otros servicios;Jornada a tiempo parcial;Valor absoluto;2022T4;94,1
Ambos sexos;S Otros servicios;Jornada a tiempo parcial;Valor absoluto;2022T3;79,1
Ambos sexos;S Otros servicios;Jornada a tiempo parcial;Valor absoluto;2022T2;98,9
Ambos sexos;S Otros servicios;Jornada a tiempo parcial;Valor absoluto;2022T1;98
Ambos sexos;S Otros servicios;Jornada a tiempo parcial;Valor absoluto;2021T4;90,7
Ambos sexos;S Otros servicios;Jornada a tiempo parcial;Valor absoluto;2021T3;88,4
Ambos sexos;S Otros servicios;Jornada a tiempo parcial;Valor absoluto;2021T2;118,1
Ambos sexos;S Otros servicios;Jornada a tiempo parcial;Valor absoluto;2021T1;94,6
Ambos sexos;S Otros servicios;Jornada a tiempo parcial;Porcentaje;2023T4;20,1
Ambos sexos;S Otros servicios;Jornada a tiempo parcial;Porcentaje;2023T3;18,7
Ambos sexos;S Otros servicios;Jornada a tiempo parcial;Porcentaje;2023T2;19,6
Ambos sexos;S Otros servicios;Jornada a tiempo parcial;Porcentaje;2023T1;20,7
Ambos sexos;S Otros servicios;Jornada a tiempo parcial;Porcentaje;2022T4;19,8
Ambos sexos;S Otros servicios;Jornada a tiempo parcial;Porcentaje;2022T3;16,3
Ambos sexos;S Otros servicios;Jornada a tiempo parcial;Porcentaje;2022T2;19,8
Ambos sexos;S Otros servicios;Jornada a tiempo parcial;Porcentaje;2022T1;19,8
Ambos sexos;S Otros servicios;Jornada a tiempo parcial;Porcentaje;2021T4;19,7
Ambos sexos;S Otros servicios;Jornada a tiempo parcial;Porcentaje;2021T3;18,8
Ambos sexos;S Otros servicios;Jornada a tiempo parcial;Porcentaje;2021T2;24,6
Ambos sexos;S Otros servicios;Jornada a tiempo parcial;Porcentaje;2021T1;21
Ambos sexos;T Actividades de los hogares como empleadores de personal doméstico, actividades de los hogares como productores de bienes y servicios para uso propio;Total;Valor absoluto;2023T4;582,9
Ambos sexos;T Actividades de los hogares como empleadores de personal doméstico, actividades de los hogares como productores de bienes y servicios para uso propio;Total;Valor absoluto;2023T3;597,8
Ambos sexos;T Actividades de los hogares como empleadores de personal doméstico, actividades de los hogares como productores de bienes y servicios para uso propio;Total;Valor absoluto;2023T2;581,9
Ambos sexos;T Actividades de los hogares como empleadores de personal doméstico, actividades de los hogares como productores de bienes y servicios para uso propio;Total;Valor absoluto;2023T1;558,1
Ambos sexos;T Actividades de los hogares como empleadores de personal doméstico, actividades de los hogares como productores de bienes y servicios para uso propio;Total;Valor absoluto;2022T4;543,9
Ambos sexos;T Actividades de los hogares como empleadores de personal doméstico, actividades de los hogares como productores de bienes y servicios para uso propio;Total;Valor absoluto;2022T3;530,7
Ambos sexos;T Actividades de los hogares como empleadores de personal doméstico, actividades de los hogares como productores de bienes y servicios para uso propio;Total;Valor absoluto;2022T2;545,7
Ambos sexos;T Actividades de los hogares como empleadores de personal doméstico, actividades de los hogares como productores de bienes y servicios para uso propio;Total;Valor absoluto;2022T1;542,6
Ambos sexos;T Actividades de los hogares como empleadores de personal doméstico, actividades de los hogares como productores de bienes y servicios para uso propio;Total;Valor absoluto;2021T4;518,8
Ambos sexos;T Actividades de los hogares como empleadores de personal doméstico, actividades de los hogares como productores de bienes y servicios para uso propio;Total;Valor absoluto;2021T3;557,3
Ambos sexos;T Actividades de los hogares como empleadores de personal doméstico, actividades de los hogares como productores de bienes y servicios para uso propio;Total;Valor absoluto;2021T2;584,7
Ambos sexos;T Actividades de los hogares como empleadores de personal doméstico, actividades de los hogares como productores de bienes y servicios para uso propio;Total;Valor absoluto;2021T1;556,3
Ambos sexos;T Actividades de los hogares como empleadores de personal doméstico, actividades de los hogares como productores de bienes y servicios para uso propio;Total;Porcentaje;2023T4;100
Ambos sexos;T Actividades de los hogares como empleadores de personal doméstico, actividades de los hogares como productores de bienes y servicios para uso propio;Total;Porcentaje;2023T3;100
Ambos sexos;T Actividades de los hogares como empleadores de personal doméstico, actividades de los hogares como productores de bienes y servicios para uso propio;Total;Porcentaje;2023T2;100
Ambos sexos;T Actividades de los hogares como empleadores de personal doméstico, actividades de los hogares como productores de bienes y servicios para uso propio;Total;Porcentaje;2023T1;100
Ambos sexos;T Actividades de los hogares como empleadores de personal doméstico, actividades de los hogares como productores de bienes y servicios para uso propio;Total;Porcentaje;2022T4;100
Ambos sexos;T Actividades de los hogares como empleadores de personal doméstico, actividades de los hogares como productores de bienes y servicios para uso propio;Total;Porcentaje;2022T3;100
Ambos sexos;T Actividades de los hogares como empleadores de personal doméstico, actividades de los hogares como productores de bienes y servicios para uso propio;Total;Porcentaje;2022T2;100
Ambos sexos;T Actividades de los hogares como empleadores de personal doméstico, actividades de los hogares como productores de bienes y servicios para uso propio;Total;Porcentaje;2022T1;100
Ambos sexos;T Actividades de los hogares como empleadores de personal doméstico, actividades de los hogares como productores de bienes y servicios para uso propio;Total;Porcentaje;2021T4;100
Ambos sexos;T Actividades de los hogares como empleadores de personal doméstico, actividades de los hogares como productores de bienes y servicios para uso propio;Total;Porcentaje;2021T3;100
Ambos sexos;T Actividades de los hogares como empleadores de personal doméstico, actividades de los hogares como productores de bienes y servicios para uso propio;Total;Porcentaje;2021T2;100
Ambos sexos;T Actividades de los hogares como empleadores de personal doméstico, actividades de los hogares como productores de bienes y servicios para uso propio;Total;Porcentaje;2021T1;100
Ambos sexos;T Actividades de los hogares como empleadores de personal doméstico, actividades de los hogares como productores de bienes y servicios para uso propio;Jornada a tiempo completo;Valor absoluto;2023T4;275,3
Ambos sexos;T Actividades de los hogares como empleadores de personal doméstico, actividades de los hogares como productores de bienes y servicios para uso propio;Jornada a tiempo completo;Valor absoluto;2023T3;303,7
Ambos sexos;T Actividades de los hogares como empleadores de personal doméstico, actividades de los hogares como productores de bienes y servicios para uso propio;Jornada a tiempo completo;Valor absoluto;2023T2;275,4
Ambos sexos;T Actividades de los hogares como empleadores de personal doméstico, actividades de los hogares como productores de bienes y servicios para uso propio;Jornada a tiempo completo;Valor absoluto;2023T1;260,7
Ambos sexos;T Actividades de los hogares como empleadores de personal doméstico, actividades de los hogares como productores de bienes y servicios para uso propio;Jornada a tiempo completo;Valor absoluto;2022T4;247,2
Ambos sexos;T Actividades de los hogares como empleadores de personal doméstico, actividades de los hogares como productores de bienes y servicios para uso propio;Jornada a tiempo completo;Valor absoluto;2022T3;234,3
Ambos sexos;T Actividades de los hogares como empleadores de personal doméstico, actividades de los hogares como productores de bienes y servicios para uso propio;Jornada a tiempo completo;Valor absoluto;2022T2;253,1
Ambos sexos;T Actividades de los hogares como empleadores de personal doméstico, actividades de los hogares como productores de bienes y servicios para uso propio;Jornada a tiempo completo;Valor absoluto;2022T1;242,6
Ambos sexos;T Actividades de los hogares como empleadores de personal doméstico, actividades de los hogares como productores de bienes y servicios para uso propio;Jornada a tiempo completo;Valor absoluto;2021T4;254,3
Ambos sexos;T Actividades de los hogares como empleadores de personal doméstico, actividades de los hogares como productores de bienes y servicios para uso propio;Jornada a tiempo completo;Valor absoluto;2021T3;258,4
Ambos sexos;T Actividades de los hogares como empleadores de personal doméstico, actividades de los hogares como productores de bienes y servicios para uso propio;Jornada a tiempo completo;Valor absoluto;2021T2;265,8
Ambos sexos;T Actividades de los hogares como empleadores de personal doméstico, actividades de los hogares como productores de bienes y servicios para uso propio;Jornada a tiempo completo;Valor absoluto;2021T1;263,7
Ambos sexos;T Actividades de los hogares como empleadores de personal doméstico, actividades de los hogares como productores de bienes y servicios para uso propio;Jornada a tiempo completo;Porcentaje;2023T4;47,2
Ambos sexos;T Actividades de los hogares como empleadores de personal doméstico, actividades de los hogares como productores de bienes y servicios para uso propio;Jornada a tiempo completo;Porcentaje;2023T3;50,8
Ambos sexos;T Actividades de los hogares como empleadores de personal doméstico, actividades de los hogares como productores de bienes y servicios para uso propio;Jornada a tiempo completo;Porcentaje;2023T2;47,3
Ambos sexos;T Actividades de los hogares como empleadores de personal doméstico, actividades de los hogares como productores de bienes y servicios para uso propio;Jornada a tiempo completo;Porcentaje;2023T1;46,7
Ambos sexos;T Actividades de los hogares como empleadores de personal doméstico, actividades de los hogares como productores de bienes y servicios para uso propio;Jornada a tiempo completo;Porcentaje;2022T4;45,4
Ambos sexos;T Actividades de los hogares como empleadores de personal doméstico, actividades de los hogares como productores de bienes y servicios para uso propio;Jornada a tiempo completo;Porcentaje;2022T3;44,2
Ambos sexos;T Actividades de los hogares como empleadores de personal doméstico, actividades de los hogares como productores de bienes y servicios para uso propio;Jornada a tiempo completo;Porcentaje;2022T2;46,4
Ambos sexos;T Actividades de los hogares como empleadores de personal doméstico, actividades de los hogares como productores de bienes y servicios para uso propio;Jornada a tiempo completo;Porcentaje;2022T1;44,7
Ambos sexos;T Actividades de los hogares como empleadores de personal doméstico, actividades de los hogares como productores de bienes y servicios para uso propio;Jornada a tiempo completo;Porcentaje;2021T4;49
Ambos sexos;T Actividades de los hogares como empleadores de personal doméstico, actividades de los hogares como productores de bienes y servicios para uso propio;Jornada a tiempo completo;Porcentaje;2021T3;46,4
Ambos sexos;T Actividades de los hogares como empleadores de personal doméstico, actividades de los hogares como productores de bienes y servicios para uso propio;Jornada a tiempo completo;Porcentaje;2021T2;45,5
Ambos sexos;T Actividades de los hogares como empleadores de personal doméstico, actividades de los hogares como productores de bienes y servicios para uso propio;Jornada a tiempo completo;Porcentaje;2021T1;47,4
Ambos sexos;T Actividades de los hogares como empleadores de personal doméstico, actividades de los hogares como productores de bienes y servicios para uso propio;Jornada a tiempo parcial;Valor absoluto;2023T4;307,6
Ambos sexos;T Actividades de los hogares como empleadores de personal doméstico, actividades de los hogares como productores de bienes y servicios para uso propio;Jornada a tiempo parcial;Valor absoluto;2023T3;294,1
Ambos sexos;T Actividades de los hogares como empleadores de personal doméstico, actividades de los hogares como productores de bienes y servicios para uso propio;Jornada a tiempo parcial;Valor absoluto;2023T2;306,4
Ambos sexos;T Actividades de los hogares como empleadores de personal doméstico, actividades de los hogares como productores de bienes y servicios para uso propio;Jornada a tiempo parcial;Valor absoluto;2023T1;297,4
Ambos sexos;T Actividades de los hogares como empleadores de personal doméstico, actividades de los hogares como productores de bienes y servicios para uso propio;Jornada a tiempo parcial;Valor absoluto;2022T4;296,8
Ambos sexos;T Actividades de los hogares como empleadores de personal doméstico, actividades de los hogares como productores de bienes y servicios para uso propio;Jornada a tiempo parcial;Valor absoluto;2022T3;296,3
Ambos sexos;T Actividades de los hogares como empleadores de personal doméstico, actividades de los hogares como productores de bienes y servicios para uso propio;Jornada a tiempo parcial;Valor absoluto;2022T2;292,5
Ambos sexos;T Actividades de los hogares como empleadores de personal doméstico, actividades de los hogares como productores de bienes y servicios para uso propio;Jornada a tiempo parcial;Valor absoluto;2022T1;300,1
Ambos sexos;T Actividades de los hogares como empleadores de personal doméstico, actividades de los hogares como productores de bienes y servicios para uso propio;Jornada a tiempo parcial;Valor absoluto;2021T4;264,5
Ambos sexos;T Actividades de los hogares como empleadores de personal doméstico, actividades de los hogares como productores de bienes y servicios para uso propio;Jornada a tiempo parcial;Valor absoluto;2021T3;298,9
Ambos sexos;T Actividades de los hogares como empleadores de personal doméstico, actividades de los hogares como productores de bienes y servicios para uso propio;Jornada a tiempo parcial;Valor absoluto;2021T2;318,9
Ambos sexos;T Actividades de los hogares como empleadores de personal doméstico, actividades de los hogares como productores de bienes y servicios para uso propio;Jornada a tiempo parcial;Valor absoluto;2021T1;292,5
Ambos sexos;T Actividades de los hogares como empleadores de personal doméstico, actividades de los hogares como productores de bienes y servicios para uso propio;Jornada a tiempo parcial;Porcentaje;2023T4;52,8
Ambos sexos;T Actividades de los hogares como empleadores de personal doméstico, actividades de los hogares como productores de bienes y servicios para uso propio;Jornada a tiempo parcial;Porcentaje;2023T3;49,2
Ambos sexos;T Actividades de los hogares como empleadores de personal doméstico, actividades de los hogares como productores de bienes y servicios para uso propio;Jornada a tiempo parcial;Porcentaje;2023T2;52,7
Ambos sexos;T Actividades de los hogares como empleadores de personal doméstico, actividades de los hogares como productores de bienes y servicios para uso propio;Jornada a tiempo parcial;Porcentaje;2023T1;53,3
Ambos sexos;T Actividades de los hogares como empleadores de personal doméstico, actividades de los hogares como productores de bienes y servicios para uso propio;Jornada a tiempo parcial;Porcentaje;2022T4;54,6
Ambos sexos;T Actividades de los hogares como empleadores de personal doméstico, actividades de los hogares como productores de bienes y servicios para uso propio;Jornada a tiempo parcial;Porcentaje;2022T3;55,8
Ambos sexos;T Actividades de los hogares como empleadores de personal doméstico, actividades de los hogares como productores de bienes y servicios para uso propio;Jornada a tiempo parcial;Porcentaje;2022T2;53,6
Ambos sexos;T Actividades de los hogares como empleadores de personal doméstico, actividades de los hogares como productores de bienes y servicios para uso propio;Jornada a tiempo parcial;Porcentaje;2022T1;55,3
Ambos sexos;T Actividades de los hogares como empleadores de personal doméstico, actividades de los hogares como productores de bienes y servicios para uso propio;Jornada a tiempo parcial;Porcentaje;2021T4;51
Ambos sexos;T Actividades de los hogares como empleadores de personal doméstico, actividades de los hogares como productores de bienes y servicios para uso propio;Jornada a tiempo parcial;Porcentaje;2021T3;53,6
Ambos sexos;T Actividades de los hogares como empleadores de personal doméstico, actividades de los hogares como productores de bienes y servicios para uso propio;Jornada a tiempo parcial;Porcentaje;2021T2;54,5
Ambos sexos;T Actividades de los hogares como empleadores de personal doméstico, actividades de los hogares como productores de bienes y servicios para uso propio;Jornada a tiempo parcial;Porcentaje;2021T1;52,6
Ambos sexos;U Actividades de organizaciones y organismos extraterritoriales;Total;Valor absoluto;2023T4;4
Ambos sexos;U Actividades de organizaciones y organismos extraterritoriales;Total;Valor absoluto;2023T3;4,4
Ambos sexos;U Actividades de organizaciones y organismos extraterritoriales;Total;Valor absoluto;2023T2;5,6
Ambos sexos;U Actividades de organizaciones y organismos extraterritoriales;Total;Valor absoluto;2023T1;3,2
Ambos sexos;U Actividades de organizaciones y organismos extraterritoriales;Total;Valor absoluto;2022T4;4
Ambos sexos;U Actividades de organizaciones y organismos extraterritoriales;Total;Valor absoluto;2022T3;4,2
Ambos sexos;U Actividades de organizaciones y organismos extraterritoriales;Total;Valor absoluto;2022T2;3,6
Ambos sexos;U Actividades de organizaciones y organismos extraterritoriales;Total;Valor absoluto;2022T1;1,7
Ambos sexos;U Actividades de organizaciones y organismos extraterritoriales;Total;Valor absoluto;2021T4;5,2
Ambos sexos;U Actividades de organizaciones y organismos extraterritoriales;Total;Valor absoluto;2021T3;1,7
Ambos sexos;U Actividades de organizaciones y organismos extraterritoriales;Total;Valor absoluto;2021T2;0,7
Ambos sexos;U Actividades de organizaciones y organismos extraterritoriales;Total;Valor absoluto;2021T1;7,6
Ambos sexos;U Actividades de organizaciones y organismos extraterritoriales;Total;Porcentaje;2023T4;100
Ambos sexos;U Actividades de organizaciones y organismos extraterritoriales;Total;Porcentaje;2023T3;100
Ambos sexos;U Actividades de organizaciones y organismos extraterritoriales;Total;Porcentaje;2023T2;100
Ambos sexos;U Actividades de organizaciones y organismos extraterritoriales;Total;Porcentaje;2023T1;100
Ambos sexos;U Actividades de organizaciones y organismos extraterritoriales;Total;Porcentaje;2022T4;100
Ambos sexos;U Actividades de organizaciones y organismos extraterritoriales;Total;Porcentaje;2022T3;100
Ambos sexos;U Actividades de organizaciones y organismos extraterritoriales;Total;Porcentaje;2022T2;100
Ambos sexos;U Actividades de organizaciones y organismos extraterritoriales;Total;Porcentaje;2022T1;100
Ambos sexos;U Actividades de organizaciones y organismos extraterritoriales;Total;Porcentaje;2021T4;100
Ambos sexos;U Actividades de organizaciones y organismos extraterritoriales;Total;Porcentaje;2021T3;100
Ambos sexos;U Actividades de organizaciones y organismos extraterritoriales;Total;Porcentaje;2021T2;100
Ambos sexos;U Actividades de organizaciones y organismos extraterritoriales;Total;Porcentaje;2021T1;100
Ambos sexos;U Actividades de organizaciones y organismos extraterritoriales;Jornada a tiempo completo;Valor absoluto;2023T4;3,7
Ambos sexos;U Actividades de organizaciones y organismos extraterritoriales;Jornada a tiempo completo;Valor absoluto;2023T3;4,2
Ambos sexos;U Actividades de organizaciones y organismos extraterritoriales;Jornada a tiempo completo;Valor absoluto;2023T2;5,3
Ambos sexos;U Actividades de organizaciones y organismos extraterritoriales;Jornada a tiempo completo;Valor absoluto;2023T1;2,4
Ambos sexos;U Actividades de organizaciones y organismos extraterritoriales;Jornada a tiempo completo;Valor absoluto;2022T4;4
Ambos sexos;U Actividades de organizaciones y organismos extraterritoriales;Jornada a tiempo completo;Valor absoluto;2022T3;4,2
Ambos sexos;U Actividades de organizaciones y organismos extraterritoriales;Jornada a tiempo completo;Valor absoluto;2022T2;2,3
Ambos sexos;U Actividades de organizaciones y organismos extraterritoriales;Jornada a tiempo completo;Valor absoluto;2022T1;1,7
Ambos sexos;U Actividades de organizaciones y organismos extraterritoriales;Jornada a tiempo completo;Valor absoluto;2021T4;5,2
Ambos sexos;U Actividades de organizaciones y organismos extraterritoriales;Jornada a tiempo completo;Valor absoluto;2021T3;1,7
Ambos sexos;U Actividades de organizaciones y organismos extraterritoriales;Jornada a tiempo completo;Valor absoluto;2021T2;0,7
Ambos sexos;U Actividades de organizaciones y organismos extraterritoriales;Jornada a tiempo completo;Valor absoluto;2021T1;7,6
Ambos sexos;U Actividades de organizaciones y organismos extraterritoriales;Jornada a tiempo completo;Porcentaje;2023T4;92,6
Ambos sexos;U Actividades de organizaciones y organismos extraterritoriales;Jornada a tiempo completo;Porcentaje;2023T3;95,7
Ambos sexos;U Actividades de organizaciones y organismos extraterritoriales;Jornada a tiempo completo;Porcentaje;2023T2;95,5
Ambos sexos;U Actividades de organizaciones y organismos extraterritoriales;Jornada a tiempo completo;Porcentaje;2023T1;72,7
Ambos sexos;U Actividades de organizaciones y organismos extraterritoriales;Jornada a tiempo completo;Porcentaje;2022T4;100
Ambos sexos;U Actividades de organizaciones y organismos extraterritoriales;Jornada a tiempo completo;Porcentaje;2022T3;100
Ambos sexos;U Actividades de organizaciones y organismos extraterritoriales;Jornada a tiempo completo;Porcentaje;2022T2;64,5
Ambos sexos;U Actividades de organizaciones y organismos extraterritoriales;Jornada a tiempo completo;Porcentaje;2022T1;100
Ambos sexos;U Actividades de organizaciones y organismos extraterritoriales;Jornada a tiempo completo;Porcentaje;2021T4;100
Ambos sexos;U Actividades de organizaciones y organismos extraterritoriales;Jornada a tiempo completo;Porcentaje;2021T3;100
Ambos sexos;U Actividades de organizaciones y organismos extraterritoriales;Jornada a tiempo completo;Porcentaje;2021T2;100
Ambos sexos;U Actividades de organizaciones y organismos extraterritoriales;Jornada a tiempo completo;Porcentaje;2021T1;100
Ambos sexos;U Actividades de organizaciones y organismos extraterritoriales;Jornada a tiempo parcial;Valor absoluto;2023T4;0,3
Ambos sexos;U Actividades de organizaciones y organismos extraterritoriales;Jornada a tiempo parcial;Valor absoluto;2023T3;0,2
Ambos sexos;U Actividades de organizaciones y organismos extraterritoriales;Jornada a tiempo parcial;Valor absoluto;2023T2;0,3
Ambos sexos;U Actividades de organizaciones y organismos extraterritoriales;Jornada a tiempo parcial;Valor absoluto;2023T1;0,9
Ambos sexos;U Actividades de organizaciones y organismos extraterritoriales;Jornada a tiempo parcial;Valor absoluto;2022T4;..
Ambos sexos;U Actividades de organizaciones y organismos extraterritoriales;Jornada a tiempo parcial;Valor absoluto;2022T3;..
Ambos sexos;U Actividades de organizaciones y organismos extraterritoriales;Jornada a tiempo parcial;Valor absoluto;2022T2;1,3
Ambos sexos;U Actividades de organizaciones y organismos extraterritoriales;Jornada a tiempo parcial;Valor absoluto;2022T1;..
Ambos sexos;U Actividades de organizaciones y organismos extraterritoriales;Jornada a tiempo parcial;Valor absoluto;2021T4;..
Ambos sexos;U Actividades de organizaciones y organismos extraterritoriales;Jornada a tiempo parcial;Valor absoluto;2021T3;..
Ambos sexos;U Actividades de organizaciones y organismos extraterritoriales;Jornada a tiempo parcial;Valor absoluto;2021T2;..
Ambos sexos;U Actividades de organizaciones y organismos extraterritoriales;Jornada a tiempo parcial;Valor absoluto;2021T1;..
Ambos sexos;U Actividades de organizaciones y organismos extraterritoriales;Jornada a tiempo parcial;Porcentaje;2023T4;7,4
Ambos sexos;U Actividades de organizaciones y organismos extraterritoriales;Jornada a tiempo parcial;Porcentaje;2023T3;4,3
Ambos sexos;U Actividades de organizaciones y organismos extraterritoriales;Jornada a tiempo parcial;Porcentaje;2023T2;4,5
Ambos sexos;U Actividades de organizaciones y organismos extraterritoriales;Jornada a tiempo parcial;Porcentaje;2023T1;27,3
Ambos sexos;U Actividades de organizaciones y organismos extraterritoriales;Jornada a tiempo parcial;Porcentaje;2022T4;..
Ambos sexos;U Actividades de organizaciones y organismos extraterritoriales;Jornada a tiempo parcial;Porcentaje;2022T3;..
Ambos sexos;U Actividades de organizaciones y organismos extraterritoriales;Jornada a tiempo parcial;Porcentaje;2022T2;35,5
Ambos sexos;U Actividades de organizaciones y organismos extraterritoriales;Jornada a tiempo parcial;Porcentaje;2022T1;..
Ambos sexos;U Actividades de organizaciones y organismos extraterritoriales;Jornada a tiempo parcial;Porcentaje;2021T4;..
Ambos sexos;U Actividades de organizaciones y organismos extraterritoriales;Jornada a tiempo parcial;Porcentaje;2021T3;..
Ambos sexos;U Actividades de organizaciones y organismos extraterritoriales;Jornada a tiempo parcial;Porcentaje;2021T2;..
Ambos sexos;U Actividades de organizaciones y organismos extraterritoriales;Jornada a tiempo parcial;Porcentaje;2021T1;..
Hombres;Total;Total;Valor absoluto;2023T4;11.323,5
Hombres;Total;Total;Valor absoluto;2023T3;11.387,7
Hombres;Total;Total;Valor absoluto;2023T2;11.257,1
Hombres;Total;Total;Valor absoluto;2023T1;10.924,9
Hombres;Total;Total;Valor absoluto;2022T4;10.977,7
Hombres;Total;Total;Valor absoluto;2022T3;11.115
Hombres;Total;Total;Valor absoluto;2022T2;10.976,6
Hombres;Total;Total;Valor absoluto;2022T1;10.791,3
Hombres;Total;Total;Valor absoluto;2021T4;10.830,9
Hombres;Total;Total;Valor absoluto;2021T3;10.782,5
Hombres;Total;Total;Valor absoluto;2021T2;10.608,5
Hombres;Total;Total;Valor absoluto;2021T1;10.385
Hombres;Total;Total;Porcentaje;2023T4;100
Hombres;Total;Total;Porcentaje;2023T3;100
Hombres;Total;Total;Porcentaje;2023T2;100
Hombres;Total;Total;Porcentaje;2023T1;100
Hombres;Total;Total;Porcentaje;2022T4;100
Hombres;Total;Total;Porcentaje;2022T3;100
Hombres;Total;Total;Porcentaje;2022T2;100
Hombres;Total;Total;Porcentaje;2022T1;100
Hombres;Total;Total;Porcentaje;2021T4;100
Hombres;Total;Total;Porcentaje;2021T3;100
Hombres;Total;Total;Porcentaje;2021T2;100
Hombres;Total;Total;Porcentaje;2021T1;100
Hombres;Total;Jornada a tiempo completo;Valor absoluto;2023T4;10.575,2
Hombres;Total;Jornada a tiempo completo;Valor absoluto;2023T3;10.662,4
Hombres;Total;Jornada a tiempo completo;Valor absoluto;2023T2;10.486,8
Hombres;Total;Jornada a tiempo completo;Valor absoluto;2023T1;10.210,1
Hombres;Total;Jornada a tiempo completo;Valor absoluto;2022T4;10.241,6
Hombres;Total;Jornada a tiempo completo;Valor absoluto;2022T3;10.417,3
Hombres;Total;Jornada a tiempo completo;Valor absoluto;2022T2;10.229,9
Hombres;Total;Jornada a tiempo completo;Valor absoluto;2022T1;10.094,1
Hombres;Total;Jornada a tiempo completo;Valor absoluto;2021T4;10.163,5
Hombres;Total;Jornada a tiempo completo;Valor absoluto;2021T3;10.093,6
Hombres;Total;Jornada a tiempo completo;Valor absoluto;2021T2;9.879,2
Hombres;Total;Jornada a tiempo completo;Valor absoluto;2021T1;9.693,1
Hombres;Total;Jornada a tiempo completo;Porcentaje;2023T4;93,4
Hombres;Total;Jornada a tiempo completo;Porcentaje;2023T3;93,6
Hombres;Total;Jornada a tiempo completo;Porcentaje;2023T2;93,2
Hombres;Total;Jornada a tiempo completo;Porcentaje;2023T1;93,5
Hombres;Total;Jornada a tiempo completo;Porcentaje;2022T4;93,3
Hombres;Total;Jornada a tiempo completo;Porcentaje;2022T3;93,7
Hombres;Total;Jornada a tiempo completo;Porcentaje;2022T2;93,2
Hombres;Total;Jornada a tiempo completo;Porcentaje;2022T1;93,5
Hombres;Total;Jornada a tiempo completo;Porcentaje;2021T4;93,8
Hombres;Total;Jornada a tiempo completo;Porcentaje;2021T3;93,6
Hombres;Total;Jornada a tiempo completo;Porcentaje;2021T2;93,1
Hombres;Total;Jornada a tiempo completo;Porcentaje;2021T1;93,3
Hombres;Total;Jornada a tiempo parcial;Valor absoluto;2023T4;748,3
Hombres;Total;Jornada a tiempo parcial;Valor absoluto;2023T3;725,3
Hombres;Total;Jornada a tiempo parcial;Valor absoluto;2023T2;770,4
Hombres;Total;Jornada a tiempo parcial;Valor absoluto;2023T1;714,9
Hombres;Total;Jornada a tiempo parcial;Valor absoluto;2022T4;736,1
Hombres;Total;Jornada a tiempo parcial;Valor absoluto;2022T3;697,7
Hombres;Total;Jornada a tiempo parcial;Valor absoluto;2022T2;746,7
Hombres;Total;Jornada a tiempo parcial;Valor absoluto;2022T1;697,3
Hombres;Total;Jornada a tiempo parcial;Valor absoluto;2021T4;667,4
Hombres;Total;Jornada a tiempo parcial;Valor absoluto;2021T3;688,8
Hombres;Total;Jornada a tiempo parcial;Valor absoluto;2021T2;729,3
Hombres;Total;Jornada a tiempo parcial;Valor absoluto;2021T1;691,9
Hombres;Total;Jornada a tiempo parcial;Porcentaje;2023T4;6,6
Hombres;Total;Jornada a tiempo parcial;Porcentaje;2023T3;6,4
Hombres;Total;Jornada a tiempo parcial;Porcentaje;2023T2;6,8
Hombres;Total;Jornada a tiempo parcial;Porcentaje;2023T1;6,5
Hombres;Total;Jornada a tiempo parcial;Porcentaje;2022T4;6,7
Hombres;Total;Jornada a tiempo parcial;Porcentaje;2022T3;6,3
Hombres;Total;Jornada a tiempo parcial;Porcentaje;2022T2;6,8
Hombres;Total;Jornada a tiempo parcial;Porcentaje;2022T1;6,5
Hombres;Total;Jornada a tiempo parcial;Porcentaje;2021T4;6,2
Hombres;Total;Jornada a tiempo parcial;Porcentaje;2021T3;6,4
Hombres;Total;Jornada a tiempo parcial;Porcentaje;2021T2;6,9
Hombres;Total;Jornada a tiempo parcial;Porcentaje;2021T1;6,7
Hombres;A Agricultura, ganadería, silvicultura y pesca;Total;Valor absoluto;2023T4;568,1
Hombres;A Agricultura, ganadería, silvicultura y pesca;Total;Valor absoluto;2023T3;534,4
Hombres;A Agricultura, ganadería, silvicultura y pesca;Total;Valor absoluto;2023T2;567,7
Hombres;A Agricultura, ganadería, silvicultura y pesca;Total;Valor absoluto;2023T1;567,1
Hombres;A Agricultura, ganadería, silvicultura y pesca;Total;Valor absoluto;2022T4;574
Hombres;A Agricultura, ganadería, silvicultura y pesca;Total;Valor absoluto;2022T3;566,4
Hombres;A Agricultura, ganadería, silvicultura y pesca;Total;Valor absoluto;2022T2;613,8
Hombres;A Agricultura, ganadería, silvicultura y pesca;Total;Valor absoluto;2022T1;628,8
Hombres;A Agricultura, ganadería, silvicultura y pesca;Total;Valor absoluto;2021T4;637,1
Hombres;A Agricultura, ganadería, silvicultura y pesca;Total;Valor absoluto;2021T3;590,7
Hombres;A Agricultura, ganadería, silvicultura y pesca;Total;Valor absoluto;2021T2;601,3
Hombres;A Agricultura, ganadería, silvicultura y pesca;Total;Valor absoluto;2021T1;613,8
Hombres;A Agricultura, ganadería, silvicultura y pesca;Total;Porcentaje;2023T4;100
Hombres;A Agricultura, ganadería, silvicultura y pesca;Total;Porcentaje;2023T3;100
Hombres;A Agricultura, ganadería, silvicultura y pesca;Total;Porcentaje;2023T2;100
Hombres;A Agricultura, ganadería, silvicultura y pesca;Total;Porcentaje;2023T1;100
Hombres;A Agricultura, ganadería, silvicultura y pesca;Total;Porcentaje;2022T4;100
Hombres;A Agricultura, ganadería, silvicultura y pesca;Total;Porcentaje;2022T3;100
Hombres;A Agricultura, ganadería, silvicultura y pesca;Total;Porcentaje;2022T2;100
Hombres;A Agricultura, ganadería, silvicultura y pesca;Total;Porcentaje;2022T1;100
Hombres;A Agricultura, ganadería, silvicultura y pesca;Total;Porcentaje;2021T4;100
Hombres;A Agricultura, ganadería, silvicultura y pesca;Total;Porcentaje;2021T3;100
Hombres;A Agricultura, ganadería, silvicultura y pesca;Total;Porcentaje;2021T2;100
Hombres;A Agricultura, ganadería, silvicultura y pesca;Total;Porcentaje;2021T1;100
Hombres;A Agricultura, ganadería, silvicultura y pesca;Jornada a tiempo completo;Valor absoluto;2023T4;545,7
Hombres;A Agricultura, ganadería, silvicultura y pesca;Jornada a tiempo completo;Valor absoluto;2023T3;503,9
Hombres;A Agricultura, ganadería, silvicultura y pesca;Jornada a tiempo completo;Valor absoluto;2023T2;535,6
Hombres;A Agricultura, ganadería, silvicultura y pesca;Jornada a tiempo completo;Valor absoluto;2023T1;542,7
Hombres;A Agricultura, ganadería, silvicultura y pesca;Jornada a tiempo completo;Valor absoluto;2022T4;542,5
Hombres;A Agricultura, ganadería, silvicultura y pesca;Jornada a tiempo completo;Valor absoluto;2022T3;539,4
Hombres;A Agricultura, ganadería, silvicultura y pesca;Jornada a tiempo completo;Valor absoluto;2022T2;589,3
Hombres;A Agricultura, ganadería, silvicultura y pesca;Jornada a tiempo completo;Valor absoluto;2022T1;601,2
Hombres;A Agricultura, ganadería, silvicultura y pesca;Jornada a tiempo completo;Valor absoluto;2021T4;616
Hombres;A Agricultura, ganadería, silvicultura y pesca;Jornada a tiempo completo;Valor absoluto;2021T3;555,2
Hombres;A Agricultura, ganadería, silvicultura y pesca;Jornada a tiempo completo;Valor absoluto;2021T2;572,7
Hombres;A Agricultura, ganadería, silvicultura y pesca;Jornada a tiempo completo;Valor absoluto;2021T1;586,4
Hombres;A Agricultura, ganadería, silvicultura y pesca;Jornada a tiempo completo;Porcentaje;2023T4;96,1
Hombres;A Agricultura, ganadería, silvicultura y pesca;Jornada a tiempo completo;Porcentaje;2023T3;94,3
Hombres;A Agricultura, ganadería, silvicultura y pesca;Jornada a tiempo completo;Porcentaje;2023T2;94,3
Hombres;A Agricultura, ganadería, silvicultura y pesca;Jornada a tiempo completo;Porcentaje;2023T1;95,7
Hombres;A Agricultura, ganadería, silvicultura y pesca;Jornada a tiempo completo;Porcentaje;2022T4;94,5
Hombres;A Agricultura, ganadería, silvicultura y pesca;Jornada a tiempo completo;Porcentaje;2022T3;95,2
Hombres;A Agricultura, ganadería, silvicultura y pesca;Jornada a tiempo completo;Porcentaje;2022T2;96
Hombres;A Agricultura, ganadería, silvicultura y pesca;Jornada a tiempo completo;Porcentaje;2022T1;95,6
Hombres;A Agricultura, ganadería, silvicultura y pesca;Jornada a tiempo completo;Porcentaje;2021T4;96,7
Hombres;A Agricultura, ganadería, silvicultura y pesca;Jornada a tiempo completo;Porcentaje;2021T3;94
Hombres;A Agricultura, ganadería, silvicultura y pesca;Jornada a tiempo completo;Porcentaje;2021T2;95,2
Hombres;A Agricultura, ganadería, silvicultura y pesca;Jornada a tiempo completo;Porcentaje;2021T1;95,5
Hombres;A Agricultura, ganadería, silvicultura y pesca;Jornada a tiempo parcial;Valor absoluto;2023T4;22,4
Hombres;A Agricultura, ganadería, silvicultura y pesca;Jornada a tiempo parcial;Valor absoluto;2023T3;30,5
Hombres;A Agricultura, ganadería, silvicultura y pesca;Jornada a tiempo parcial;Valor absoluto;2023T2;32,1
Hombres;A Agricultura, ganadería, silvicultura y pesca;Jornada a tiempo parcial;Valor absoluto;2023T1;24,4
Hombres;A Agricultura, ganadería, silvicultura y pesca;Jornada a tiempo parcial;Valor absoluto;2022T4;31,5
Hombres;A Agricultura, ganadería, silvicultura y pesca;Jornada a tiempo parcial;Valor absoluto;2022T3;27
Hombres;A Agricultura, ganadería, silvicultura y pesca;Jornada a tiempo parcial;Valor absoluto;2022T2;24,5
Hombres;A Agricultura, ganadería, silvicultura y pesca;Jornada a tiempo parcial;Valor absoluto;2022T1;27,6
Hombres;A Agricultura, ganadería, silvicultura y pesca;Jornada a tiempo parcial;Valor absoluto;2021T4;21,1
Hombres;A Agricultura, ganadería, silvicultura y pesca;Jornada a tiempo parcial;Valor absoluto;2021T3;35,5
Hombres;A Agricultura, ganadería, silvicultura y pesca;Jornada a tiempo parcial;Valor absoluto;2021T2;28,6
Hombres;A Agricultura, ganadería, silvicultura y pesca;Jornada a tiempo parcial;Valor absoluto;2021T1;27,4
Hombres;A Agricultura, ganadería, silvicultura y pesca;Jornada a tiempo parcial;Porcentaje;2023T4;3,9
Hombres;A Agricultura, ganadería, silvicultura y pesca;Jornada a tiempo parcial;Porcentaje;2023T3;5,7
Hombres;A Agricultura, ganadería, silvicultura y pesca;Jornada a tiempo parcial;Porcentaje;2023T2;5,7
Hombres;A Agricultura, ganadería, silvicultura y pesca;Jornada a tiempo parcial;Porcentaje;2023T1;4,3
Hombres;A Agricultura, ganadería, silvicultura y pesca;Jornada a tiempo parcial;Porcentaje;2022T4;5,5
Hombres;A Agricultura, ganadería, silvicultura y pesca;Jornada a tiempo parcial;Porcentaje;2022T3;4,8
Hombres;A Agricultura, ganadería, silvicultura y pesca;Jornada a tiempo parcial;Porcentaje;2022T2;4
Hombres;A Agricultura, ganadería, silvicultura y pesca;Jornada a tiempo parcial;Porcentaje;2022T1;4,4
Hombres;A Agricultura, ganadería, silvicultura y pesca;Jornada a tiempo parcial;Porcentaje;2021T4;3,3
Hombres;A Agricultura, ganadería, silvicultura y pesca;Jornada a tiempo parcial;Porcentaje;2021T3;6
Hombres;A Agricultura, ganadería, silvicultura y pesca;Jornada a tiempo parcial;Porcentaje;2021T2;4,8
Hombres;A Agricultura, ganadería, silvicultura y pesca;Jornada a tiempo parcial;Porcentaje;2021T1;4,5
Hombres;B Industrias extractivas;Total;Valor absoluto;2023T4;30,6
Hombres;B Industrias extractivas;Total;Valor absoluto;2023T3;23,9
Hombres;B Industrias extractivas;Total;Valor absoluto;2023T2;24
Hombres;B Industrias extractivas;Total;Valor absoluto;2023T1;25,5
Hombres;B Industrias extractivas;Total;Valor absoluto;2022T4;24,2
Hombres;B Industrias extractivas;Total;Valor absoluto;2022T3;24
Hombres;B Industrias extractivas;Total;Valor absoluto;2022T2;23,1
Hombres;B Industrias extractivas;Total;Valor absoluto;2022T1;24,1
Hombres;B Industrias extractivas;Total;Valor absoluto;2021T4;26,6
Hombres;B Industrias extractivas;Total;Valor absoluto;2021T3;28,1
Hombres;B Industrias extractivas;Total;Valor absoluto;2021T2;27
Hombres;B Industrias extractivas;Total;Valor absoluto;2021T1;28,9
Hombres;B Industrias extractivas;Total;Porcentaje;2023T4;100
Hombres;B Industrias extractivas;Total;Porcentaje;2023T3;100
Hombres;B Industrias extractivas;Total;Porcentaje;2023T2;100
Hombres;B Industrias extractivas;Total;Porcentaje;2023T1;100
Hombres;B Industrias extractivas;Total;Porcentaje;2022T4;100
Hombres;B Industrias extractivas;Total;Porcentaje;2022T3;100
Hombres;B Industrias extractivas;Total;Porcentaje;2022T2;100
Hombres;B Industrias extractivas;Total;Porcentaje;2022T1;100
Hombres;B Industrias extractivas;Total;Porcentaje;2021T4;100
Hombres;B Industrias extractivas;Total;Porcentaje;2021T3;100
Hombres;B Industrias extractivas;Total;Porcentaje;2021T2;100
Hombres;B Industrias extractivas;Total;Porcentaje;2021T1;100
Hombres;B Industrias extractivas;Jornada a tiempo completo;Valor absoluto;2023T4;29,1
Hombres;B Industrias extractivas;Jornada a tiempo completo;Valor absoluto;2023T3;22,7
Hombres;B Industrias extractivas;Jornada a tiempo completo;Valor absoluto;2023T2;22,3
Hombres;B Industrias extractivas;Jornada a tiempo completo;Valor absoluto;2023T1;25,5
Hombres;B Industrias extractivas;Jornada a tiempo completo;Valor absoluto;2022T4;24,2
Hombres;B Industrias extractivas;Jornada a tiempo completo;Valor absoluto;2022T3;23,8
Hombres;B Industrias extractivas;Jornada a tiempo completo;Valor absoluto;2022T2;22,9
Hombres;B Industrias extractivas;Jornada a tiempo completo;Valor absoluto;2022T1;23,9
Hombres;B Industrias extractivas;Jornada a tiempo completo;Valor absoluto;2021T4;26,3
Hombres;B Industrias extractivas;Jornada a tiempo completo;Valor absoluto;2021T3;27,5
Hombres;B Industrias extractivas;Jornada a tiempo completo;Valor absoluto;2021T2;26,9
Hombres;B Industrias extractivas;Jornada a tiempo completo;Valor absoluto;2021T1;28,3
Hombres;B Industrias extractivas;Jornada a tiempo completo;Porcentaje;2023T4;95,2
Hombres;B Industrias extractivas;Jornada a tiempo completo;Porcentaje;2023T3;94,8
Hombres;B Industrias extractivas;Jornada a tiempo completo;Porcentaje;2023T2;93,2
Hombres;B Industrias extractivas;Jornada a tiempo completo;Porcentaje;2023T1;100
Hombres;B Industrias extractivas;Jornada a tiempo completo;Porcentaje;2022T4;100
Hombres;B Industrias extractivas;Jornada a tiempo completo;Porcentaje;2022T3;99,4
Hombres;B Industrias extractivas;Jornada a tiempo completo;Porcentaje;2022T2;99,3
Hombres;B Industrias extractivas;Jornada a tiempo completo;Porcentaje;2022T1;98,9
Hombres;B Industrias extractivas;Jornada a tiempo completo;Porcentaje;2021T4;98,8
Hombres;B Industrias extractivas;Jornada a tiempo completo;Porcentaje;2021T3;97,7
Hombres;B Industrias extractivas;Jornada a tiempo completo;Porcentaje;2021T2;99,3
Hombres;B Industrias extractivas;Jornada a tiempo completo;Porcentaje;2021T1;97,7
Hombres;B Industrias extractivas;Jornada a tiempo parcial;Valor absoluto;2023T4;1,5
Hombres;B Industrias extractivas;Jornada a tiempo parcial;Valor absoluto;2023T3;1,2
Hombres;B Industrias extractivas;Jornada a tiempo parcial;Valor absoluto;2023T2;1,6
Hombres;B Industrias extractivas;Jornada a tiempo parcial;Valor absoluto;2023T1;..
Hombres;B Industrias extractivas;Jornada a tiempo parcial;Valor absoluto;2022T4;..
Hombres;B Industrias extractivas;Jornada a tiempo parcial;Valor absoluto;2022T3;0,1
Hombres;B Industrias extractivas;Jornada a tiempo parcial;Valor absoluto;2022T2;0,2
Hombres;B Industrias extractivas;Jornada a tiempo parcial;Valor absoluto;2022T1;0,3
Hombres;B Industrias extractivas;Jornada a tiempo parcial;Valor absoluto;2021T4;0,3
Hombres;B Industrias extractivas;Jornada a tiempo parcial;Valor absoluto;2021T3;0,7
Hombres;B Industrias extractivas;Jornada a tiempo parcial;Valor absoluto;2021T2;0,2
Hombres;B Industrias extractivas;Jornada a tiempo parcial;Valor absoluto;2021T1;0,7
Hombres;B Industrias extractivas;Jornada a tiempo parcial;Porcentaje;2023T4;4,8
Hombres;B Industrias extractivas;Jornada a tiempo parcial;Porcentaje;2023T3;5,2
Hombres;B Industrias extractivas;Jornada a tiempo parcial;Porcentaje;2023T2;6,8
Hombres;B Industrias extractivas;Jornada a tiempo parcial;Porcentaje;2023T1;..
Hombres;B Industrias extractivas;Jornada a tiempo parcial;Porcentaje;2022T4;..
Hombres;B Industrias extractivas;Jornada a tiempo parcial;Porcentaje;2022T3;0,6
Hombres;B Industrias extractivas;Jornada a tiempo parcial;Porcentaje;2022T2;0,7
Hombres;B Industrias extractivas;Jornada a tiempo parcial;Porcentaje;2022T1;1,1
Hombres;B Industrias extractivas;Jornada a tiempo parcial;Porcentaje;2021T4;1,2
Hombres;B Industrias extractivas;Jornada a tiempo parcial;Porcentaje;2021T3;2,3
Hombres;B Industrias extractivas;Jornada a tiempo parcial;Porcentaje;2021T2;0,7
Hombres;B Industrias extractivas;Jornada a tiempo parcial;Porcentaje;2021T1;2,3
Hombres;C Industria manufacturera;Total;Valor absoluto;2023T4;1.830,2
Hombres;C Industria manufacturera;Total;Valor absoluto;2023T3;1.829,8
Hombres;C Industria manufacturera;Total;Valor absoluto;2023T2;1.776
Hombres;C Industria manufacturera;Total;Valor absoluto;2023T1;1.836
Hombres;C Industria manufacturera;Total;Valor absoluto;2022T4;1.806,1
Hombres;C Industria manufacturera;Total;Valor absoluto;2022T3;1.822,3
Hombres;C Industria manufacturera;Total;Valor absoluto;2022T2;1.792,7
Hombres;C Industria manufacturera;Total;Valor absoluto;2022T1;1.770,5
Hombres;C Industria manufacturera;Total;Valor absoluto;2021T4;1.834,7
Hombres;C Industria manufacturera;Total;Valor absoluto;2021T3;1.791,2
Hombres;C Industria manufacturera;Total;Valor absoluto;2021T2;1.753,9
Hombres;C Industria manufacturera;Total;Valor absoluto;2021T1;1.726,9
Hombres;C Industria manufacturera;Total;Porcentaje;2023T4;100
Hombres;C Industria manufacturera;Total;Porcentaje;2023T3;100
Hombres;C Industria manufacturera;Total;Porcentaje;2023T2;100
Hombres;C Industria manufacturera;Total;Porcentaje;2023T1;100
Hombres;C Industria manufacturera;Total;Porcentaje;2022T4;100
Hombres;C Industria manufacturera;Total;Porcentaje;2022T3;100
Hombres;C Industria manufacturera;Total;Porcentaje;2022T2;100
Hombres;C Industria manufacturera;Total;Porcentaje;2022T1;100
Hombres;C Industria manufacturera;Total;Porcentaje;2021T4;100
Hombres;C Industria manufacturera;Total;Porcentaje;2021T3;100
Hombres;C Industria manufacturera;Total;Porcentaje;2021T2;100
Hombres;C Industria manufacturera;Total;Porcentaje;2021T1;100
Hombres;C Industria manufacturera;Jornada a tiempo completo;Valor absoluto;2023T4;1.789,2
Hombres;C Industria manufacturera;Jornada a tiempo completo;Valor absoluto;2023T3;1.791,7
Hombres;C Industria manufacturera;Jornada a tiempo completo;Valor absoluto;2023T2;1.737,7
Hombres;C Industria manufacturera;Jornada a tiempo completo;Valor absoluto;2023T1;1.804,2
Hombres;C Industria manufacturera;Jornada a tiempo completo;Valor absoluto;2022T4;1.765,5
Hombres;C Industria manufacturera;Jornada a tiempo completo;Valor absoluto;2022T3;1.784
Hombres;C Industria manufacturera;Jornada a tiempo completo;Valor absoluto;2022T2;1.751,7
Hombres;C Industria manufacturera;Jornada a tiempo completo;Valor absoluto;2022T1;1.731,4
Hombres;C Industria manufacturera;Jornada a tiempo completo;Valor absoluto;2021T4;1.795,2
Hombres;C Industria manufacturera;Jornada a tiempo completo;Valor absoluto;2021T3;1.753,6
Hombres;C Industria manufacturera;Jornada a tiempo completo;Valor absoluto;2021T2;1.707,9
Hombres;C Industria manufacturera;Jornada a tiempo completo;Valor absoluto;2021T1;1.693
Hombres;C Industria manufacturera;Jornada a tiempo completo;Porcentaje;2023T4;97,8
Hombres;C Industria manufacturera;Jornada a tiempo completo;Porcentaje;2023T3;97,9
Hombres;C Industria manufacturera;Jornada a tiempo completo;Porcentaje;2023T2;97,8
Hombres;C Industria manufacturera;Jornada a tiempo completo;Porcentaje;2023T1;98,3
Hombres;C Industria manufacturera;Jornada a tiempo completo;Porcentaje;2022T4;97,8
Hombres;C Industria manufacturera;Jornada a tiempo completo;Porcentaje;2022T3;97,9
Hombres;C Industria manufacturera;Jornada a tiempo completo;Porcentaje;2022T2;97,7
Hombres;C Industria manufacturera;Jornada a tiempo completo;Porcentaje;2022T1;97,8
Hombres;C Industria manufacturera;Jornada a tiempo completo;Porcentaje;2021T4;97,8
Hombres;C Industria manufacturera;Jornada a tiempo completo;Porcentaje;2021T3;97,9
Hombres;C Industria manufacturera;Jornada a tiempo completo;Porcentaje;2021T2;97,4
Hombres;C Industria manufacturera;Jornada a tiempo completo;Porcentaje;2021T1;98
Hombres;C Industria manufacturera;Jornada a tiempo parcial;Valor absoluto;2023T4;41
Hombres;C Industria manufacturera;Jornada a tiempo parcial;Valor absoluto;2023T3;38,1
Hombres;C Industria manufacturera;Jornada a tiempo parcial;Valor absoluto;2023T2;38,3
Hombres;C Industria manufacturera;Jornada a tiempo parcial;Valor absoluto;2023T1;31,8
Hombres;C Industria manufacturera;Jornada a tiempo parcial;Valor absoluto;2022T4;40,6
Hombres;C Industria manufacturera;Jornada a tiempo parcial;Valor absoluto;2022T3;38,3
Hombres;C Industria manufacturera;Jornada a tiempo parcial;Valor absoluto;2022T2;41
Hombres;C Industria manufacturera;Jornada a tiempo parcial;Valor absoluto;2022T1;39,1
Hombres;C Industria manufacturera;Jornada a tiempo parcial;Valor absoluto;2021T4;39,5
Hombres;C Industria manufacturera;Jornada a tiempo parcial;Valor absoluto;2021T3;37,5
Hombres;C Industria manufacturera;Jornada a tiempo parcial;Valor absoluto;2021T2;46
Hombres;C Industria manufacturera;Jornada a tiempo parcial;Valor absoluto;2021T1;33,8
Hombres;C Industria manufacturera;Jornada a tiempo parcial;Porcentaje;2023T4;2,2
Hombres;C Industria manufacturera;Jornada a tiempo parcial;Porcentaje;2023T3;2,1
Hombres;C Industria manufacturera;Jornada a tiempo parcial;Porcentaje;2023T2;2,2
Hombres;C Industria manufacturera;Jornada a tiempo parcial;Porcentaje;2023T1;1,7
Hombres;C Industria manufacturera;Jornada a tiempo parcial;Porcentaje;2022T4;2,2
Hombres;C Industria manufacturera;Jornada a tiempo parcial;Porcentaje;2022T3;2,1
Hombres;C Industria manufacturera;Jornada a tiempo parcial;Porcentaje;2022T2;2,3
Hombres;C Industria manufacturera;Jornada a tiempo parcial;Porcentaje;2022T1;2,2
Hombres;C Industria manufacturera;Jornada a tiempo parcial;Porcentaje;2021T4;2,2
Hombres;C Industria manufacturera;Jornada a tiempo parcial;Porcentaje;2021T3;2,1
Hombres;C Industria manufacturera;Jornada a tiempo parcial;Porcentaje;2021T2;2,6
Hombres;C Industria manufacturera;Jornada a tiempo parcial;Porcentaje;2021T1;2
Hombres;D Suministro de energía eléctrica, gas, vapor y aire acondicionado;Total;Valor absoluto;2023T4;66,2
Hombres;D Suministro de energía eléctrica, gas, vapor y aire acondicionado;Total;Valor absoluto;2023T3;58,3
Hombres;D Suministro de energía eléctrica, gas, vapor y aire acondicionado;Total;Valor absoluto;2023T2;51,9
Hombres;D Suministro de energía eléctrica, gas, vapor y aire acondicionado;Total;Valor absoluto;2023T1;53,8
Hombres;D Suministro de energía eléctrica, gas, vapor y aire acondicionado;Total;Valor absoluto;2022T4;55
Hombres;D Suministro de energía eléctrica, gas, vapor y aire acondicionado;Total;Valor absoluto;2022T3;57,2
Hombres;D Suministro de energía eléctrica, gas, vapor y aire acondicionado;Total;Valor absoluto;2022T2;69,3
Hombres;D Suministro de energía eléctrica, gas, vapor y aire acondicionado;Total;Valor absoluto;2022T1;68,9
Hombres;D Suministro de energía eléctrica, gas, vapor y aire acondicionado;Total;Valor absoluto;2021T4;64,5
Hombres;D Suministro de energía eléctrica, gas, vapor y aire acondicionado;Total;Valor absoluto;2021T3;57,2
Hombres;D Suministro de energía eléctrica, gas, vapor y aire acondicionado;Total;Valor absoluto;2021T2;58,9
Hombres;D Suministro de energía eléctrica, gas, vapor y aire acondicionado;Total;Valor absoluto;2021T1;55,9
Hombres;D Suministro de energía eléctrica, gas, vapor y aire acondicionado;Total;Porcentaje;2023T4;100
Hombres;D Suministro de energía eléctrica, gas, vapor y aire acondicionado;Total;Porcentaje;2023T3;100
Hombres;D Suministro de energía eléctrica, gas, vapor y aire acondicionado;Total;Porcentaje;2023T2;100
Hombres;D Suministro de energía eléctrica, gas, vapor y aire acondicionado;Total;Porcentaje;2023T1;100
Hombres;D Suministro de energía eléctrica, gas, vapor y aire acondicionado;Total;Porcentaje;2022T4;100
Hombres;D Suministro de energía eléctrica, gas, vapor y aire acondicionado;Total;Porcentaje;2022T3;100
Hombres;D Suministro de energía eléctrica, gas, vapor y aire acondicionado;Total;Porcentaje;2022T2;100
Hombres;D Suministro de energía eléctrica, gas, vapor y aire acondicionado;Total;Porcentaje;2022T1;100
Hombres;D Suministro de energía eléctrica, gas, vapor y aire acondicionado;Total;Porcentaje;2021T4;100
Hombres;D Suministro de energía eléctrica, gas, vapor y aire acondicionado;Total;Porcentaje;2021T3;100
Hombres;D Suministro de energía eléctrica, gas, vapor y aire acondicionado;Total;Porcentaje;2021T2;100
Hombres;D Suministro de energía eléctrica, gas, vapor y aire acondicionado;Total;Porcentaje;2021T1;100
Hombres;D Suministro de energía eléctrica, gas, vapor y aire acondicionado;Jornada a tiempo completo;Valor absoluto;2023T4;64,2
Hombres;D Suministro de energía eléctrica, gas, vapor y aire acondicionado;Jornada a tiempo completo;Valor absoluto;2023T3;57,9
Hombres;D Suministro de energía eléctrica, gas, vapor y aire acondicionado;Jornada a tiempo completo;Valor absoluto;2023T2;50,8
Hombres;D Suministro de energía eléctrica, gas, vapor y aire acondicionado;Jornada a tiempo completo;Valor absoluto;2023T1;52,5
Hombres;D Suministro de energía eléctrica, gas, vapor y aire acondicionado;Jornada a tiempo completo;Valor absoluto;2022T4;54
Hombres;D Suministro de energía eléctrica, gas, vapor y aire acondicionado;Jornada a tiempo completo;Valor absoluto;2022T3;55,8
Hombres;D Suministro de energía eléctrica, gas, vapor y aire acondicionado;Jornada a tiempo completo;Valor absoluto;2022T2;68
Hombres;D Suministro de energía eléctrica, gas, vapor y aire acondicionado;Jornada a tiempo completo;Valor absoluto;2022T1;67,6
Hombres;D Suministro de energía eléctrica, gas, vapor y aire acondicionado;Jornada a tiempo completo;Valor absoluto;2021T4;63,6
Hombres;D Suministro de energía eléctrica, gas, vapor y aire acondicionado;Jornada a tiempo completo;Valor absoluto;2021T3;55,7
Hombres;D Suministro de energía eléctrica, gas, vapor y aire acondicionado;Jornada a tiempo completo;Valor absoluto;2021T2;57,2
Hombres;D Suministro de energía eléctrica, gas, vapor y aire acondicionado;Jornada a tiempo completo;Valor absoluto;2021T1;54,5
Hombres;D Suministro de energía eléctrica, gas, vapor y aire acondicionado;Jornada a tiempo completo;Porcentaje;2023T4;97
Hombres;D Suministro de energía eléctrica, gas, vapor y aire acondicionado;Jornada a tiempo completo;Porcentaje;2023T3;99,3
Hombres;D Suministro de energía eléctrica, gas, vapor y aire acondicionado;Jornada a tiempo completo;Porcentaje;2023T2;98
Hombres;D Suministro de energía eléctrica, gas, vapor y aire acondicionado;Jornada a tiempo completo;Porcentaje;2023T1;97,5
Hombres;D Suministro de energía eléctrica, gas, vapor y aire acondicionado;Jornada a tiempo completo;Porcentaje;2022T4;98,1
Hombres;D Suministro de energía eléctrica, gas, vapor y aire acondicionado;Jornada a tiempo completo;Porcentaje;2022T3;97,7
Hombres;D Suministro de energía eléctrica, gas, vapor y aire acondicionado;Jornada a tiempo completo;Porcentaje;2022T2;98,1
Hombres;D Suministro de energía eléctrica, gas, vapor y aire acondicionado;Jornada a tiempo completo;Porcentaje;2022T1;98,1
Hombres;D Suministro de energía eléctrica, gas, vapor y aire acondicionado;Jornada a tiempo completo;Porcentaje;2021T4;98,6
Hombres;D Suministro de energía eléctrica, gas, vapor y aire acondicionado;Jornada a tiempo completo;Porcentaje;2021T3;97,3
Hombres;D Suministro de energía eléctrica, gas, vapor y aire acondicionado;Jornada a tiempo completo;Porcentaje;2021T2;97,1
Hombres;D Suministro de energía eléctrica, gas, vapor y aire acondicionado;Jornada a tiempo completo;Porcentaje;2021T1;97,6
Hombres;D Suministro de energía eléctrica, gas, vapor y aire acondicionado;Jornada a tiempo parcial;Valor absoluto;2023T4;2
Hombres;D Suministro de energía eléctrica, gas, vapor y aire acondicionado;Jornada a tiempo parcial;Valor absoluto;2023T3;0,4
Hombres;D Suministro de energía eléctrica, gas, vapor y aire acondicionado;Jornada a tiempo parcial;Valor absoluto;2023T2;1
Hombres;D Suministro de energía eléctrica, gas, vapor y aire acondicionado;Jornada a tiempo parcial;Valor absoluto;2023T1;1,3
Hombres;D Suministro de energía eléctrica, gas, vapor y aire acondicionado;Jornada a tiempo parcial;Valor absoluto;2022T4;1,1
Hombres;D Suministro de energía eléctrica, gas, vapor y aire acondicionado;Jornada a tiempo parcial;Valor absoluto;2022T3;1,3
Hombres;D Suministro de energía eléctrica, gas, vapor y aire acondicionado;Jornada a tiempo parcial;Valor absoluto;2022T2;1,3
Hombres;D Suministro de energía eléctrica, gas, vapor y aire acondicionado;Jornada a tiempo parcial;Valor absoluto;2022T1;1,3
Hombres;D Suministro de energía eléctrica, gas, vapor y aire acondicionado;Jornada a tiempo parcial;Valor absoluto;2021T4;0,9
Hombres;D Suministro de energía eléctrica, gas, vapor y aire acondicionado;Jornada a tiempo parcial;Valor absoluto;2021T3;1,5
Hombres;D Suministro de energía eléctrica, gas, vapor y aire acondicionado;Jornada a tiempo parcial;Valor absoluto;2021T2;1,7
Hombres;D Suministro de energía eléctrica, gas, vapor y aire acondicionado;Jornada a tiempo parcial;Valor absoluto;2021T1;1,3
Hombres;D Suministro de energía eléctrica, gas, vapor y aire acondicionado;Jornada a tiempo parcial;Porcentaje;2023T4;3
Hombres;D Suministro de energía eléctrica, gas, vapor y aire acondicionado;Jornada a tiempo parcial;Porcentaje;2023T3;0,7
Hombres;D Suministro de energía eléctrica, gas, vapor y aire acondicionado;Jornada a tiempo parcial;Porcentaje;2023T2;2
Hombres;D Suministro de energía eléctrica, gas, vapor y aire acondicionado;Jornada a tiempo parcial;Porcentaje;2023T1;2,5
Hombres;D Suministro de energía eléctrica, gas, vapor y aire acondicionado;Jornada a tiempo parcial;Porcentaje;2022T4;1,9
Hombres;D Suministro de energía eléctrica, gas, vapor y aire acondicionado;Jornada a tiempo parcial;Porcentaje;2022T3;2,3
Hombres;D Suministro de energía eléctrica, gas, vapor y aire acondicionado;Jornada a tiempo parcial;Porcentaje;2022T2;1,9
Hombres;D Suministro de energía eléctrica, gas, vapor y aire acondicionado;Jornada a tiempo parcial;Porcentaje;2022T1;1,9
Hombres;D Suministro de energía eléctrica, gas, vapor y aire acondicionado;Jornada a tiempo parcial;Porcentaje;2021T4;1,4
Hombres;D Suministro de energía eléctrica, gas, vapor y aire acondicionado;Jornada a tiempo parcial;Porcentaje;2021T3;2,7
Hombres;D Suministro de energía eléctrica, gas, vapor y aire acondicionado;Jornada a tiempo parcial;Porcentaje;2021T2;2,9
Hombres;D Suministro de energía eléctrica, gas, vapor y aire acondicionado;Jornada a tiempo parcial;Porcentaje;2021T1;2,4
Hombres;E Suministro de agua, actividades de saneamiento, gestión de residuos y descontaminación;Total;Valor absoluto;2023T4;112,5
Hombres;E Suministro de agua, actividades de saneamiento, gestión de residuos y descontaminación;Total;Valor absoluto;2023T3;111
Hombres;E Suministro de agua, actividades de saneamiento, gestión de residuos y descontaminación;Total;Valor absoluto;2023T2;105,5
Hombres;E Suministro de agua, actividades de saneamiento, gestión de residuos y descontaminación;Total;Valor absoluto;2023T1;117,1
Hombres;E Suministro de agua, actividades de saneamiento, gestión de residuos y descontaminación;Total;Valor absoluto;2022T4;122,6
Hombres;E Suministro de agua, actividades de saneamiento, gestión de residuos y descontaminación;Total;Valor absoluto;2022T3;123,2
Hombres;E Suministro de agua, actividades de saneamiento, gestión de residuos y descontaminación;Total;Valor absoluto;2022T2;116,2
Hombres;E Suministro de agua, actividades de saneamiento, gestión de residuos y descontaminación;Total;Valor absoluto;2022T1;121,4
Hombres;E Suministro de agua, actividades de saneamiento, gestión de residuos y descontaminación;Total;Valor absoluto;2021T4;127,9
Hombres;E Suministro de agua, actividades de saneamiento, gestión de residuos y descontaminación;Total;Valor absoluto;2021T3;133,4
Hombres;E Suministro de agua, actividades de saneamiento, gestión de residuos y descontaminación;Total;Valor absoluto;2021T2;127,1
Hombres;E Suministro de agua, actividades de saneamiento, gestión de residuos y descontaminación;Total;Valor absoluto;2021T1;129,6
Hombres;E Suministro de agua, actividades de saneamiento, gestión de residuos y descontaminación;Total;Porcentaje;2023T4;100
Hombres;E Suministro de agua, actividades de saneamiento, gestión de residuos y descontaminación;Total;Porcentaje;2023T3;100
Hombres;E Suministro de agua, actividades de saneamiento, gestión de residuos y descontaminación;Total;Porcentaje;2023T2;100
Hombres;E Suministro de agua, actividades de saneamiento, gestión de residuos y descontaminación;Total;Porcentaje;2023T1;100
Hombres;E Suministro de agua, actividades de saneamiento, gestión de residuos y descontaminación;Total;Porcentaje;2022T4;100
Hombres;E Suministro de agua, actividades de saneamiento, gestión de residuos y descontaminación;Total;Porcentaje;2022T3;100
Hombres;E Suministro de agua, actividades de saneamiento, gestión de residuos y descontaminación;Total;Porcentaje;2022T2;100
Hombres;E Suministro de agua, actividades de saneamiento, gestión de residuos y descontaminación;Total;Porcentaje;2022T1;100
Hombres;E Suministro de agua, actividades de saneamiento, gestión de residuos y descontaminación;Total;Porcentaje;2021T4;100
Hombres;E Suministro de agua, actividades de saneamiento, gestión de residuos y descontaminación;Total;Porcentaje;2021T3;100
Hombres;E Suministro de agua, actividades de saneamiento, gestión de residuos y descontaminación;Total;Porcentaje;2021T2;100
Hombres;E Suministro de agua, actividades de saneamiento, gestión de residuos y descontaminación;Total;Porcentaje;2021T1;100
Hombres;E Suministro de agua, actividades de saneamiento, gestión de residuos y descontaminación;Jornada a tiempo completo;Valor absoluto;2023T4;107,1
Hombres;E Suministro de agua, actividades de saneamiento, gestión de residuos y descontaminación;Jornada a tiempo completo;Valor absoluto;2023T3;106,3
Hombres;E Suministro de agua, actividades de saneamiento, gestión de residuos y descontaminación;Jornada a tiempo completo;Valor absoluto;2023T2;104,3
Hombres;E Suministro de agua, actividades de saneamiento, gestión de residuos y descontaminación;Jornada a tiempo completo;Valor absoluto;2023T1;113
Hombres;E Suministro de agua, actividades de saneamiento, gestión de residuos y descontaminación;Jornada a tiempo completo;Valor absoluto;2022T4;121,2
Hombres;E Suministro de agua, actividades de saneamiento, gestión de residuos y descontaminación;Jornada a tiempo completo;Valor absoluto;2022T3;120,8
Hombres;E Suministro de agua, actividades de saneamiento, gestión de residuos y descontaminación;Jornada a tiempo completo;Valor absoluto;2022T2;110,9
Hombres;E Suministro de agua, actividades de saneamiento, gestión de residuos y descontaminación;Jornada a tiempo completo;Valor absoluto;2022T1;114,4
Hombres;E Suministro de agua, actividades de saneamiento, gestión de residuos y descontaminación;Jornada a tiempo completo;Valor absoluto;2021T4;125,5
Hombres;E Suministro de agua, actividades de saneamiento, gestión de residuos y descontaminación;Jornada a tiempo completo;Valor absoluto;2021T3;127
Hombres;E Suministro de agua, actividades de saneamiento, gestión de residuos y descontaminación;Jornada a tiempo completo;Valor absoluto;2021T2;125
Hombres;E Suministro de agua, actividades de saneamiento, gestión de residuos y descontaminación;Jornada a tiempo completo;Valor absoluto;2021T1;127
Hombres;E Suministro de agua, actividades de saneamiento, gestión de residuos y descontaminación;Jornada a tiempo completo;Porcentaje;2023T4;95,2
Hombres;E Suministro de agua, actividades de saneamiento, gestión de residuos y descontaminación;Jornada a tiempo completo;Porcentaje;2023T3;95,7
Hombres;E Suministro de agua, actividades de saneamiento, gestión de residuos y descontaminación;Jornada a tiempo completo;Porcentaje;2023T2;98,8
Hombres;E Suministro de agua, actividades de saneamiento, gestión de residuos y descontaminación;Jornada a tiempo completo;Porcentaje;2023T1;96,4
Hombres;E Suministro de agua, actividades de saneamiento, gestión de residuos y descontaminación;Jornada a tiempo completo;Porcentaje;2022T4;98,9
Hombres;E Suministro de agua, actividades de saneamiento, gestión de residuos y descontaminación;Jornada a tiempo completo;Porcentaje;2022T3;98,1
Hombres;E Suministro de agua, actividades de saneamiento, gestión de residuos y descontaminación;Jornada a tiempo completo;Porcentaje;2022T2;95,4
Hombres;E Suministro de agua, actividades de saneamiento, gestión de residuos y descontaminación;Jornada a tiempo completo;Porcentaje;2022T1;94,2
Hombres;E Suministro de agua, actividades de saneamiento, gestión de residuos y descontaminación;Jornada a tiempo completo;Porcentaje;2021T4;98,1
Hombres;E Suministro de agua, actividades de saneamiento, gestión de residuos y descontaminación;Jornada a tiempo completo;Porcentaje;2021T3;95,2
Hombres;E Suministro de agua, actividades de saneamiento, gestión de residuos y descontaminación;Jornada a tiempo completo;Porcentaje;2021T2;98,3
Hombres;E Suministro de agua, actividades de saneamiento, gestión de residuos y descontaminación;Jornada a tiempo completo;Porcentaje;2021T1;98
Hombres;E Suministro de agua, actividades de saneamiento, gestión de residuos y descontaminación;Jornada a tiempo parcial;Valor absoluto;2023T4;5,4
Hombres;E Suministro de agua, actividades de saneamiento, gestión de residuos y descontaminación;Jornada a tiempo parcial;Valor absoluto;2023T3;4,7
Hombres;E Suministro de agua, actividades de saneamiento, gestión de residuos y descontaminación;Jornada a tiempo parcial;Valor absoluto;2023T2;1,2
Hombres;E Suministro de agua, actividades de saneamiento, gestión de residuos y descontaminación;Jornada a tiempo parcial;Valor absoluto;2023T1;4,2
Hombres;E Suministro de agua, actividades de saneamiento, gestión de residuos y descontaminación;Jornada a tiempo parcial;Valor absoluto;2022T4;1,3
Hombres;E Suministro de agua, actividades de saneamiento, gestión de residuos y descontaminación;Jornada a tiempo parcial;Valor absoluto;2022T3;2,4
Hombres;E Suministro de agua, actividades de saneamiento, gestión de residuos y descontaminación;Jornada a tiempo parcial;Valor absoluto;2022T2;5,3
Hombres;E Suministro de agua, actividades de saneamiento, gestión de residuos y descontaminación;Jornada a tiempo parcial;Valor absoluto;2022T1;7
Hombres;E Suministro de agua, actividades de saneamiento, gestión de residuos y descontaminación;Jornada a tiempo parcial;Valor absoluto;2021T4;2,4
Hombres;E Suministro de agua, actividades de saneamiento, gestión de residuos y descontaminación;Jornada a tiempo parcial;Valor absoluto;2021T3;6,4
Hombres;E Suministro de agua, actividades de saneamiento, gestión de residuos y descontaminación;Jornada a tiempo parcial;Valor absoluto;2021T2;2,1
Hombres;E Suministro de agua, actividades de saneamiento, gestión de residuos y descontaminación;Jornada a tiempo parcial;Valor absoluto;2021T1;2,6
Hombres;E Suministro de agua, actividades de saneamiento, gestión de residuos y descontaminación;Jornada a tiempo parcial;Porcentaje;2023T4;4,8
Hombres;E Suministro de agua, actividades de saneamiento, gestión de residuos y descontaminación;Jornada a tiempo parcial;Porcentaje;2023T3;4,3
Hombres;E Suministro de agua, actividades de saneamiento, gestión de residuos y descontaminación;Jornada a tiempo parcial;Porcentaje;2023T2;1,2
Hombres;E Suministro de agua, actividades de saneamiento, gestión de residuos y descontaminación;Jornada a tiempo parcial;Porcentaje;2023T1;3,6
Hombres;E Suministro de agua, actividades de saneamiento, gestión de residuos y descontaminación;Jornada a tiempo parcial;Porcentaje;2022T4;1,1
Hombres;E Suministro de agua, actividades de saneamiento, gestión de residuos y descontaminación;Jornada a tiempo parcial;Porcentaje;2022T3;1,9
Hombres;E Suministro de agua, actividades de saneamiento, gestión de residuos y descontaminación;Jornada a tiempo parcial;Porcentaje;2022T2;4,6
Hombres;E Suministro de agua, actividades de saneamiento, gestión de residuos y descontaminación;Jornada a tiempo parcial;Porcentaje;2022T1;5,8
Hombres;E Suministro de agua, actividades de saneamiento, gestión de residuos y descontaminación;Jornada a tiempo parcial;Porcentaje;2021T4;1,9
Hombres;E Suministro de agua, actividades de saneamiento, gestión de residuos y descontaminación;Jornada a tiempo parcial;Porcentaje;2021T3;4,8
Hombres;E Suministro de agua, actividades de saneamiento, gestión de residuos y descontaminación;Jornada a tiempo parcial;Porcentaje;2021T2;1,7
Hombres;E Suministro de agua, actividades de saneamiento, gestión de residuos y descontaminación;Jornada a tiempo parcial;Porcentaje;2021T1;2
Hombres;F Construcción;Total;Valor absoluto;2023T4;1.282,7
Hombres;F Construcción;Total;Valor absoluto;2023T3;1.255
Hombres;F Construcción;Total;Valor absoluto;2023T2;1.240
Hombres;F Construcción;Total;Valor absoluto;2023T1;1.185,2
Hombres;F Construcción;Total;Valor absoluto;2022T4;1.191,5
Hombres;F Construcción;Total;Valor absoluto;2022T3;1.209,5
Hombres;F Construcción;Total;Valor absoluto;2022T2;1.199,4
Hombres;F Construcción;Total;Valor absoluto;2022T1;1.182,6
Hombres;F Construcción;Total;Valor absoluto;2021T4;1.155,7
Hombres;F Construcción;Total;Valor absoluto;2021T3;1.158,6
Hombres;F Construcción;Total;Valor absoluto;2021T2;1.203,1
Hombres;F Construcción;Total;Valor absoluto;2021T1;1.154,2
Hombres;F Construcción;Total;Porcentaje;2023T4;100
Hombres;F Construcción;Total;Porcentaje;2023T3;100
Hombres;F Construcción;Total;Porcentaje;2023T2;100
Hombres;F Construcción;Total;Porcentaje;2023T1;100
Hombres;F Construcción;Total;Porcentaje;2022T4;100
Hombres;F Construcción;Total;Porcentaje;2022T3;100
Hombres;F Construcción;Total;Porcentaje;2022T2;100
Hombres;F Construcción;Total;Porcentaje;2022T1;100
Hombres;F Construcción;Total;Porcentaje;2021T4;100
Hombres;F Construcción;Total;Porcentaje;2021T3;100
Hombres;F Construcción;Total;Porcentaje;2021T2;100
Hombres;F Construcción;Total;Porcentaje;2021T1;100
Hombres;F Construcción;Jornada a tiempo completo;Valor absoluto;2023T4;1.247,7
Hombres;F Construcción;Jornada a tiempo completo;Valor absoluto;2023T3;1.218,9
Hombres;F Construcción;Jornada a tiempo completo;Valor absoluto;2023T2;1.201,9
Hombres;F Construcción;Jornada a tiempo completo;Valor absoluto;2023T1;1.149,8
Hombres;F Construcción;Jornada a tiempo completo;Valor absoluto;2022T4;1.151,7
Hombres;F Construcción;Jornada a tiempo completo;Valor absoluto;2022T3;1.172,3
Hombres;F Construcción;Jornada a tiempo completo;Valor absoluto;2022T2;1.161,1
Hombres;F Construcción;Jornada a tiempo completo;Valor absoluto;2022T1;1.151,1
Hombres;F Construcción;Jornada a tiempo completo;Valor absoluto;2021T4;1.120,8
Hombres;F Construcción;Jornada a tiempo completo;Valor absoluto;2021T3;1.111,9
Hombres;F Construcción;Jornada a tiempo completo;Valor absoluto;2021T2;1.168,2
Hombres;F Construcción;Jornada a tiempo completo;Valor absoluto;2021T1;1.118,9
Hombres;F Construcción;Jornada a tiempo completo;Porcentaje;2023T4;97,3
Hombres;F Construcción;Jornada a tiempo completo;Porcentaje;2023T3;97,1
Hombres;F Construcción;Jornada a tiempo completo;Porcentaje;2023T2;96,9
Hombres;F Construcción;Jornada a tiempo completo;Porcentaje;2023T1;97
Hombres;F Construcción;Jornada a tiempo completo;Porcentaje;2022T4;96,7
Hombres;F Construcción;Jornada a tiempo completo;Porcentaje;2022T3;96,9
Hombres;F Construcción;Jornada a tiempo completo;Porcentaje;2022T2;96,8
Hombres;F Construcción;Jornada a tiempo completo;Porcentaje;2022T1;97,3
Hombres;F Construcción;Jornada a tiempo completo;Porcentaje;2021T4;97
Hombres;F Construcción;Jornada a tiempo completo;Porcentaje;2021T3;96
Hombres;F Construcción;Jornada a tiempo completo;Porcentaje;2021T2;97,1
Hombres;F Construcción;Jornada a tiempo completo;Porcentaje;2021T1;96,9
Hombres;F Construcción;Jornada a tiempo parcial;Valor absoluto;2023T4;35
Hombres;F Construcción;Jornada a tiempo parcial;Valor absoluto;2023T3;36,1
Hombres;F Construcción;Jornada a tiempo parcial;Valor absoluto;2023T2;38
Hombres;F Construcción;Jornada a tiempo parcial;Valor absoluto;2023T1;35,5
Hombres;F Construcción;Jornada a tiempo parcial;Valor absoluto;2022T4;39,8
Hombres;F Construcción;Jornada a tiempo parcial;Valor absoluto;2022T3;37,2
Hombres;F Construcción;Jornada a tiempo parcial;Valor absoluto;2022T2;38,2
Hombres;F Construcción;Jornada a tiempo parcial;Valor absoluto;2022T1;31,5
Hombres;F Construcción;Jornada a tiempo parcial;Valor absoluto;2021T4;34,9
Hombres;F Construcción;Jornada a tiempo parcial;Valor absoluto;2021T3;46,8
Hombres;F Construcción;Jornada a tiempo parcial;Valor absoluto;2021T2;35
Hombres;F Construcción;Jornada a tiempo parcial;Valor absoluto;2021T1;35,3
Hombres;F Construcción;Jornada a tiempo parcial;Porcentaje;2023T4;2,7
Hombres;F Construcción;Jornada a tiempo parcial;Porcentaje;2023T3;2,9
Hombres;F Construcción;Jornada a tiempo parcial;Porcentaje;2023T2;3,1
Hombres;F Construcción;Jornada a tiempo parcial;Porcentaje;2023T1;3
Hombres;F Construcción;Jornada a tiempo parcial;Porcentaje;2022T4;3,3
Hombres;F Construcción;Jornada a tiempo parcial;Porcentaje;2022T3;3,1
Hombres;F Construcción;Jornada a tiempo parcial;Porcentaje;2022T2;3,2
Hombres;F Construcción;Jornada a tiempo parcial;Porcentaje;2022T1;2,7
Hombres;F Construcción;Jornada a tiempo parcial;Porcentaje;2021T4;3
Hombres;F Construcción;Jornada a tiempo parcial;Porcentaje;2021T3;4
Hombres;F Construcción;Jornada a tiempo parcial;Porcentaje;2021T2;2,9
Hombres;F Construcción;Jornada a tiempo parcial;Porcentaje;2021T1;3,1
Hombres;G Comercio al por mayor y al por menor, reparación de vehículos de motor y motocicletas;Total;Valor absoluto;2023T4;1.573
Hombres;G Comercio al por mayor y al por menor, reparación de vehículos de motor y motocicletas;Total;Valor absoluto;2023T3;1.582,7
Hombres;G Comercio al por mayor y al por menor, reparación de vehículos de motor y motocicletas;Total;Valor absoluto;2023T2;1.531,5
Hombres;G Comercio al por mayor y al por menor, reparación de vehículos de motor y motocicletas;Total;Valor absoluto;2023T1;1.494,7
Hombres;G Comercio al por mayor y al por menor, reparación de vehículos de motor y motocicletas;Total;Valor absoluto;2022T4;1.502,4
Hombres;G Comercio al por mayor y al por menor, reparación de vehículos de motor y motocicletas;Total;Valor absoluto;2022T3;1.515,3
Hombres;G Comercio al por mayor y al por menor, reparación de vehículos de motor y motocicletas;Total;Valor absoluto;2022T2;1.496
Hombres;G Comercio al por mayor y al por menor, reparación de vehículos de motor y motocicletas;Total;Valor absoluto;2022T1;1.486,2
Hombres;G Comercio al por mayor y al por menor, reparación de vehículos de motor y motocicletas;Total;Valor absoluto;2021T4;1.504,1
Hombres;G Comercio al por mayor y al por menor, reparación de vehículos de motor y motocicletas;Total;Valor absoluto;2021T3;1.510,7
Hombres;G Comercio al por mayor y al por menor, reparación de vehículos de motor y motocicletas;Total;Valor absoluto;2021T2;1.485,9
Hombres;G Comercio al por mayor y al por menor, reparación de vehículos de motor y motocicletas;Total;Valor absoluto;2021T1;1.492,7
Hombres;G Comercio al por mayor y al por menor, reparación de vehículos de motor y motocicletas;Total;Porcentaje;2023T4;100
Hombres;G Comercio al por mayor y al por menor, reparación de vehículos de motor y motocicletas;Total;Porcentaje;2023T3;100
Hombres;G Comercio al por mayor y al por menor, reparación de vehículos de motor y motocicletas;Total;Porcentaje;2023T2;100
Hombres;G Comercio al por mayor y al por menor, reparación de vehículos de motor y motocicletas;Total;Porcentaje;2023T1;100
Hombres;G Comercio al por mayor y al por menor, reparación de vehículos de motor y motocicletas;Total;Porcentaje;2022T4;100
Hombres;G Comercio al por mayor y al por menor, reparación de vehículos de motor y motocicletas;Total;Porcentaje;2022T3;100
Hombres;G Comercio al por mayor y al por menor, reparación de vehículos de motor y motocicletas;Total;Porcentaje;2022T2;100
Hombres;G Comercio al por mayor y al por menor, reparación de vehículos de motor y motocicletas;Total;Porcentaje;2022T1;100
Hombres;G Comercio al por mayor y al por menor, reparación de vehículos de motor y motocicletas;Total;Porcentaje;2021T4;100
Hombres;G Comercio al por mayor y al por menor, reparación de vehículos de motor y motocicletas;Total;Porcentaje;2021T3;100
Hombres;G Comercio al por mayor y al por menor, reparación de vehículos de motor y motocicletas;Total;Porcentaje;2021T2;100
Hombres;G Comercio al por mayor y al por menor, reparación de vehículos de motor y motocicletas;Total;Porcentaje;2021T1;100
Hombres;G Comercio al por mayor y al por menor, reparación de vehículos de motor y motocicletas;Jornada a tiempo completo;Valor absoluto;2023T4;1.470,1
Hombres;G Comercio al por mayor y al por menor, reparación de vehículos de motor y motocicletas;Jornada a tiempo completo;Valor absoluto;2023T3;1.478,3
Hombres;G Comercio al por mayor y al por menor, reparación de vehículos de motor y motocicletas;Jornada a tiempo completo;Valor absoluto;2023T2;1.425,2
Hombres;G Comercio al por mayor y al por menor, reparación de vehículos de motor y motocicletas;Jornada a tiempo completo;Valor absoluto;2023T1;1.393,7
Hombres;G Comercio al por mayor y al por menor, reparación de vehículos de motor y motocicletas;Jornada a tiempo completo;Valor absoluto;2022T4;1.390,6
Hombres;G Comercio al por mayor y al por menor, reparación de vehículos de motor y motocicletas;Jornada a tiempo completo;Valor absoluto;2022T3;1.407,7
Hombres;G Comercio al por mayor y al por menor, reparación de vehículos de motor y motocicletas;Jornada a tiempo completo;Valor absoluto;2022T2;1.379,9
Hombres;G Comercio al por mayor y al por menor, reparación de vehículos de motor y motocicletas;Jornada a tiempo completo;Valor absoluto;2022T1;1.388,7
Hombres;G Comercio al por mayor y al por menor, reparación de vehículos de motor y motocicletas;Jornada a tiempo completo;Valor absoluto;2021T4;1.409,9
Hombres;G Comercio al por mayor y al por menor, reparación de vehículos de motor y motocicletas;Jornada a tiempo completo;Valor absoluto;2021T3;1.409,5
Hombres;G Comercio al por mayor y al por menor, reparación de vehículos de motor y motocicletas;Jornada a tiempo completo;Valor absoluto;2021T2;1.382,6
Hombres;G Comercio al por mayor y al por menor, reparación de vehículos de motor y motocicletas;Jornada a tiempo completo;Valor absoluto;2021T1;1.389,8
Hombres;G Comercio al por mayor y al por menor, reparación de vehículos de motor y motocicletas;Jornada a tiempo completo;Porcentaje;2023T4;93,5
Hombres;G Comercio al por mayor y al por menor, reparación de vehículos de motor y motocicletas;Jornada a tiempo completo;Porcentaje;2023T3;93,4
Hombres;G Comercio al por mayor y al por menor, reparación de vehículos de motor y motocicletas;Jornada a tiempo completo;Porcentaje;2023T2;93,1
Hombres;G Comercio al por mayor y al por menor, reparación de vehículos de motor y motocicletas;Jornada a tiempo completo;Porcentaje;2023T1;93,2
Hombres;G Comercio al por mayor y al por menor, reparación de vehículos de motor y motocicletas;Jornada a tiempo completo;Porcentaje;2022T4;92,6
Hombres;G Comercio al por mayor y al por menor, reparación de vehículos de motor y motocicletas;Jornada a tiempo completo;Porcentaje;2022T3;92,9
Hombres;G Comercio al por mayor y al por menor, reparación de vehículos de motor y motocicletas;Jornada a tiempo completo;Porcentaje;2022T2;92,2
Hombres;G Comercio al por mayor y al por menor, reparación de vehículos de motor y motocicletas;Jornada a tiempo completo;Porcentaje;2022T1;93,4
Hombres;G Comercio al por mayor y al por menor, reparación de vehículos de motor y motocicletas;Jornada a tiempo completo;Porcentaje;2021T4;93,7
Hombres;G Comercio al por mayor y al por menor, reparación de vehículos de motor y motocicletas;Jornada a tiempo completo;Porcentaje;2021T3;93,3
Hombres;G Comercio al por mayor y al por menor, reparación de vehículos de motor y motocicletas;Jornada a tiempo completo;Porcentaje;2021T2;93
Hombres;G Comercio al por mayor y al por menor, reparación de vehículos de motor y motocicletas;Jornada a tiempo completo;Porcentaje;2021T1;93,1
Hombres;G Comercio al por mayor y al por menor, reparación de vehículos de motor y motocicletas;Jornada a tiempo parcial;Valor absoluto;2023T4;102,9
Hombres;G Comercio al por mayor y al por menor, reparación de vehículos de motor y motocicletas;Jornada a tiempo parcial;Valor absoluto;2023T3;104,5
Hombres;G Comercio al por mayor y al por menor, reparación de vehículos de motor y motocicletas;Jornada a tiempo parcial;Valor absoluto;2023T2;106,3
Hombres;G Comercio al por mayor y al por menor, reparación de vehículos de motor y motocicletas;Jornada a tiempo parcial;Valor absoluto;2023T1;101
Hombres;G Comercio al por mayor y al por menor, reparación de vehículos de motor y motocicletas;Jornada a tiempo parcial;Valor absoluto;2022T4;111,7
Hombres;G Comercio al por mayor y al por menor, reparación de vehículos de motor y motocicletas;Jornada a tiempo parcial;Valor absoluto;2022T3;107,6
Hombres;G Comercio al por mayor y al por menor, reparación de vehículos de motor y motocicletas;Jornada a tiempo parcial;Valor absoluto;2022T2;116
Hombres;G Comercio al por mayor y al por menor, reparación de vehículos de motor y motocicletas;Jornada a tiempo parcial;Valor absoluto;2022T1;97,4
Hombres;G Comercio al por mayor y al por menor, reparación de vehículos de motor y motocicletas;Jornada a tiempo parcial;Valor absoluto;2021T4;94,2
Hombres;G Comercio al por mayor y al por menor, reparación de vehículos de motor y motocicletas;Jornada a tiempo parcial;Valor absoluto;2021T3;101,2
Hombres;G Comercio al por mayor y al por menor, reparación de vehículos de motor y motocicletas;Jornada a tiempo parcial;Valor absoluto;2021T2;103,3
Hombres;G Comercio al por mayor y al por menor, reparación de vehículos de motor y motocicletas;Jornada a tiempo parcial;Valor absoluto;2021T1;102,9
Hombres;G Comercio al por mayor y al por menor, reparación de vehículos de motor y motocicletas;Jornada a tiempo parcial;Porcentaje;2023T4;6,5
Hombres;G Comercio al por mayor y al por menor, reparación de vehículos de motor y motocicletas;Jornada a tiempo parcial;Porcentaje;2023T3;6,6
Hombres;G Comercio al por mayor y al por menor, reparación de vehículos de motor y motocicletas;Jornada a tiempo parcial;Porcentaje;2023T2;6,9
Hombres;G Comercio al por mayor y al por menor, reparación de vehículos de motor y motocicletas;Jornada a tiempo parcial;Porcentaje;2023T1;6,8
Hombres;G Comercio al por mayor y al por menor, reparación de vehículos de motor y motocicletas;Jornada a tiempo parcial;Porcentaje;2022T4;7,4
Hombres;G Comercio al por mayor y al por menor, reparación de vehículos de motor y motocicletas;Jornada a tiempo parcial;Porcentaje;2022T3;7,1
Hombres;G Comercio al por mayor y al por menor, reparación de vehículos de motor y motocicletas;Jornada a tiempo parcial;Porcentaje;2022T2;7,8
Hombres;G Comercio al por mayor y al por menor, reparación de vehículos de motor y motocicletas;Jornada a tiempo parcial;Porcentaje;2022T1;6,6
Hombres;G Comercio al por mayor y al por menor, reparación de vehículos de motor y motocicletas;Jornada a tiempo parcial;Porcentaje;2021T4;6,3
Hombres;G Comercio al por mayor y al por menor, reparación de vehículos de motor y motocicletas;Jornada a tiempo parcial;Porcentaje;2021T3;6,7
Hombres;G Comercio al por mayor y al por menor, reparación de vehículos de motor y motocicletas;Jornada a tiempo parcial;Porcentaje;2021T2;7
Hombres;G Comercio al por mayor y al por menor, reparación de vehículos de motor y motocicletas;Jornada a tiempo parcial;Porcentaje;2021T1;6,9
Hombres;H Transporte y almacenamiento;Total;Valor absoluto;2023T4;882,9
Hombres;H Transporte y almacenamiento;Total;Valor absoluto;2023T3;916,2
Hombres;H Transporte y almacenamiento;Total;Valor absoluto;2023T2;916
Hombres;H Transporte y almacenamiento;Total;Valor absoluto;2023T1;864,8
Hombres;H Transporte y almacenamiento;Total;Valor absoluto;2022T4;899,3
Hombres;H Transporte y almacenamiento;Total;Valor absoluto;2022T3;867
Hombres;H Transporte y almacenamiento;Total;Valor absoluto;2022T2;863
Hombres;H Transporte y almacenamiento;Total;Valor absoluto;2022T1;852,6
Hombres;H Transporte y almacenamiento;Total;Valor absoluto;2021T4;858,9
Hombres;H Transporte y almacenamiento;Total;Valor absoluto;2021T3;804,1
Hombres;H Transporte y almacenamiento;Total;Valor absoluto;2021T2;782,3
Hombres;H Transporte y almacenamiento;Total;Valor absoluto;2021T1;794,3
Hombres;H Transporte y almacenamiento;Total;Porcentaje;2023T4;100
Hombres;H Transporte y almacenamiento;Total;Porcentaje;2023T3;100
Hombres;H Transporte y almacenamiento;Total;Porcentaje;2023T2;100
Hombres;H Transporte y almacenamiento;Total;Porcentaje;2023T1;100
Hombres;H Transporte y almacenamiento;Total;Porcentaje;2022T4;100
Hombres;H Transporte y almacenamiento;Total;Porcentaje;2022T3;100
Hombres;H Transporte y almacenamiento;Total;Porcentaje;2022T2;100
Hombres;H Transporte y almacenamiento;Total;Porcentaje;2022T1;100
Hombres;H Transporte y almacenamiento;Total;Porcentaje;2021T4;100
Hombres;H Transporte y almacenamiento;Total;Porcentaje;2021T3;100
Hombres;H Transporte y almacenamiento;Total;Porcentaje;2021T2;100
Hombres;H Transporte y almacenamiento;Total;Porcentaje;2021T1;100
Hombres;H Transporte y almacenamiento;Jornada a tiempo completo;Valor absoluto;2023T4;843,8
Hombres;H Transporte y almacenamiento;Jornada a tiempo completo;Valor absoluto;2023T3;868,8
Hombres;H Transporte y almacenamiento;Jornada a tiempo completo;Valor absoluto;2023T2;865,1
Hombres;H Transporte y almacenamiento;Jornada a tiempo completo;Valor absoluto;2023T1;818,1
Hombres;H Transporte y almacenamiento;Jornada a tiempo completo;Valor absoluto;2022T4;858,9
Hombres;H Transporte y almacenamiento;Jornada a tiempo completo;Valor absoluto;2022T3;832,5
Hombres;H Transporte y almacenamiento;Jornada a tiempo completo;Valor absoluto;2022T2;815,4
Hombres;H Transporte y almacenamiento;Jornada a tiempo completo;Valor absoluto;2022T1;803,7
Hombres;H Transporte y almacenamiento;Jornada a tiempo completo;Valor absoluto;2021T4;812,9
Hombres;H Transporte y almacenamiento;Jornada a tiempo completo;Valor absoluto;2021T3;752,7
Hombres;H Transporte y almacenamiento;Jornada a tiempo completo;Valor absoluto;2021T2;733,3
Hombres;H Transporte y almacenamiento;Jornada a tiempo completo;Valor absoluto;2021T1;747,7
Hombres;H Transporte y almacenamiento;Jornada a tiempo completo;Porcentaje;2023T4;95,6
Hombres;H Transporte y almacenamiento;Jornada a tiempo completo;Porcentaje;2023T3;94,8
Hombres;H Transporte y almacenamiento;Jornada a tiempo completo;Porcentaje;2023T2;94,4
Hombres;H Transporte y almacenamiento;Jornada a tiempo completo;Porcentaje;2023T1;94,6
Hombres;H Transporte y almacenamiento;Jornada a tiempo completo;Porcentaje;2022T4;95,5
Hombres;H Transporte y almacenamiento;Jornada a tiempo completo;Porcentaje;2022T3;96
Hombres;H Transporte y almacenamiento;Jornada a tiempo completo;Porcentaje;2022T2;94,5
Hombres;H Transporte y almacenamiento;Jornada a tiempo completo;Porcentaje;2022T1;94,3
Hombres;H Transporte y almacenamiento;Jornada a tiempo completo;Porcentaje;2021T4;94,6
Hombres;H Transporte y almacenamiento;Jornada a tiempo completo;Porcentaje;2021T3;93,6
Hombres;H Transporte y almacenamiento;Jornada a tiempo completo;Porcentaje;2021T2;93,7
Hombres;H Transporte y almacenamiento;Jornada a tiempo completo;Porcentaje;2021T1;94,1
Hombres;H Transporte y almacenamiento;Jornada a tiempo parcial;Valor absoluto;2023T4;39
Hombres;H Transporte y almacenamiento;Jornada a tiempo parcial;Valor absoluto;2023T3;47,3
Hombres;H Transporte y almacenamiento;Jornada a tiempo parcial;Valor absoluto;2023T2;51
Hombres;H Transporte y almacenamiento;Jornada a tiempo parcial;Valor absoluto;2023T1;46,7
Hombres;H Transporte y almacenamiento;Jornada a tiempo parcial;Valor absoluto;2022T4;40,5
Hombres;H Transporte y almacenamiento;Jornada a tiempo parcial;Valor absoluto;2022T3;34,5
Hombres;H Transporte y almacenamiento;Jornada a tiempo parcial;Valor absoluto;2022T2;47,6
Hombres;H Transporte y almacenamiento;Jornada a tiempo parcial;Valor absoluto;2022T1;48,8
Hombres;H Transporte y almacenamiento;Jornada a tiempo parcial;Valor absoluto;2021T4;46
Hombres;H Transporte y almacenamiento;Jornada a tiempo parcial;Valor absoluto;2021T3;51,4
Hombres;H Transporte y almacenamiento;Jornada a tiempo parcial;Valor absoluto;2021T2;49
Hombres;H Transporte y almacenamiento;Jornada a tiempo parcial;Valor absoluto;2021T1;46,6
Hombres;H Transporte y almacenamiento;Jornada a tiempo parcial;Porcentaje;2023T4;4,4
Hombres;H Transporte y almacenamiento;Jornada a tiempo parcial;Porcentaje;2023T3;5,2
Hombres;H Transporte y almacenamiento;Jornada a tiempo parcial;Porcentaje;2023T2;5,6
Hombres;H Transporte y almacenamiento;Jornada a tiempo parcial;Porcentaje;2023T1;5,4
Hombres;H Transporte y almacenamiento;Jornada a tiempo parcial;Porcentaje;2022T4;4,5
Hombres;H Transporte y almacenamiento;Jornada a tiempo parcial;Porcentaje;2022T3;4
Hombres;H Transporte y almacenamiento;Jornada a tiempo parcial;Porcentaje;2022T2;5,5
Hombres;H Transporte y almacenamiento;Jornada a tiempo parcial;Porcentaje;2022T1;5,7
Hombres;H Transporte y almacenamiento;Jornada a tiempo parcial;Porcentaje;2021T4;5,4
Hombres;H Transporte y almacenamiento;Jornada a tiempo parcial;Porcentaje;2021T3;6,4
Hombres;H Transporte y almacenamiento;Jornada a tiempo parcial;Porcentaje;2021T2;6,3
Hombres;H Transporte y almacenamiento;Jornada a tiempo parcial;Porcentaje;2021T1;5,9
Hombres;I Hostelería;Total;Valor absoluto;2023T4;768,5
Hombres;I Hostelería;Total;Valor absoluto;2023T3;873,3
Hombres;I Hostelería;Total;Valor absoluto;2023T2;833,5
Hombres;I Hostelería;Total;Valor absoluto;2023T1;727,3
Hombres;I Hostelería;Total;Valor absoluto;2022T4;757,5
Hombres;I Hostelería;Total;Valor absoluto;2022T3;848,2
Hombres;I Hostelería;Total;Valor absoluto;2022T2;795,3
Hombres;I Hostelería;Total;Valor absoluto;2022T1;684,2
Hombres;I Hostelería;Total;Valor absoluto;2021T4;692,2
Hombres;I Hostelería;Total;Valor absoluto;2021T3;784,3
Hombres;I Hostelería;Total;Valor absoluto;2021T2;681,9
Hombres;I Hostelería;Total;Valor absoluto;2021T1;584,6
Hombres;I Hostelería;Total;Porcentaje;2023T4;100
Hombres;I Hostelería;Total;Porcentaje;2023T3;100
Hombres;I Hostelería;Total;Porcentaje;2023T2;100
Hombres;I Hostelería;Total;Porcentaje;2023T1;100
Hombres;I Hostelería;Total;Porcentaje;2022T4;100
Hombres;I Hostelería;Total;Porcentaje;2022T3;100
Hombres;I Hostelería;Total;Porcentaje;2022T2;100
Hombres;I Hostelería;Total;Porcentaje;2022T1;100
Hombres;I Hostelería;Total;Porcentaje;2021T4;100
Hombres;I Hostelería;Total;Porcentaje;2021T3;100
Hombres;I Hostelería;Total;Porcentaje;2021T2;100
Hombres;I Hostelería;Total;Porcentaje;2021T1;100
Hombres;I Hostelería;Jornada a tiempo completo;Valor absoluto;2023T4;632,9
Hombres;I Hostelería;Jornada a tiempo completo;Valor absoluto;2023T3;733,1
Hombres;I Hostelería;Jornada a tiempo completo;Valor absoluto;2023T2;684,8
Hombres;I Hostelería;Jornada a tiempo completo;Valor absoluto;2023T1;592,8
Hombres;I Hostelería;Jornada a tiempo completo;Valor absoluto;2022T4;629
Hombres;I Hostelería;Jornada a tiempo completo;Valor absoluto;2022T3;708,3
Hombres;I Hostelería;Jornada a tiempo completo;Valor absoluto;2022T2;665,3
Hombres;I Hostelería;Jornada a tiempo completo;Valor absoluto;2022T1;560,8
Hombres;I Hostelería;Jornada a tiempo completo;Valor absoluto;2021T4;568,1
Hombres;I Hostelería;Jornada a tiempo completo;Valor absoluto;2021T3;644,9
Hombres;I Hostelería;Jornada a tiempo completo;Valor absoluto;2021T2;530,6
Hombres;I Hostelería;Jornada a tiempo completo;Valor absoluto;2021T1;454,3
Hombres;I Hostelería;Jornada a tiempo completo;Porcentaje;2023T4;82,4
Hombres;I Hostelería;Jornada a tiempo completo;Porcentaje;2023T3;83,9
Hombres;I Hostelería;Jornada a tiempo completo;Porcentaje;2023T2;82,2
Hombres;I Hostelería;Jornada a tiempo completo;Porcentaje;2023T1;81,5
Hombres;I Hostelería;Jornada a tiempo completo;Porcentaje;2022T4;83
Hombres;I Hostelería;Jornada a tiempo completo;Porcentaje;2022T3;83,5
Hombres;I Hostelería;Jornada a tiempo completo;Porcentaje;2022T2;83,7
Hombres;I Hostelería;Jornada a tiempo completo;Porcentaje;2022T1;82
Hombres;I Hostelería;Jornada a tiempo completo;Porcentaje;2021T4;82,1
Hombres;I Hostelería;Jornada a tiempo completo;Porcentaje;2021T3;82,2
Hombres;I Hostelería;Jornada a tiempo completo;Porcentaje;2021T2;77,8
Hombres;I Hostelería;Jornada a tiempo completo;Porcentaje;2021T1;77,7
Hombres;I Hostelería;Jornada a tiempo parcial;Valor absoluto;2023T4;135,6
Hombres;I Hostelería;Jornada a tiempo parcial;Valor absoluto;2023T3;140,2
Hombres;I Hostelería;Jornada a tiempo parcial;Valor absoluto;2023T2;148,7
Hombres;I Hostelería;Jornada a tiempo parcial;Valor absoluto;2023T1;134,5
Hombres;I Hostelería;Jornada a tiempo parcial;Valor absoluto;2022T4;128,5
Hombres;I Hostelería;Jornada a tiempo parcial;Valor absoluto;2022T3;139,9
Hombres;I Hostelería;Jornada a tiempo parcial;Valor absoluto;2022T2;130
Hombres;I Hostelería;Jornada a tiempo parcial;Valor absoluto;2022T1;123,5
Hombres;I Hostelería;Jornada a tiempo parcial;Valor absoluto;2021T4;124,1
Hombres;I Hostelería;Jornada a tiempo parcial;Valor absoluto;2021T3;139,4
Hombres;I Hostelería;Jornada a tiempo parcial;Valor absoluto;2021T2;151,3
Hombres;I Hostelería;Jornada a tiempo parcial;Valor absoluto;2021T1;130,4
Hombres;I Hostelería;Jornada a tiempo parcial;Porcentaje;2023T4;17,6
Hombres;I Hostelería;Jornada a tiempo parcial;Porcentaje;2023T3;16,1
Hombres;I Hostelería;Jornada a tiempo parcial;Porcentaje;2023T2;17,8
Hombres;I Hostelería;Jornada a tiempo parcial;Porcentaje;2023T1;18,5
Hombres;I Hostelería;Jornada a tiempo parcial;Porcentaje;2022T4;17
Hombres;I Hostelería;Jornada a tiempo parcial;Porcentaje;2022T3;16,5
Hombres;I Hostelería;Jornada a tiempo parcial;Porcentaje;2022T2;16,3
Hombres;I Hostelería;Jornada a tiempo parcial;Porcentaje;2022T1;18
Hombres;I Hostelería;Jornada a tiempo parcial;Porcentaje;2021T4;17,9
Hombres;I Hostelería;Jornada a tiempo parcial;Porcentaje;2021T3;17,8
Hombres;I Hostelería;Jornada a tiempo parcial;Porcentaje;2021T2;22,2
Hombres;I Hostelería;Jornada a tiempo parcial;Porcentaje;2021T1;22,3
Hombres;J Información y comunicaciones;Total;Valor absoluto;2023T4;541,3
Hombres;J Información y comunicaciones;Total;Valor absoluto;2023T3;527,7
Hombres;J Información y comunicaciones;Total;Valor absoluto;2023T2;521,4
Hombres;J Información y comunicaciones;Total;Valor absoluto;2023T1;507,7
Hombres;J Información y comunicaciones;Total;Valor absoluto;2022T4;506,4
Hombres;J Información y comunicaciones;Total;Valor absoluto;2022T3;531,4
Hombres;J Información y comunicaciones;Total;Valor absoluto;2022T2;513
Hombres;J Información y comunicaciones;Total;Valor absoluto;2022T1;527,3
Hombres;J Información y comunicaciones;Total;Valor absoluto;2021T4;502,8
Hombres;J Información y comunicaciones;Total;Valor absoluto;2021T3;466,1
Hombres;J Información y comunicaciones;Total;Valor absoluto;2021T2;455,1
Hombres;J Información y comunicaciones;Total;Valor absoluto;2021T1;426,9
Hombres;J Información y comunicaciones;Total;Porcentaje;2023T4;100
Hombres;J Información y comunicaciones;Total;Porcentaje;2023T3;100
Hombres;J Información y comunicaciones;Total;Porcentaje;2023T2;100
Hombres;J Información y comunicaciones;Total;Porcentaje;2023T1;100
Hombres;J Información y comunicaciones;Total;Porcentaje;2022T4;100
Hombres;J Información y comunicaciones;Total;Porcentaje;2022T3;100
Hombres;J Información y comunicaciones;Total;Porcentaje;2022T2;100
Hombres;J Información y comunicaciones;Total;Porcentaje;2022T1;100
Hombres;J Información y comunicaciones;Total;Porcentaje;2021T4;100
Hombres;J Información y comunicaciones;Total;Porcentaje;2021T3;100
Hombres;J Información y comunicaciones;Total;Porcentaje;2021T2;100
Hombres;J Información y comunicaciones;Total;Porcentaje;2021T1;100
Hombres;J Información y comunicaciones;Jornada a tiempo completo;Valor absoluto;2023T4;515,9
Hombres;J Información y comunicaciones;Jornada a tiempo completo;Valor absoluto;2023T3;502,6
Hombres;J Información y comunicaciones;Jornada a tiempo completo;Valor absoluto;2023T2;500
Hombres;J Información y comunicaciones;Jornada a tiempo completo;Valor absoluto;2023T1;484,5
Hombres;J Información y comunicaciones;Jornada a tiempo completo;Valor absoluto;2022T4;483,1
Hombres;J Información y comunicaciones;Jornada a tiempo completo;Valor absoluto;2022T3;509,8
Hombres;J Información y comunicaciones;Jornada a tiempo completo;Valor absoluto;2022T2;488,6
Hombres;J Información y comunicaciones;Jornada a tiempo completo;Valor absoluto;2022T1;506
Hombres;J Información y comunicaciones;Jornada a tiempo completo;Valor absoluto;2021T4;481,8
Hombres;J Información y comunicaciones;Jornada a tiempo completo;Valor absoluto;2021T3;446,2
Hombres;J Información y comunicaciones;Jornada a tiempo completo;Valor absoluto;2021T2;437,9
Hombres;J Información y comunicaciones;Jornada a tiempo completo;Valor absoluto;2021T1;409,1
Hombres;J Información y comunicaciones;Jornada a tiempo completo;Porcentaje;2023T4;95,3
Hombres;J Información y comunicaciones;Jornada a tiempo completo;Porcentaje;2023T3;95,2
Hombres;J Información y comunicaciones;Jornada a tiempo completo;Porcentaje;2023T2;95,9
Hombres;J Información y comunicaciones;Jornada a tiempo completo;Porcentaje;2023T1;95,4
Hombres;J Información y comunicaciones;Jornada a tiempo completo;Porcentaje;2022T4;95,4
Hombres;J Información y comunicaciones;Jornada a tiempo completo;Porcentaje;2022T3;95,9
Hombres;J Información y comunicaciones;Jornada a tiempo completo;Porcentaje;2022T2;95,2
Hombres;J Información y comunicaciones;Jornada a tiempo completo;Porcentaje;2022T1;95,9
Hombres;J Información y comunicaciones;Jornada a tiempo completo;Porcentaje;2021T4;95,8
Hombres;J Información y comunicaciones;Jornada a tiempo completo;Porcentaje;2021T3;95,7
Hombres;J Información y comunicaciones;Jornada a tiempo completo;Porcentaje;2021T2;96,2
Hombres;J Información y comunicaciones;Jornada a tiempo completo;Porcentaje;2021T1;95,8
Hombres;J Información y comunicaciones;Jornada a tiempo parcial;Valor absoluto;2023T4;25,4
Hombres;J Información y comunicaciones;Jornada a tiempo parcial;Valor absoluto;2023T3;25,1
Hombres;J Información y comunicaciones;Jornada a tiempo parcial;Valor absoluto;2023T2;21,4
Hombres;J Información y comunicaciones;Jornada a tiempo parcial;Valor absoluto;2023T1;23,2
Hombres;J Información y comunicaciones;Jornada a tiempo parcial;Valor absoluto;2022T4;23,3
Hombres;J Información y comunicaciones;Jornada a tiempo parcial;Valor absoluto;2022T3;21,6
Hombres;J Información y comunicaciones;Jornada a tiempo parcial;Valor absoluto;2022T2;24,4
Hombres;J Información y comunicaciones;Jornada a tiempo parcial;Valor absoluto;2022T1;21,4
Hombres;J Información y comunicaciones;Jornada a tiempo parcial;Valor absoluto;2021T4;21
Hombres;J Información y comunicaciones;Jornada a tiempo parcial;Valor absoluto;2021T3;19,9
Hombres;J Información y comunicaciones;Jornada a tiempo parcial;Valor absoluto;2021T2;17,2
Hombres;J Información y comunicaciones;Jornada a tiempo parcial;Valor absoluto;2021T1;17,9
Hombres;J Información y comunicaciones;Jornada a tiempo parcial;Porcentaje;2023T4;4,7
Hombres;J Información y comunicaciones;Jornada a tiempo parcial;Porcentaje;2023T3;4,8
Hombres;J Información y comunicaciones;Jornada a tiempo parcial;Porcentaje;2023T2;4,1
Hombres;J Información y comunicaciones;Jornada a tiempo parcial;Porcentaje;2023T1;4,6
Hombres;J Información y comunicaciones;Jornada a tiempo parcial;Porcentaje;2022T4;4,6
Hombres;J Información y comunicaciones;Jornada a tiempo parcial;Porcentaje;2022T3;4,1
Hombres;J Información y comunicaciones;Jornada a tiempo parcial;Porcentaje;2022T2;4,8
Hombres;J Información y comunicaciones;Jornada a tiempo parcial;Porcentaje;2022T1;4,1
Hombres;J Información y comunicaciones;Jornada a tiempo parcial;Porcentaje;2021T4;4,2
Hombres;J Información y comunicaciones;Jornada a tiempo parcial;Porcentaje;2021T3;4,3
Hombres;J Información y comunicaciones;Jornada a tiempo parcial;Porcentaje;2021T2;3,8
Hombres;J Información y comunicaciones;Jornada a tiempo parcial;Porcentaje;2021T1;4,2
Hombres;K Actividades financieras y de seguros;Total;Valor absoluto;2023T4;230,4
Hombres;K Actividades financieras y de seguros;Total;Valor absoluto;2023T3;247,1
Hombres;K Actividades financieras y de seguros;Total;Valor absoluto;2023T2;228,8
Hombres;K Actividades financieras y de seguros;Total;Valor absoluto;2023T1;222,1
Hombres;K Actividades financieras y de seguros;Total;Valor absoluto;2022T4;224,9
Hombres;K Actividades financieras y de seguros;Total;Valor absoluto;2022T3;223,8
Hombres;K Actividades financieras y de seguros;Total;Valor absoluto;2022T2;220,8
Hombres;K Actividades financieras y de seguros;Total;Valor absoluto;2022T1;221,2
Hombres;K Actividades financieras y de seguros;Total;Valor absoluto;2021T4;233,9
Hombres;K Actividades financieras y de seguros;Total;Valor absoluto;2021T3;234
Hombres;K Actividades financieras y de seguros;Total;Valor absoluto;2021T2;233,2
Hombres;K Actividades financieras y de seguros;Total;Valor absoluto;2021T1;236
Hombres;K Actividades financieras y de seguros;Total;Porcentaje;2023T4;100
Hombres;K Actividades financieras y de seguros;Total;Porcentaje;2023T3;100
Hombres;K Actividades financieras y de seguros;Total;Porcentaje;2023T2;100
Hombres;K Actividades financieras y de seguros;Total;Porcentaje;2023T1;100
Hombres;K Actividades financieras y de seguros;Total;Porcentaje;2022T4;100
Hombres;K Actividades financieras y de seguros;Total;Porcentaje;2022T3;100
Hombres;K Actividades financieras y de seguros;Total;Porcentaje;2022T2;100
Hombres;K Actividades financieras y de seguros;Total;Porcentaje;2022T1;100
Hombres;K Actividades financieras y de seguros;Total;Porcentaje;2021T4;100
Hombres;K Actividades financieras y de seguros;Total;Porcentaje;2021T3;100
Hombres;K Actividades financieras y de seguros;Total;Porcentaje;2021T2;100
Hombres;K Actividades financieras y de seguros;Total;Porcentaje;2021T1;100
Hombres;K Actividades financieras y de seguros;Jornada a tiempo completo;Valor absoluto;2023T4;221,8
Hombres;K Actividades financieras y de seguros;Jornada a tiempo completo;Valor absoluto;2023T3;237,3
Hombres;K Actividades financieras y de seguros;Jornada a tiempo completo;Valor absoluto;2023T2;225,5
Hombres;K Actividades financieras y de seguros;Jornada a tiempo completo;Valor absoluto;2023T1;215,1
Hombres;K Actividades financieras y de seguros;Jornada a tiempo completo;Valor absoluto;2022T4;216,5
Hombres;K Actividades financieras y de seguros;Jornada a tiempo completo;Valor absoluto;2022T3;214,3
Hombres;K Actividades financieras y de seguros;Jornada a tiempo completo;Valor absoluto;2022T2;214,8
Hombres;K Actividades financieras y de seguros;Jornada a tiempo completo;Valor absoluto;2022T1;216,5
Hombres;K Actividades financieras y de seguros;Jornada a tiempo completo;Valor absoluto;2021T4;228,4
Hombres;K Actividades financieras y de seguros;Jornada a tiempo completo;Valor absoluto;2021T3;230,2
Hombres;K Actividades financieras y de seguros;Jornada a tiempo completo;Valor absoluto;2021T2;227,9
Hombres;K Actividades financieras y de seguros;Jornada a tiempo completo;Valor absoluto;2021T1;230,1
Hombres;K Actividades financieras y de seguros;Jornada a tiempo completo;Porcentaje;2023T4;96,2
Hombres;K Actividades financieras y de seguros;Jornada a tiempo completo;Porcentaje;2023T3;96
Hombres;K Actividades financieras y de seguros;Jornada a tiempo completo;Porcentaje;2023T2;98,5
Hombres;K Actividades financieras y de seguros;Jornada a tiempo completo;Porcentaje;2023T1;96,9
Hombres;K Actividades financieras y de seguros;Jornada a tiempo completo;Porcentaje;2022T4;96,3
Hombres;K Actividades financieras y de seguros;Jornada a tiempo completo;Porcentaje;2022T3;95,8
Hombres;K Actividades financieras y de seguros;Jornada a tiempo completo;Porcentaje;2022T2;97,3
Hombres;K Actividades financieras y de seguros;Jornada a tiempo completo;Porcentaje;2022T1;97,9
Hombres;K Actividades financieras y de seguros;Jornada a tiempo completo;Porcentaje;2021T4;97,7
Hombres;K Actividades financieras y de seguros;Jornada a tiempo completo;Porcentaje;2021T3;98,4
Hombres;K Actividades financieras y de seguros;Jornada a tiempo completo;Porcentaje;2021T2;97,7
Hombres;K Actividades financieras y de seguros;Jornada a tiempo completo;Porcentaje;2021T1;97,5
Hombres;K Actividades financieras y de seguros;Jornada a tiempo parcial;Valor absoluto;2023T4;8,7
Hombres;K Actividades financieras y de seguros;Jornada a tiempo parcial;Valor absoluto;2023T3;9,8
Hombres;K Actividades financieras y de seguros;Jornada a tiempo parcial;Valor absoluto;2023T2;3,4
Hombres;K Actividades financieras y de seguros;Jornada a tiempo parcial;Valor absoluto;2023T1;6,9
Hombres;K Actividades financieras y de seguros;Jornada a tiempo parcial;Valor absoluto;2022T4;8,4
Hombres;K Actividades financieras y de seguros;Jornada a tiempo parcial;Valor absoluto;2022T3;9,5
Hombres;K Actividades financieras y de seguros;Jornada a tiempo parcial;Valor absoluto;2022T2;6,1
Hombres;K Actividades financieras y de seguros;Jornada a tiempo parcial;Valor absoluto;2022T1;4,8
Hombres;K Actividades financieras y de seguros;Jornada a tiempo parcial;Valor absoluto;2021T4;5,5
Hombres;K Actividades financieras y de seguros;Jornada a tiempo parcial;Valor absoluto;2021T3;3,7
Hombres;K Actividades financieras y de seguros;Jornada a tiempo parcial;Valor absoluto;2021T2;5,4
Hombres;K Actividades financieras y de seguros;Jornada a tiempo parcial;Valor absoluto;2021T1;5,9
Hombres;K Actividades financieras y de seguros;Jornada a tiempo parcial;Porcentaje;2023T4;3,8
Hombres;K Actividades financieras y de seguros;Jornada a tiempo parcial;Porcentaje;2023T3;4
Hombres;K Actividades financieras y de seguros;Jornada a tiempo parcial;Porcentaje;2023T2;1,5
Hombres;K Actividades financieras y de seguros;Jornada a tiempo parcial;Porcentaje;2023T1;3,1
Hombres;K Actividades financieras y de seguros;Jornada a tiempo parcial;Porcentaje;2022T4;3,7
Hombres;K Actividades financieras y de seguros;Jornada a tiempo parcial;Porcentaje;2022T3;4,2
Hombres;K Actividades financieras y de seguros;Jornada a tiempo parcial;Porcentaje;2022T2;2,7
Hombres;K Actividades financieras y de seguros;Jornada a tiempo parcial;Porcentaje;2022T1;2,1
Hombres;K Actividades financieras y de seguros;Jornada a tiempo parcial;Porcentaje;2021T4;2,3
Hombres;K Actividades financieras y de seguros;Jornada a tiempo parcial;Porcentaje;2021T3;1,6
Hombres;K Actividades financieras y de seguros;Jornada a tiempo parcial;Porcentaje;2021T2;2,3
Hombres;K Actividades financieras y de seguros;Jornada a tiempo parcial;Porcentaje;2021T1;2,5
Hombres;L Actividades inmobiliarias;Total;Valor absoluto;2023T4;90,3
Hombres;L Actividades inmobiliarias;Total;Valor absoluto;2023T3;94
Hombres;L Actividades inmobiliarias;Total;Valor absoluto;2023T2;99,6
Hombres;L Actividades inmobiliarias;Total;Valor absoluto;2023T1;73,1
Hombres;L Actividades inmobiliarias;Total;Valor absoluto;2022T4;75,9
Hombres;L Actividades inmobiliarias;Total;Valor absoluto;2022T3;70,7
Hombres;L Actividades inmobiliarias;Total;Valor absoluto;2022T2;73,2
Hombres;L Actividades inmobiliarias;Total;Valor absoluto;2022T1;83,3
Hombres;L Actividades inmobiliarias;Total;Valor absoluto;2021T4;83,7
Hombres;L Actividades inmobiliarias;Total;Valor absoluto;2021T3;73,2
Hombres;L Actividades inmobiliarias;Total;Valor absoluto;2021T2;68,1
Hombres;L Actividades inmobiliarias;Total;Valor absoluto;2021T1;79,9
Hombres;L Actividades inmobiliarias;Total;Porcentaje;2023T4;100
Hombres;L Actividades inmobiliarias;Total;Porcentaje;2023T3;100
Hombres;L Actividades inmobiliarias;Total;Porcentaje;2023T2;100
Hombres;L Actividades inmobiliarias;Total;Porcentaje;2023T1;100
Hombres;L Actividades inmobiliarias;Total;Porcentaje;2022T4;100
Hombres;L Actividades inmobiliarias;Total;Porcentaje;2022T3;100
Hombres;L Actividades inmobiliarias;Total;Porcentaje;2022T2;100
Hombres;L Actividades inmobiliarias;Total;Porcentaje;2022T1;100
Hombres;L Actividades inmobiliarias;Total;Porcentaje;2021T4;100
Hombres;L Actividades inmobiliarias;Total;Porcentaje;2021T3;100
Hombres;L Actividades inmobiliarias;Total;Porcentaje;2021T2;100
Hombres;L Actividades inmobiliarias;Total;Porcentaje;2021T1;100
Hombres;L Actividades inmobiliarias;Jornada a tiempo completo;Valor absoluto;2023T4;77,6
Hombres;L Actividades inmobiliarias;Jornada a tiempo completo;Valor absoluto;2023T3;86,1
Hombres;L Actividades inmobiliarias;Jornada a tiempo completo;Valor absoluto;2023T2;94,2
Hombres;L Actividades inmobiliarias;Jornada a tiempo completo;Valor absoluto;2023T1;68,7
Hombres;L Actividades inmobiliarias;Jornada a tiempo completo;Valor absoluto;2022T4;68,5
Hombres;L Actividades inmobiliarias;Jornada a tiempo completo;Valor absoluto;2022T3;65,2
Hombres;L Actividades inmobiliarias;Jornada a tiempo completo;Valor absoluto;2022T2;66
Hombres;L Actividades inmobiliarias;Jornada a tiempo completo;Valor absoluto;2022T1;75,7
Hombres;L Actividades inmobiliarias;Jornada a tiempo completo;Valor absoluto;2021T4;76,8
Hombres;L Actividades inmobiliarias;Jornada a tiempo completo;Valor absoluto;2021T3;67,9
Hombres;L Actividades inmobiliarias;Jornada a tiempo completo;Valor absoluto;2021T2;62,8
Hombres;L Actividades inmobiliarias;Jornada a tiempo completo;Valor absoluto;2021T1;75,4
Hombres;L Actividades inmobiliarias;Jornada a tiempo completo;Porcentaje;2023T4;85,8
Hombres;L Actividades inmobiliarias;Jornada a tiempo completo;Porcentaje;2023T3;91,6
Hombres;L Actividades inmobiliarias;Jornada a tiempo completo;Porcentaje;2023T2;94,6
Hombres;L Actividades inmobiliarias;Jornada a tiempo completo;Porcentaje;2023T1;93,9
Hombres;L Actividades inmobiliarias;Jornada a tiempo completo;Porcentaje;2022T4;90,3
Hombres;L Actividades inmobiliarias;Jornada a tiempo completo;Porcentaje;2022T3;92,3
Hombres;L Actividades inmobiliarias;Jornada a tiempo completo;Porcentaje;2022T2;90,1
Hombres;L Actividades inmobiliarias;Jornada a tiempo completo;Porcentaje;2022T1;90,8
Hombres;L Actividades inmobiliarias;Jornada a tiempo completo;Porcentaje;2021T4;91,8
Hombres;L Actividades inmobiliarias;Jornada a tiempo completo;Porcentaje;2021T3;92,7
Hombres;L Actividades inmobiliarias;Jornada a tiempo completo;Porcentaje;2021T2;92,2
Hombres;L Actividades inmobiliarias;Jornada a tiempo completo;Porcentaje;2021T1;94,4
Hombres;L Actividades inmobiliarias;Jornada a tiempo parcial;Valor absoluto;2023T4;12,8
Hombres;L Actividades inmobiliarias;Jornada a tiempo parcial;Valor absoluto;2023T3;7,9
Hombres;L Actividades inmobiliarias;Jornada a tiempo parcial;Valor absoluto;2023T2;5,4
Hombres;L Actividades inmobiliarias;Jornada a tiempo parcial;Valor absoluto;2023T1;4,5
Hombres;L Actividades inmobiliarias;Jornada a tiempo parcial;Valor absoluto;2022T4;7,4
Hombres;L Actividades inmobiliarias;Jornada a tiempo parcial;Valor absoluto;2022T3;5,4
Hombres;L Actividades inmobiliarias;Jornada a tiempo parcial;Valor absoluto;2022T2;7,3
Hombres;L Actividades inmobiliarias;Jornada a tiempo parcial;Valor absoluto;2022T1;7,7
Hombres;L Actividades inmobiliarias;Jornada a tiempo parcial;Valor absoluto;2021T4;6,9
Hombres;L Actividades inmobiliarias;Jornada a tiempo parcial;Valor absoluto;2021T3;5,3
Hombres;L Actividades inmobiliarias;Jornada a tiempo parcial;Valor absoluto;2021T2;5,3
Hombres;L Actividades inmobiliarias;Jornada a tiempo parcial;Valor absoluto;2021T1;4,4
Hombres;L Actividades inmobiliarias;Jornada a tiempo parcial;Porcentaje;2023T4;14,2
Hombres;L Actividades inmobiliarias;Jornada a tiempo parcial;Porcentaje;2023T3;8,4
Hombres;L Actividades inmobiliarias;Jornada a tiempo parcial;Porcentaje;2023T2;5,4
Hombres;L Actividades inmobiliarias;Jornada a tiempo parcial;Porcentaje;2023T1;6,1
Hombres;L Actividades inmobiliarias;Jornada a tiempo parcial;Porcentaje;2022T4;9,7
Hombres;L Actividades inmobiliarias;Jornada a tiempo parcial;Porcentaje;2022T3;7,7
Hombres;L Actividades inmobiliarias;Jornada a tiempo parcial;Porcentaje;2022T2;9,9
Hombres;L Actividades inmobiliarias;Jornada a tiempo parcial;Porcentaje;2022T1;9,2
Hombres;L Actividades inmobiliarias;Jornada a tiempo parcial;Porcentaje;2021T4;8,2
Hombres;L Actividades inmobiliarias;Jornada a tiempo parcial;Porcentaje;2021T3;7,3
Hombres;L Actividades inmobiliarias;Jornada a tiempo parcial;Porcentaje;2021T2;7,8
Hombres;L Actividades inmobiliarias;Jornada a tiempo parcial;Porcentaje;2021T1;5,6
Hombres;M Actividades profesionales, científicas y técnicas;Total;Valor absoluto;2023T4;641,5
Hombres;M Actividades profesionales, científicas y técnicas;Total;Valor absoluto;2023T3;630,7
Hombres;M Actividades profesionales, científicas y técnicas;Total;Valor absoluto;2023T2;628,3
Hombres;M Actividades profesionales, científicas y técnicas;Total;Valor absoluto;2023T1;587,7
Hombres;M Actividades profesionales, científicas y técnicas;Total;Valor absoluto;2022T4;581,8
Hombres;M Actividades profesionales, científicas y técnicas;Total;Valor absoluto;2022T3;600
Hombres;M Actividades profesionales, científicas y técnicas;Total;Valor absoluto;2022T2;574,5
Hombres;M Actividades profesionales, científicas y técnicas;Total;Valor absoluto;2022T1;547,5
Hombres;M Actividades profesionales, científicas y técnicas;Total;Valor absoluto;2021T4;542,2
Hombres;M Actividades profesionales, científicas y técnicas;Total;Valor absoluto;2021T3;535,4
Hombres;M Actividades profesionales, científicas y técnicas;Total;Valor absoluto;2021T2;539,4
Hombres;M Actividades profesionales, científicas y técnicas;Total;Valor absoluto;2021T1;557,1
Hombres;M Actividades profesionales, científicas y técnicas;Total;Porcentaje;2023T4;100
Hombres;M Actividades profesionales, científicas y técnicas;Total;Porcentaje;2023T3;100
Hombres;M Actividades profesionales, científicas y técnicas;Total;Porcentaje;2023T2;100
Hombres;M Actividades profesionales, científicas y técnicas;Total;Porcentaje;2023T1;100
Hombres;M Actividades profesionales, científicas y técnicas;Total;Porcentaje;2022T4;100
Hombres;M Actividades profesionales, científicas y técnicas;Total;Porcentaje;2022T3;100
Hombres;M Actividades profesionales, científicas y técnicas;Total;Porcentaje;2022T2;100
Hombres;M Actividades profesionales, científicas y técnicas;Total;Porcentaje;2022T1;100
Hombres;M Actividades profesionales, científicas y técnicas;Total;Porcentaje;2021T4;100
Hombres;M Actividades profesionales, científicas y técnicas;Total;Porcentaje;2021T3;100
Hombres;M Actividades profesionales, científicas y técnicas;Total;Porcentaje;2021T2;100
Hombres;M Actividades profesionales, científicas y técnicas;Total;Porcentaje;2021T1;100
Hombres;M Actividades profesionales, científicas y técnicas;Jornada a tiempo completo;Valor absoluto;2023T4;608,2
Hombres;M Actividades profesionales, científicas y técnicas;Jornada a tiempo completo;Valor absoluto;2023T3;593,7
Hombres;M Actividades profesionales, científicas y técnicas;Jornada a tiempo completo;Valor absoluto;2023T2;597,2
Hombres;M Actividades profesionales, científicas y técnicas;Jornada a tiempo completo;Valor absoluto;2023T1;563,6
Hombres;M Actividades profesionales, científicas y técnicas;Jornada a tiempo completo;Valor absoluto;2022T4;555,3
Hombres;M Actividades profesionales, científicas y técnicas;Jornada a tiempo completo;Valor absoluto;2022T3;568,3
Hombres;M Actividades profesionales, científicas y técnicas;Jornada a tiempo completo;Valor absoluto;2022T2;544,2
Hombres;M Actividades profesionales, científicas y técnicas;Jornada a tiempo completo;Valor absoluto;2022T1;518,5
Hombres;M Actividades profesionales, científicas y técnicas;Jornada a tiempo completo;Valor absoluto;2021T4;513,3
Hombres;M Actividades profesionales, científicas y técnicas;Jornada a tiempo completo;Valor absoluto;2021T3;506,9
Hombres;M Actividades profesionales, científicas y técnicas;Jornada a tiempo completo;Valor absoluto;2021T2;506,5
Hombres;M Actividades profesionales, científicas y técnicas;Jornada a tiempo completo;Valor absoluto;2021T1;521,1
Hombres;M Actividades profesionales, científicas y técnicas;Jornada a tiempo completo;Porcentaje;2023T4;94,8
Hombres;M Actividades profesionales, científicas y técnicas;Jornada a tiempo completo;Porcentaje;2023T3;94,1
Hombres;M Actividades profesionales, científicas y técnicas;Jornada a tiempo completo;Porcentaje;2023T2;95
Hombres;M Actividades profesionales, científicas y técnicas;Jornada a tiempo completo;Porcentaje;2023T1;95,9
Hombres;M Actividades profesionales, científicas y técnicas;Jornada a tiempo completo;Porcentaje;2022T4;95,4
Hombres;M Actividades profesionales, científicas y técnicas;Jornada a tiempo completo;Porcentaje;2022T3;94,7
Hombres;M Actividades profesionales, científicas y técnicas;Jornada a tiempo completo;Porcentaje;2022T2;94,7
Hombres;M Actividades profesionales, científicas y técnicas;Jornada a tiempo completo;Porcentaje;2022T1;94,7
Hombres;M Actividades profesionales, científicas y técnicas;Jornada a tiempo completo;Porcentaje;2021T4;94,7
Hombres;M Actividades profesionales, científicas y técnicas;Jornada a tiempo completo;Porcentaje;2021T3;94,7
Hombres;M Actividades profesionales, científicas y técnicas;Jornada a tiempo completo;Porcentaje;2021T2;93,9
Hombres;M Actividades profesionales, científicas y técnicas;Jornada a tiempo completo;Porcentaje;2021T1;93,5
Hombres;M Actividades profesionales, científicas y técnicas;Jornada a tiempo parcial;Valor absoluto;2023T4;33,3
Hombres;M Actividades profesionales, científicas y técnicas;Jornada a tiempo parcial;Valor absoluto;2023T3;37
Hombres;M Actividades profesionales, científicas y técnicas;Jornada a tiempo parcial;Valor absoluto;2023T2;31,1
Hombres;M Actividades profesionales, científicas y técnicas;Jornada a tiempo parcial;Valor absoluto;2023T1;24,1
Hombres;M Actividades profesionales, científicas y técnicas;Jornada a tiempo parcial;Valor absoluto;2022T4;26,5
Hombres;M Actividades profesionales, científicas y técnicas;Jornada a tiempo parcial;Valor absoluto;2022T3;31,8
Hombres;M Actividades profesionales, científicas y técnicas;Jornada a tiempo parcial;Valor absoluto;2022T2;30,4
Hombres;M Actividades profesionales, científicas y técnicas;Jornada a tiempo parcial;Valor absoluto;2022T1;29
Hombres;M Actividades profesionales, científicas y técnicas;Jornada a tiempo parcial;Valor absoluto;2021T4;28,9
Hombres;M Actividades profesionales, científicas y técnicas;Jornada a tiempo parcial;Valor absoluto;2021T3;28,4
Hombres;M Actividades profesionales, científicas y técnicas;Jornada a tiempo parcial;Valor absoluto;2021T2;32,9
Hombres;M Actividades profesionales, científicas y técnicas;Jornada a tiempo parcial;Valor absoluto;2021T1;35,9
Hombres;M Actividades profesionales, científicas y técnicas;Jornada a tiempo parcial;Porcentaje;2023T4;5,2
Hombres;M Actividades profesionales, científicas y técnicas;Jornada a tiempo parcial;Porcentaje;2023T3;5,9
Hombres;M Actividades profesionales, científicas y técnicas;Jornada a tiempo parcial;Porcentaje;2023T2;5
Hombres;M Actividades profesionales, científicas y técnicas;Jornada a tiempo parcial;Porcentaje;2023T1;4,1
Hombres;M Actividades profesionales, científicas y técnicas;Jornada a tiempo parcial;Porcentaje;2022T4;4,6
Hombres;M Actividades profesionales, científicas y técnicas;Jornada a tiempo parcial;Porcentaje;2022T3;5,3
Hombres;M Actividades profesionales, científicas y técnicas;Jornada a tiempo parcial;Porcentaje;2022T2;5,3
Hombres;M Actividades profesionales, científicas y técnicas;Jornada a tiempo parcial;Porcentaje;2022T1;5,3
Hombres;M Actividades profesionales, científicas y técnicas;Jornada a tiempo parcial;Porcentaje;2021T4;5,3
Hombres;M Actividades profesionales, científicas y técnicas;Jornada a tiempo parcial;Porcentaje;2021T3;5,3
Hombres;M Actividades profesionales, científicas y técnicas;Jornada a tiempo parcial;Porcentaje;2021T2;6,1
Hombres;M Actividades profesionales, científicas y técnicas;Jornada a tiempo parcial;Porcentaje;2021T1;6,5
Hombres;N Actividades administrativas y servicios auxiliares;Total;Valor absoluto;2023T4;466,3
Hombres;N Actividades administrativas y servicios auxiliares;Total;Valor absoluto;2023T3;484,6
Hombres;N Actividades administrativas y servicios auxiliares;Total;Valor absoluto;2023T2;482,6
Hombres;N Actividades administrativas y servicios auxiliares;Total;Valor absoluto;2023T1;463,6
Hombres;N Actividades administrativas y servicios auxiliares;Total;Valor absoluto;2022T4;473
Hombres;N Actividades administrativas y servicios auxiliares;Total;Valor absoluto;2022T3;481
Hombres;N Actividades administrativas y servicios auxiliares;Total;Valor absoluto;2022T2;454,9
Hombres;N Actividades administrativas y servicios auxiliares;Total;Valor absoluto;2022T1;479,8
Hombres;N Actividades administrativas y servicios auxiliares;Total;Valor absoluto;2021T4;494,7
Hombres;N Actividades administrativas y servicios auxiliares;Total;Valor absoluto;2021T3;511,5
Hombres;N Actividades administrativas y servicios auxiliares;Total;Valor absoluto;2021T2;457,5
Hombres;N Actividades administrativas y servicios auxiliares;Total;Valor absoluto;2021T1;446,3
Hombres;N Actividades administrativas y servicios auxiliares;Total;Porcentaje;2023T4;100
Hombres;N Actividades administrativas y servicios auxiliares;Total;Porcentaje;2023T3;100
Hombres;N Actividades administrativas y servicios auxiliares;Total;Porcentaje;2023T2;100
Hombres;N Actividades administrativas y servicios auxiliares;Total;Porcentaje;2023T1;100
Hombres;N Actividades administrativas y servicios auxiliares;Total;Porcentaje;2022T4;100
Hombres;N Actividades administrativas y servicios auxiliares;Total;Porcentaje;2022T3;100
Hombres;N Actividades administrativas y servicios auxiliares;Total;Porcentaje;2022T2;100
Hombres;N Actividades administrativas y servicios auxiliares;Total;Porcentaje;2022T1;100
Hombres;N Actividades administrativas y servicios auxiliares;Total;Porcentaje;2021T4;100
Hombres;N Actividades administrativas y servicios auxiliares;Total;Porcentaje;2021T3;100
Hombres;N Actividades administrativas y servicios auxiliares;Total;Porcentaje;2021T2;100
Hombres;N Actividades administrativas y servicios auxiliares;Total;Porcentaje;2021T1;100
Hombres;N Actividades administrativas y servicios auxiliares;Jornada a tiempo completo;Valor absoluto;2023T4;409
Hombres;N Actividades administrativas y servicios auxiliares;Jornada a tiempo completo;Valor absoluto;2023T3;427,3
Hombres;N Actividades administrativas y servicios auxiliares;Jornada a tiempo completo;Valor absoluto;2023T2;426
Hombres;N Actividades administrativas y servicios auxiliares;Jornada a tiempo completo;Valor absoluto;2023T1;416,3
Hombres;N Actividades administrativas y servicios auxiliares;Jornada a tiempo completo;Valor absoluto;2022T4;429,1
Hombres;N Actividades administrativas y servicios auxiliares;Jornada a tiempo completo;Valor absoluto;2022T3;433,1
Hombres;N Actividades administrativas y servicios auxiliares;Jornada a tiempo completo;Valor absoluto;2022T2;416,4
Hombres;N Actividades administrativas y servicios auxiliares;Jornada a tiempo completo;Valor absoluto;2022T1;438,9
Hombres;N Actividades administrativas y servicios auxiliares;Jornada a tiempo completo;Valor absoluto;2021T4;454,4
Hombres;N Actividades administrativas y servicios auxiliares;Jornada a tiempo completo;Valor absoluto;2021T3;471,7
Hombres;N Actividades administrativas y servicios auxiliares;Jornada a tiempo completo;Valor absoluto;2021T2;420,7
Hombres;N Actividades administrativas y servicios auxiliares;Jornada a tiempo completo;Valor absoluto;2021T1;405,7
Hombres;N Actividades administrativas y servicios auxiliares;Jornada a tiempo completo;Porcentaje;2023T4;87,7
Hombres;N Actividades administrativas y servicios auxiliares;Jornada a tiempo completo;Porcentaje;2023T3;88,2
Hombres;N Actividades administrativas y servicios auxiliares;Jornada a tiempo completo;Porcentaje;2023T2;88,3
Hombres;N Actividades administrativas y servicios auxiliares;Jornada a tiempo completo;Porcentaje;2023T1;89,8
Hombres;N Actividades administrativas y servicios auxiliares;Jornada a tiempo completo;Porcentaje;2022T4;90,7
Hombres;N Actividades administrativas y servicios auxiliares;Jornada a tiempo completo;Porcentaje;2022T3;90
Hombres;N Actividades administrativas y servicios auxiliares;Jornada a tiempo completo;Porcentaje;2022T2;91,5
Hombres;N Actividades administrativas y servicios auxiliares;Jornada a tiempo completo;Porcentaje;2022T1;91,5
Hombres;N Actividades administrativas y servicios auxiliares;Jornada a tiempo completo;Porcentaje;2021T4;91,9
Hombres;N Actividades administrativas y servicios auxiliares;Jornada a tiempo completo;Porcentaje;2021T3;92,2
Hombres;N Actividades administrativas y servicios auxiliares;Jornada a tiempo completo;Porcentaje;2021T2;92
Hombres;N Actividades administrativas y servicios auxiliares;Jornada a tiempo completo;Porcentaje;2021T1;90,9
Hombres;N Actividades administrativas y servicios auxiliares;Jornada a tiempo parcial;Valor absoluto;2023T4;57,3
Hombres;N Actividades administrativas y servicios auxiliares;Jornada a tiempo parcial;Valor absoluto;2023T3;57,2
Hombres;N Actividades administrativas y servicios auxiliares;Jornada a tiempo parcial;Valor absoluto;2023T2;56,6
Hombres;N Actividades administrativas y servicios auxiliares;Jornada a tiempo parcial;Valor absoluto;2023T1;47,2
Hombres;N Actividades administrativas y servicios auxiliares;Jornada a tiempo parcial;Valor absoluto;2022T4;43,9
Hombres;N Actividades administrativas y servicios auxiliares;Jornada a tiempo parcial;Valor absoluto;2022T3;47,9
Hombres;N Actividades administrativas y servicios auxiliares;Jornada a tiempo parcial;Valor absoluto;2022T2;38,5
Hombres;N Actividades administrativas y servicios auxiliares;Jornada a tiempo parcial;Valor absoluto;2022T1;40,9
Hombres;N Actividades administrativas y servicios auxiliares;Jornada a tiempo parcial;Valor absoluto;2021T4;40,3
Hombres;N Actividades administrativas y servicios auxiliares;Jornada a tiempo parcial;Valor absoluto;2021T3;39,8
Hombres;N Actividades administrativas y servicios auxiliares;Jornada a tiempo parcial;Valor absoluto;2021T2;36,7
Hombres;N Actividades administrativas y servicios auxiliares;Jornada a tiempo parcial;Valor absoluto;2021T1;40,6
Hombres;N Actividades administrativas y servicios auxiliares;Jornada a tiempo parcial;Porcentaje;2023T4;12,3
Hombres;N Actividades administrativas y servicios auxiliares;Jornada a tiempo parcial;Porcentaje;2023T3;11,8
Hombres;N Actividades administrativas y servicios auxiliares;Jornada a tiempo parcial;Porcentaje;2023T2;11,7
Hombres;N Actividades administrativas y servicios auxiliares;Jornada a tiempo parcial;Porcentaje;2023T1;10,2
Hombres;N Actividades administrativas y servicios auxiliares;Jornada a tiempo parcial;Porcentaje;2022T4;9,3
Hombres;N Actividades administrativas y servicios auxiliares;Jornada a tiempo parcial;Porcentaje;2022T3;10
Hombres;N Actividades administrativas y servicios auxiliares;Jornada a tiempo parcial;Porcentaje;2022T2;8,5
Hombres;N Actividades administrativas y servicios auxiliares;Jornada a tiempo parcial;Porcentaje;2022T1;8,5
Hombres;N Actividades administrativas y servicios auxiliares;Jornada a tiempo parcial;Porcentaje;2021T4;8,1
Hombres;N Actividades administrativas y servicios auxiliares;Jornada a tiempo parcial;Porcentaje;2021T3;7,8
Hombres;N Actividades administrativas y servicios auxiliares;Jornada a tiempo parcial;Porcentaje;2021T2;8
Hombres;N Actividades administrativas y servicios auxiliares;Jornada a tiempo parcial;Porcentaje;2021T1;9,1
Hombres;O Administración Pública y defensa, Seguridad Social obligatoria;Total;Valor absoluto;2023T4;788
Hombres;O Administración Pública y defensa, Seguridad Social obligatoria;Total;Valor absoluto;2023T3;806
Hombres;O Administración Pública y defensa, Seguridad Social obligatoria;Total;Valor absoluto;2023T2;804,9
Hombres;O Administración Pública y defensa, Seguridad Social obligatoria;Total;Valor absoluto;2023T1;793,5
Hombres;O Administración Pública y defensa, Seguridad Social obligatoria;Total;Valor absoluto;2022T4;814,7
Hombres;O Administración Pública y defensa, Seguridad Social obligatoria;Total;Valor absoluto;2022T3;798,2
Hombres;O Administración Pública y defensa, Seguridad Social obligatoria;Total;Valor absoluto;2022T2;788,4
Hombres;O Administración Pública y defensa, Seguridad Social obligatoria;Total;Valor absoluto;2022T1;764,6
Hombres;O Administración Pública y defensa, Seguridad Social obligatoria;Total;Valor absoluto;2021T4;747,1
Hombres;O Administración Pública y defensa, Seguridad Social obligatoria;Total;Valor absoluto;2021T3;771
Hombres;O Administración Pública y defensa, Seguridad Social obligatoria;Total;Valor absoluto;2021T2;779,7
Hombres;O Administración Pública y defensa, Seguridad Social obligatoria;Total;Valor absoluto;2021T1;758,7
Hombres;O Administración Pública y defensa, Seguridad Social obligatoria;Total;Porcentaje;2023T4;100
Hombres;O Administración Pública y defensa, Seguridad Social obligatoria;Total;Porcentaje;2023T3;100
Hombres;O Administración Pública y defensa, Seguridad Social obligatoria;Total;Porcentaje;2023T2;100
Hombres;O Administración Pública y defensa, Seguridad Social obligatoria;Total;Porcentaje;2023T1;100
Hombres;O Administración Pública y defensa, Seguridad Social obligatoria;Total;Porcentaje;2022T4;100
Hombres;O Administración Pública y defensa, Seguridad Social obligatoria;Total;Porcentaje;2022T3;100
Hombres;O Administración Pública y defensa, Seguridad Social obligatoria;Total;Porcentaje;2022T2;100
Hombres;O Administración Pública y defensa, Seguridad Social obligatoria;Total;Porcentaje;2022T1;100
Hombres;O Administración Pública y defensa, Seguridad Social obligatoria;Total;Porcentaje;2021T4;100
Hombres;O Administración Pública y defensa, Seguridad Social obligatoria;Total;Porcentaje;2021T3;100
Hombres;O Administración Pública y defensa, Seguridad Social obligatoria;Total;Porcentaje;2021T2;100
Hombres;O Administración Pública y defensa, Seguridad Social obligatoria;Total;Porcentaje;2021T1;100
Hombres;O Administración Pública y defensa, Seguridad Social obligatoria;Jornada a tiempo completo;Valor absoluto;2023T4;774,9
Hombres;O Administración Pública y defensa, Seguridad Social obligatoria;Jornada a tiempo completo;Valor absoluto;2023T3;793,7
Hombres;O Administración Pública y defensa, Seguridad Social obligatoria;Jornada a tiempo completo;Valor absoluto;2023T2;787,5
Hombres;O Administración Pública y defensa, Seguridad Social obligatoria;Jornada a tiempo completo;Valor absoluto;2023T1;777,5
Hombres;O Administración Pública y defensa, Seguridad Social obligatoria;Jornada a tiempo completo;Valor absoluto;2022T4;799,9
Hombres;O Administración Pública y defensa, Seguridad Social obligatoria;Jornada a tiempo completo;Valor absoluto;2022T3;782,1
Hombres;O Administración Pública y defensa, Seguridad Social obligatoria;Jornada a tiempo completo;Valor absoluto;2022T2;774,3
Hombres;O Administración Pública y defensa, Seguridad Social obligatoria;Jornada a tiempo completo;Valor absoluto;2022T1;749,4
Hombres;O Administración Pública y defensa, Seguridad Social obligatoria;Jornada a tiempo completo;Valor absoluto;2021T4;727,9
Hombres;O Administración Pública y defensa, Seguridad Social obligatoria;Jornada a tiempo completo;Valor absoluto;2021T3;754,7
Hombres;O Administración Pública y defensa, Seguridad Social obligatoria;Jornada a tiempo completo;Valor absoluto;2021T2;768
Hombres;O Administración Pública y defensa, Seguridad Social obligatoria;Jornada a tiempo completo;Valor absoluto;2021T1;743,2
Hombres;O Administración Pública y defensa, Seguridad Social obligatoria;Jornada a tiempo completo;Porcentaje;2023T4;98,3
Hombres;O Administración Pública y defensa, Seguridad Social obligatoria;Jornada a tiempo completo;Porcentaje;2023T3;98,5
Hombres;O Administración Pública y defensa, Seguridad Social obligatoria;Jornada a tiempo completo;Porcentaje;2023T2;97,8
Hombres;O Administración Pública y defensa, Seguridad Social obligatoria;Jornada a tiempo completo;Porcentaje;2023T1;98
Hombres;O Administración Pública y defensa, Seguridad Social obligatoria;Jornada a tiempo completo;Porcentaje;2022T4;98,2
Hombres;O Administración Pública y defensa, Seguridad Social obligatoria;Jornada a tiempo completo;Porcentaje;2022T3;98
Hombres;O Administración Pública y defensa, Seguridad Social obligatoria;Jornada a tiempo completo;Porcentaje;2022T2;98,2
Hombres;O Administración Pública y defensa, Seguridad Social obligatoria;Jornada a tiempo completo;Porcentaje;2022T1;98
Hombres;O Administración Pública y defensa, Seguridad Social obligatoria;Jornada a tiempo completo;Porcentaje;2021T4;97,4
Hombres;O Administración Pública y defensa, Seguridad Social obligatoria;Jornada a tiempo completo;Porcentaje;2021T3;97,9
Hombres;O Administración Pública y defensa, Seguridad Social obligatoria;Jornada a tiempo completo;Porcentaje;2021T2;98,5
Hombres;O Administración Pública y defensa, Seguridad Social obligatoria;Jornada a tiempo completo;Porcentaje;2021T1;98
Hombres;O Administración Pública y defensa, Seguridad Social obligatoria;Jornada a tiempo parcial;Valor absoluto;2023T4;13,1
Hombres;O Administración Pública y defensa, Seguridad Social obligatoria;Jornada a tiempo parcial;Valor absoluto;2023T3;12,4
Hombres;O Administración Pública y defensa, Seguridad Social obligatoria;Jornada a tiempo parcial;Valor absoluto;2023T2;17,4
Hombres;O Administración Pública y defensa, Seguridad Social obligatoria;Jornada a tiempo parcial;Valor absoluto;2023T1;16
Hombres;O Administración Pública y defensa, Seguridad Social obligatoria;Jornada a tiempo parcial;Valor absoluto;2022T4;14,9
Hombres;O Administración Pública y defensa, Seguridad Social obligatoria;Jornada a tiempo parcial;Valor absoluto;2022T3;16,1
Hombres;O Administración Pública y defensa, Seguridad Social obligatoria;Jornada a tiempo parcial;Valor absoluto;2022T2;14,2
Hombres;O Administración Pública y defensa, Seguridad Social obligatoria;Jornada a tiempo parcial;Valor absoluto;2022T1;15,2
Hombres;O Administración Pública y defensa, Seguridad Social obligatoria;Jornada a tiempo parcial;Valor absoluto;2021T4;19,1
Hombres;O Administración Pública y defensa, Seguridad Social obligatoria;Jornada a tiempo parcial;Valor absoluto;2021T3;16,3
Hombres;O Administración Pública y defensa, Seguridad Social obligatoria;Jornada a tiempo parcial;Valor absoluto;2021T2;11,7
Hombres;O Administración Pública y defensa, Seguridad Social obligatoria;Jornada a tiempo parcial;Valor absoluto;2021T1;15,5
Hombres;O Administración Pública y defensa, Seguridad Social obligatoria;Jornada a tiempo parcial;Porcentaje;2023T4;1,7
Hombres;O Administración Pública y defensa, Seguridad Social obligatoria;Jornada a tiempo parcial;Porcentaje;2023T3;1,5
Hombres;O Administración Pública y defensa, Seguridad Social obligatoria;Jornada a tiempo parcial;Porcentaje;2023T2;2,2
Hombres;O Administración Pública y defensa, Seguridad Social obligatoria;Jornada a tiempo parcial;Porcentaje;2023T1;2
Hombres;O Administración Pública y defensa, Seguridad Social obligatoria;Jornada a tiempo parcial;Porcentaje;2022T4;1,8
Hombres;O Administración Pública y defensa, Seguridad Social obligatoria;Jornada a tiempo parcial;Porcentaje;2022T3;2
Hombres;O Administración Pública y defensa, Seguridad Social obligatoria;Jornada a tiempo parcial;Porcentaje;2022T2;1,8
Hombres;O Administración Pública y defensa, Seguridad Social obligatoria;Jornada a tiempo parcial;Porcentaje;2022T1;2
Hombres;O Administración Pública y defensa, Seguridad Social obligatoria;Jornada a tiempo parcial;Porcentaje;2021T4;2,6
Hombres;O Administración Pública y defensa, Seguridad Social obligatoria;Jornada a tiempo parcial;Porcentaje;2021T3;2,1
Hombres;O Administración Pública y defensa, Seguridad Social obligatoria;Jornada a tiempo parcial;Porcentaje;2021T2;1,5
Hombres;O Administración Pública y defensa, Seguridad Social obligatoria;Jornada a tiempo parcial;Porcentaje;2021T1;2
Hombres;P Educación;Total;Valor absoluto;2023T4;491,5
Hombres;P Educación;Total;Valor absoluto;2023T3;441,1
Hombres;P Educación;Total;Valor absoluto;2023T2;488,2
Hombres;P Educación;Total;Valor absoluto;2023T1;512,9
Hombres;P Educación;Total;Valor absoluto;2022T4;495,5
Hombres;P Educación;Total;Valor absoluto;2022T3;479,3
Hombres;P Educación;Total;Valor absoluto;2022T2;486,2
Hombres;P Educación;Total;Valor absoluto;2022T1;477,7
Hombres;P Educación;Total;Valor absoluto;2021T4;469,2
Hombres;P Educación;Total;Valor absoluto;2021T3;426,2
Hombres;P Educación;Total;Valor absoluto;2021T2;473,8
Hombres;P Educación;Total;Valor absoluto;2021T1;470,4
Hombres;P Educación;Total;Porcentaje;2023T4;100
Hombres;P Educación;Total;Porcentaje;2023T3;100
Hombres;P Educación;Total;Porcentaje;2023T2;100
Hombres;P Educación;Total;Porcentaje;2023T1;100
Hombres;P Educación;Total;Porcentaje;2022T4;100
Hombres;P Educación;Total;Porcentaje;2022T3;100
Hombres;P Educación;Total;Porcentaje;2022T2;100
Hombres;P Educación;Total;Porcentaje;2022T1;100
Hombres;P Educación;Total;Porcentaje;2021T4;100
Hombres;P Educación;Total;Porcentaje;2021T3;100
Hombres;P Educación;Total;Porcentaje;2021T2;100
Hombres;P Educación;Total;Porcentaje;2021T1;100
Hombres;P Educación;Jornada a tiempo completo;Valor absoluto;2023T4;420,6
Hombres;P Educación;Jornada a tiempo completo;Valor absoluto;2023T3;396,4
Hombres;P Educación;Jornada a tiempo completo;Valor absoluto;2023T2;419,5
Hombres;P Educación;Jornada a tiempo completo;Valor absoluto;2023T1;441,2
Hombres;P Educación;Jornada a tiempo completo;Valor absoluto;2022T4;427,4
Hombres;P Educación;Jornada a tiempo completo;Valor absoluto;2022T3;421,5
Hombres;P Educación;Jornada a tiempo completo;Valor absoluto;2022T2;410,7
Hombres;P Educación;Jornada a tiempo completo;Valor absoluto;2022T1;396,6
Hombres;P Educación;Jornada a tiempo completo;Valor absoluto;2021T4;400,4
Hombres;P Educación;Jornada a tiempo completo;Valor absoluto;2021T3;381,2
Hombres;P Educación;Jornada a tiempo completo;Valor absoluto;2021T2;400,3
Hombres;P Educación;Jornada a tiempo completo;Valor absoluto;2021T1;397,5
Hombres;P Educación;Jornada a tiempo completo;Porcentaje;2023T4;85,6
Hombres;P Educación;Jornada a tiempo completo;Porcentaje;2023T3;89,9
Hombres;P Educación;Jornada a tiempo completo;Porcentaje;2023T2;85,9
Hombres;P Educación;Jornada a tiempo completo;Porcentaje;2023T1;86
Hombres;P Educación;Jornada a tiempo completo;Porcentaje;2022T4;86,2
Hombres;P Educación;Jornada a tiempo completo;Porcentaje;2022T3;87,9
Hombres;P Educación;Jornada a tiempo completo;Porcentaje;2022T2;84,5
Hombres;P Educación;Jornada a tiempo completo;Porcentaje;2022T1;83
Hombres;P Educación;Jornada a tiempo completo;Porcentaje;2021T4;85,3
Hombres;P Educación;Jornada a tiempo completo;Porcentaje;2021T3;89,5
Hombres;P Educación;Jornada a tiempo completo;Porcentaje;2021T2;84,5
Hombres;P Educación;Jornada a tiempo completo;Porcentaje;2021T1;84,5
Hombres;P Educación;Jornada a tiempo parcial;Valor absoluto;2023T4;70,9
Hombres;P Educación;Jornada a tiempo parcial;Valor absoluto;2023T3;44,7
Hombres;P Educación;Jornada a tiempo parcial;Valor absoluto;2023T2;68,7
Hombres;P Educación;Jornada a tiempo parcial;Valor absoluto;2023T1;71,7
Hombres;P Educación;Jornada a tiempo parcial;Valor absoluto;2022T4;68,1
Hombres;P Educación;Jornada a tiempo parcial;Valor absoluto;2022T3;57,8
Hombres;P Educación;Jornada a tiempo parcial;Valor absoluto;2022T2;75,5
Hombres;P Educación;Jornada a tiempo parcial;Valor absoluto;2022T1;81,2
Hombres;P Educación;Jornada a tiempo parcial;Valor absoluto;2021T4;68,8
Hombres;P Educación;Jornada a tiempo parcial;Valor absoluto;2021T3;45
Hombres;P Educación;Jornada a tiempo parcial;Valor absoluto;2021T2;73,5
Hombres;P Educación;Jornada a tiempo parcial;Valor absoluto;2021T1;72,8
Hombres;P Educación;Jornada a tiempo parcial;Porcentaje;2023T4;14,4
Hombres;P Educación;Jornada a tiempo parcial;Porcentaje;2023T3;10,1
Hombres;P Educación;Jornada a tiempo parcial;Porcentaje;2023T2;14,1
Hombres;P Educación;Jornada a tiempo parcial;Porcentaje;2023T1;14
Hombres;P Educación;Jornada a tiempo parcial;Porcentaje;2022T4;13,8
Hombres;P Educación;Jornada a tiempo parcial;Porcentaje;2022T3;12,1
Hombres;P Educación;Jornada a tiempo parcial;Porcentaje;2022T2;15,5
Hombres;P Educación;Jornada a tiempo parcial;Porcentaje;2022T1;17
Hombres;P Educación;Jornada a tiempo parcial;Porcentaje;2021T4;14,7
Hombres;P Educación;Jornada a tiempo parcial;Porcentaje;2021T3;10,5
Hombres;P Educación;Jornada a tiempo parcial;Porcentaje;2021T2;15,5
Hombres;P Educación;Jornada a tiempo parcial;Porcentaje;2021T1;15,5
Hombres;Q Actividades sanitarias y de servicios sociales;Total;Valor absoluto;2023T4;493,8
Hombres;Q Actividades sanitarias y de servicios sociales;Total;Valor absoluto;2023T3;484,1
Hombres;Q Actividades sanitarias y de servicios sociales;Total;Valor absoluto;2023T2;452,4
Hombres;Q Actividades sanitarias y de servicios sociales;Total;Valor absoluto;2023T1;419,1
Hombres;Q Actividades sanitarias y de servicios sociales;Total;Valor absoluto;2022T4;410,4
Hombres;Q Actividades sanitarias y de servicios sociales;Total;Valor absoluto;2022T3;408,6
Hombres;Q Actividades sanitarias y de servicios sociales;Total;Valor absoluto;2022T2;398,6
Hombres;Q Actividades sanitarias y de servicios sociales;Total;Valor absoluto;2022T1;398,5
Hombres;Q Actividades sanitarias y de servicios sociales;Total;Valor absoluto;2021T4;410,7
Hombres;Q Actividades sanitarias y de servicios sociales;Total;Valor absoluto;2021T3;430,7
Hombres;Q Actividades sanitarias y de servicios sociales;Total;Valor absoluto;2021T2;434,5
Hombres;Q Actividades sanitarias y de servicios sociales;Total;Valor absoluto;2021T1;424
Hombres;Q Actividades sanitarias y de servicios sociales;Total;Porcentaje;2023T4;100
Hombres;Q Actividades sanitarias y de servicios sociales;Total;Porcentaje;2023T3;100
Hombres;Q Actividades sanitarias y de servicios sociales;Total;Porcentaje;2023T2;100
Hombres;Q Actividades sanitarias y de servicios sociales;Total;Porcentaje;2023T1;100
Hombres;Q Actividades sanitarias y de servicios sociales;Total;Porcentaje;2022T4;100
Hombres;Q Actividades sanitarias y de servicios sociales;Total;Porcentaje;2022T3;100
Hombres;Q Actividades sanitarias y de servicios sociales;Total;Porcentaje;2022T2;100
Hombres;Q Actividades sanitarias y de servicios sociales;Total;Porcentaje;2022T1;100
Hombres;Q Actividades sanitarias y de servicios sociales;Total;Porcentaje;2021T4;100
Hombres;Q Actividades sanitarias y de servicios sociales;Total;Porcentaje;2021T3;100
Hombres;Q Actividades sanitarias y de servicios sociales;Total;Porcentaje;2021T2;100
Hombres;Q Actividades sanitarias y de servicios sociales;Total;Porcentaje;2021T1;100
Hombres;Q Actividades sanitarias y de servicios sociales;Jornada a tiempo completo;Valor absoluto;2023T4;451,2
Hombres;Q Actividades sanitarias y de servicios sociales;Jornada a tiempo completo;Valor absoluto;2023T3;449,6
Hombres;Q Actividades sanitarias y de servicios sociales;Jornada a tiempo completo;Valor absoluto;2023T2;415,6
Hombres;Q Actividades sanitarias y de servicios sociales;Jornada a tiempo completo;Valor absoluto;2023T1;383,3
Hombres;Q Actividades sanitarias y de servicios sociales;Jornada a tiempo completo;Valor absoluto;2022T4;373,1
Hombres;Q Actividades sanitarias y de servicios sociales;Jornada a tiempo completo;Valor absoluto;2022T3;374,2
Hombres;Q Actividades sanitarias y de servicios sociales;Jornada a tiempo completo;Valor absoluto;2022T2;358,8
Hombres;Q Actividades sanitarias y de servicios sociales;Jornada a tiempo completo;Valor absoluto;2022T1;369,6
Hombres;Q Actividades sanitarias y de servicios sociales;Jornada a tiempo completo;Valor absoluto;2021T4;377,1
Hombres;Q Actividades sanitarias y de servicios sociales;Jornada a tiempo completo;Valor absoluto;2021T3;400,2
Hombres;Q Actividades sanitarias y de servicios sociales;Jornada a tiempo completo;Valor absoluto;2021T2;397,5
Hombres;Q Actividades sanitarias y de servicios sociales;Jornada a tiempo completo;Valor absoluto;2021T1;385,4
Hombres;Q Actividades sanitarias y de servicios sociales;Jornada a tiempo completo;Porcentaje;2023T4;91,4
Hombres;Q Actividades sanitarias y de servicios sociales;Jornada a tiempo completo;Porcentaje;2023T3;92,9
Hombres;Q Actividades sanitarias y de servicios sociales;Jornada a tiempo completo;Porcentaje;2023T2;91,9
Hombres;Q Actividades sanitarias y de servicios sociales;Jornada a tiempo completo;Porcentaje;2023T1;91,5
Hombres;Q Actividades sanitarias y de servicios sociales;Jornada a tiempo completo;Porcentaje;2022T4;90,9
Hombres;Q Actividades sanitarias y de servicios sociales;Jornada a tiempo completo;Porcentaje;2022T3;91,6
Hombres;Q Actividades sanitarias y de servicios sociales;Jornada a tiempo completo;Porcentaje;2022T2;90
Hombres;Q Actividades sanitarias y de servicios sociales;Jornada a tiempo completo;Porcentaje;2022T1;92,7
Hombres;Q Actividades sanitarias y de servicios sociales;Jornada a tiempo completo;Porcentaje;2021T4;91,8
Hombres;Q Actividades sanitarias y de servicios sociales;Jornada a tiempo completo;Porcentaje;2021T3;92,9
Hombres;Q Actividades sanitarias y de servicios sociales;Jornada a tiempo completo;Porcentaje;2021T2;91,5
Hombres;Q Actividades sanitarias y de servicios sociales;Jornada a tiempo completo;Porcentaje;2021T1;90,9
Hombres;Q Actividades sanitarias y de servicios sociales;Jornada a tiempo parcial;Valor absoluto;2023T4;42,6
Hombres;Q Actividades sanitarias y de servicios sociales;Jornada a tiempo parcial;Valor absoluto;2023T3;34,5
Hombres;Q Actividades sanitarias y de servicios sociales;Jornada a tiempo parcial;Valor absoluto;2023T2;36,8
Hombres;Q Actividades sanitarias y de servicios sociales;Jornada a tiempo parcial;Valor absoluto;2023T1;35,7
Hombres;Q Actividades sanitarias y de servicios sociales;Jornada a tiempo parcial;Valor absoluto;2022T4;37,3
Hombres;Q Actividades sanitarias y de servicios sociales;Jornada a tiempo parcial;Valor absoluto;2022T3;34,4
Hombres;Q Actividades sanitarias y de servicios sociales;Jornada a tiempo parcial;Valor absoluto;2022T2;39,9
Hombres;Q Actividades sanitarias y de servicios sociales;Jornada a tiempo parcial;Valor absoluto;2022T1;28,9
Hombres;Q Actividades sanitarias y de servicios sociales;Jornada a tiempo parcial;Valor absoluto;2021T4;33,6
Hombres;Q Actividades sanitarias y de servicios sociales;Jornada a tiempo parcial;Valor absoluto;2021T3;30,5
Hombres;Q Actividades sanitarias y de servicios sociales;Jornada a tiempo parcial;Valor absoluto;2021T2;37,1
Hombres;Q Actividades sanitarias y de servicios sociales;Jornada a tiempo parcial;Valor absoluto;2021T1;38,6
Hombres;Q Actividades sanitarias y de servicios sociales;Jornada a tiempo parcial;Porcentaje;2023T4;8,6
Hombres;Q Actividades sanitarias y de servicios sociales;Jornada a tiempo parcial;Porcentaje;2023T3;7,1
Hombres;Q Actividades sanitarias y de servicios sociales;Jornada a tiempo parcial;Porcentaje;2023T2;8,1
Hombres;Q Actividades sanitarias y de servicios sociales;Jornada a tiempo parcial;Porcentaje;2023T1;8,5
Hombres;Q Actividades sanitarias y de servicios sociales;Jornada a tiempo parcial;Porcentaje;2022T4;9,1
Hombres;Q Actividades sanitarias y de servicios sociales;Jornada a tiempo parcial;Porcentaje;2022T3;8,4
Hombres;Q Actividades sanitarias y de servicios sociales;Jornada a tiempo parcial;Porcentaje;2022T2;10
Hombres;Q Actividades sanitarias y de servicios sociales;Jornada a tiempo parcial;Porcentaje;2022T1;7,3
Hombres;Q Actividades sanitarias y de servicios sociales;Jornada a tiempo parcial;Porcentaje;2021T4;8,2
Hombres;Q Actividades sanitarias y de servicios sociales;Jornada a tiempo parcial;Porcentaje;2021T3;7,1
Hombres;Q Actividades sanitarias y de servicios sociales;Jornada a tiempo parcial;Porcentaje;2021T2;8,5
Hombres;Q Actividades sanitarias y de servicios sociales;Jornada a tiempo parcial;Porcentaje;2021T1;9,1
Hombres;R Actividades artísticas, recreativas y de entretenimiento;Total;Valor absoluto;2023T4;234,4
Hombres;R Actividades artísticas, recreativas y de entretenimiento;Total;Valor absoluto;2023T3;267,8
Hombres;R Actividades artísticas, recreativas y de entretenimiento;Total;Valor absoluto;2023T2;270,2
Hombres;R Actividades artísticas, recreativas y de entretenimiento;Total;Valor absoluto;2023T1;247,3
Hombres;R Actividades artísticas, recreativas y de entretenimiento;Total;Valor absoluto;2022T4;253,9
Hombres;R Actividades artísticas, recreativas y de entretenimiento;Total;Valor absoluto;2022T3;276,6
Hombres;R Actividades artísticas, recreativas y de entretenimiento;Total;Valor absoluto;2022T2;264,4
Hombres;R Actividades artísticas, recreativas y de entretenimiento;Total;Valor absoluto;2022T1;239,3
Hombres;R Actividades artísticas, recreativas y de entretenimiento;Total;Valor absoluto;2021T4;225,4
Hombres;R Actividades artísticas, recreativas y de entretenimiento;Total;Valor absoluto;2021T3;241,3
Hombres;R Actividades artísticas, recreativas y de entretenimiento;Total;Valor absoluto;2021T2;222,8
Hombres;R Actividades artísticas, recreativas y de entretenimiento;Total;Valor absoluto;2021T1;201,2
Hombres;R Actividades artísticas, recreativas y de entretenimiento;Total;Porcentaje;2023T4;100
Hombres;R Actividades artísticas, recreativas y de entretenimiento;Total;Porcentaje;2023T3;100
Hombres;R Actividades artísticas, recreativas y de entretenimiento;Total;Porcentaje;2023T2;100
Hombres;R Actividades artísticas, recreativas y de entretenimiento;Total;Porcentaje;2023T1;100
Hombres;R Actividades artísticas, recreativas y de entretenimiento;Total;Porcentaje;2022T4;100
Hombres;R Actividades artísticas, recreativas y de entretenimiento;Total;Porcentaje;2022T3;100
Hombres;R Actividades artísticas, recreativas y de entretenimiento;Total;Porcentaje;2022T2;100
Hombres;R Actividades artísticas, recreativas y de entretenimiento;Total;Porcentaje;2022T1;100
Hombres;R Actividades artísticas, recreativas y de entretenimiento;Total;Porcentaje;2021T4;100
Hombres;R Actividades artísticas, recreativas y de entretenimiento;Total;Porcentaje;2021T3;100
Hombres;R Actividades artísticas, recreativas y de entretenimiento;Total;Porcentaje;2021T2;100
Hombres;R Actividades artísticas, recreativas y de entretenimiento;Total;Porcentaje;2021T1;100
Hombres;R Actividades artísticas, recreativas y de entretenimiento;Jornada a tiempo completo;Valor absoluto;2023T4;170,7
Hombres;R Actividades artísticas, recreativas y de entretenimiento;Jornada a tiempo completo;Valor absoluto;2023T3;208,4
Hombres;R Actividades artísticas, recreativas y de entretenimiento;Jornada a tiempo completo;Valor absoluto;2023T2;194,6
Hombres;R Actividades artísticas, recreativas y de entretenimiento;Jornada a tiempo completo;Valor absoluto;2023T1;179,2
Hombres;R Actividades artísticas, recreativas y de entretenimiento;Jornada a tiempo completo;Valor absoluto;2022T4;180
Hombres;R Actividades artísticas, recreativas y de entretenimiento;Jornada a tiempo completo;Valor absoluto;2022T3;221,4
Hombres;R Actividades artísticas, recreativas y de entretenimiento;Jornada a tiempo completo;Valor absoluto;2022T2;193,4
Hombres;R Actividades artísticas, recreativas y de entretenimiento;Jornada a tiempo completo;Valor absoluto;2022T1;182,5
Hombres;R Actividades artísticas, recreativas y de entretenimiento;Jornada a tiempo completo;Valor absoluto;2021T4;176,6
Hombres;R Actividades artísticas, recreativas y de entretenimiento;Jornada a tiempo completo;Valor absoluto;2021T3;191
Hombres;R Actividades artísticas, recreativas y de entretenimiento;Jornada a tiempo completo;Valor absoluto;2021T2;160,1
Hombres;R Actividades artísticas, recreativas y de entretenimiento;Jornada a tiempo completo;Valor absoluto;2021T1;152,3
Hombres;R Actividades artísticas, recreativas y de entretenimiento;Jornada a tiempo completo;Porcentaje;2023T4;72,8
Hombres;R Actividades artísticas, recreativas y de entretenimiento;Jornada a tiempo completo;Porcentaje;2023T3;77,8
Hombres;R Actividades artísticas, recreativas y de entretenimiento;Jornada a tiempo completo;Porcentaje;2023T2;72
Hombres;R Actividades artísticas, recreativas y de entretenimiento;Jornada a tiempo completo;Porcentaje;2023T1;72,5
Hombres;R Actividades artísticas, recreativas y de entretenimiento;Jornada a tiempo completo;Porcentaje;2022T4;70,9
Hombres;R Actividades artísticas, recreativas y de entretenimiento;Jornada a tiempo completo;Porcentaje;2022T3;80
Hombres;R Actividades artísticas, recreativas y de entretenimiento;Jornada a tiempo completo;Porcentaje;2022T2;73,1
Hombres;R Actividades artísticas, recreativas y de entretenimiento;Jornada a tiempo completo;Porcentaje;2022T1;76,2
Hombres;R Actividades artísticas, recreativas y de entretenimiento;Jornada a tiempo completo;Porcentaje;2021T4;78,4
Hombres;R Actividades artísticas, recreativas y de entretenimiento;Jornada a tiempo completo;Porcentaje;2021T3;79,2
Hombres;R Actividades artísticas, recreativas y de entretenimiento;Jornada a tiempo completo;Porcentaje;2021T2;71,8
Hombres;R Actividades artísticas, recreativas y de entretenimiento;Jornada a tiempo completo;Porcentaje;2021T1;75,7
Hombres;R Actividades artísticas, recreativas y de entretenimiento;Jornada a tiempo parcial;Valor absoluto;2023T4;63,7
Hombres;R Actividades artísticas, recreativas y de entretenimiento;Jornada a tiempo parcial;Valor absoluto;2023T3;59,4
Hombres;R Actividades artísticas, recreativas y de entretenimiento;Jornada a tiempo parcial;Valor absoluto;2023T2;75,6
Hombres;R Actividades artísticas, recreativas y de entretenimiento;Jornada a tiempo parcial;Valor absoluto;2023T1;68,1
Hombres;R Actividades artísticas, recreativas y de entretenimiento;Jornada a tiempo parcial;Valor absoluto;2022T4;73,9
Hombres;R Actividades artísticas, recreativas y de entretenimiento;Jornada a tiempo parcial;Valor absoluto;2022T3;55,2
Hombres;R Actividades artísticas, recreativas y de entretenimiento;Jornada a tiempo parcial;Valor absoluto;2022T2;71
Hombres;R Actividades artísticas, recreativas y de entretenimiento;Jornada a tiempo parcial;Valor absoluto;2022T1;56,8
Hombres;R Actividades artísticas, recreativas y de entretenimiento;Jornada a tiempo parcial;Valor absoluto;2021T4;48,8
Hombres;R Actividades artísticas, recreativas y de entretenimiento;Jornada a tiempo parcial;Valor absoluto;2021T3;50,3
Hombres;R Actividades artísticas, recreativas y de entretenimiento;Jornada a tiempo parcial;Valor absoluto;2021T2;62,8
Hombres;R Actividades artísticas, recreativas y de entretenimiento;Jornada a tiempo parcial;Valor absoluto;2021T1;49
Hombres;R Actividades artísticas, recreativas y de entretenimiento;Jornada a tiempo parcial;Porcentaje;2023T4;27,2
Hombres;R Actividades artísticas, recreativas y de entretenimiento;Jornada a tiempo parcial;Porcentaje;2023T3;22,2
Hombres;R Actividades artísticas, recreativas y de entretenimiento;Jornada a tiempo parcial;Porcentaje;2023T2;28
Hombres;R Actividades artísticas, recreativas y de entretenimiento;Jornada a tiempo parcial;Porcentaje;2023T1;27,5
Hombres;R Actividades artísticas, recreativas y de entretenimiento;Jornada a tiempo parcial;Porcentaje;2022T4;29,1
Hombres;R Actividades artísticas, recreativas y de entretenimiento;Jornada a tiempo parcial;Porcentaje;2022T3;20
Hombres;R Actividades artísticas, recreativas y de entretenimiento;Jornada a tiempo parcial;Porcentaje;2022T2;26,9
Hombres;R Actividades artísticas, recreativas y de entretenimiento;Jornada a tiempo parcial;Porcentaje;2022T1;23,8
Hombres;R Actividades artísticas, recreativas y de entretenimiento;Jornada a tiempo parcial;Porcentaje;2021T4;21,6
Hombres;R Actividades artísticas, recreativas y de entretenimiento;Jornada a tiempo parcial;Porcentaje;2021T3;20,8
Hombres;R Actividades artísticas, recreativas y de entretenimiento;Jornada a tiempo parcial;Porcentaje;2021T2;28,2
Hombres;R Actividades artísticas, recreativas y de entretenimiento;Jornada a tiempo parcial;Porcentaje;2021T1;24,3
Hombres;S Otros servicios;Total;Valor absoluto;2023T4;161,9
Hombres;S Otros servicios;Total;Valor absoluto;2023T3;152,7
Hombres;S Otros servicios;Total;Valor absoluto;2023T2;167
Hombres;S Otros servicios;Total;Valor absoluto;2023T1;165,9
Hombres;S Otros servicios;Total;Valor absoluto;2022T4;154,5
Hombres;S Otros servicios;Total;Valor absoluto;2022T3;158,7
Hombres;S Otros servicios;Total;Valor absoluto;2022T2;175,5
Hombres;S Otros servicios;Total;Valor absoluto;2022T1;177,1
Hombres;S Otros servicios;Total;Valor absoluto;2021T4;156
Hombres;S Otros servicios;Total;Valor absoluto;2021T3;156
Hombres;S Otros servicios;Total;Valor absoluto;2021T2;150,6
Hombres;S Otros servicios;Total;Valor absoluto;2021T1;139,7
Hombres;S Otros servicios;Total;Porcentaje;2023T4;100
Hombres;S Otros servicios;Total;Porcentaje;2023T3;100
Hombres;S Otros servicios;Total;Porcentaje;2023T2;100
Hombres;S Otros servicios;Total;Porcentaje;2023T1;100
Hombres;S Otros servicios;Total;Porcentaje;2022T4;100
Hombres;S Otros servicios;Total;Porcentaje;2022T3;100
Hombres;S Otros servicios;Total;Porcentaje;2022T2;100
Hombres;S Otros servicios;Total;Porcentaje;2022T1;100
Hombres;S Otros servicios;Total;Porcentaje;2021T4;100
Hombres;S Otros servicios;Total;Porcentaje;2021T3;100
Hombres;S Otros servicios;Total;Porcentaje;2021T2;100
Hombres;S Otros servicios;Total;Porcentaje;2021T1;100
Hombres;S Otros servicios;Jornada a tiempo completo;Valor absoluto;2023T4;141,9
Hombres;S Otros servicios;Jornada a tiempo completo;Valor absoluto;2023T3;132,3
Hombres;S Otros servicios;Jornada a tiempo completo;Valor absoluto;2023T2;144,9
Hombres;S Otros servicios;Jornada a tiempo completo;Valor absoluto;2023T1;140,9
Hombres;S Otros servicios;Jornada a tiempo completo;Valor absoluto;2022T4;132,4
Hombres;S Otros servicios;Jornada a tiempo completo;Valor absoluto;2022T3;141,6
Hombres;S Otros servicios;Jornada a tiempo completo;Valor absoluto;2022T2;153,5
Hombres;S Otros servicios;Jornada a tiempo completo;Valor absoluto;2022T1;152,8
Hombres;S Otros servicios;Jornada a tiempo completo;Valor absoluto;2021T4;137,1
Hombres;S Otros servicios;Jornada a tiempo completo;Valor absoluto;2021T3;143,9
Hombres;S Otros servicios;Jornada a tiempo completo;Valor absoluto;2021T2;132,9
Hombres;S Otros servicios;Jornada a tiempo completo;Valor absoluto;2021T1;122,3
Hombres;S Otros servicios;Jornada a tiempo completo;Porcentaje;2023T4;87,6
Hombres;S Otros servicios;Jornada a tiempo completo;Porcentaje;2023T3;86,6
Hombres;S Otros servicios;Jornada a tiempo completo;Porcentaje;2023T2;86,8
Hombres;S Otros servicios;Jornada a tiempo completo;Porcentaje;2023T1;85
Hombres;S Otros servicios;Jornada a tiempo completo;Porcentaje;2022T4;85,7
Hombres;S Otros servicios;Jornada a tiempo completo;Porcentaje;2022T3;89,2
Hombres;S Otros servicios;Jornada a tiempo completo;Porcentaje;2022T2;87,4
Hombres;S Otros servicios;Jornada a tiempo completo;Porcentaje;2022T1;86,3
Hombres;S Otros servicios;Jornada a tiempo completo;Porcentaje;2021T4;87,9
Hombres;S Otros servicios;Jornada a tiempo completo;Porcentaje;2021T3;92,2
Hombres;S Otros servicios;Jornada a tiempo completo;Porcentaje;2021T2;88,2
Hombres;S Otros servicios;Jornada a tiempo completo;Porcentaje;2021T1;87,6
Hombres;S Otros servicios;Jornada a tiempo parcial;Valor absoluto;2023T4;20
Hombres;S Otros servicios;Jornada a tiempo parcial;Valor absoluto;2023T3;20,4
Hombres;S Otros servicios;Jornada a tiempo parcial;Valor absoluto;2023T2;22,1
Hombres;S Otros servicios;Jornada a tiempo parcial;Valor absoluto;2023T1;24,9
Hombres;S Otros servicios;Jornada a tiempo parcial;Valor absoluto;2022T4;22,1
Hombres;S Otros servicios;Jornada a tiempo parcial;Valor absoluto;2022T3;17,1
Hombres;S Otros servicios;Jornada a tiempo parcial;Valor absoluto;2022T2;22,1
Hombres;S Otros servicios;Jornada a tiempo parcial;Valor absoluto;2022T1;24,2
Hombres;S Otros servicios;Jornada a tiempo parcial;Valor absoluto;2021T4;18,9
Hombres;S Otros servicios;Jornada a tiempo parcial;Valor absoluto;2021T3;12,1
Hombres;S Otros servicios;Jornada a tiempo parcial;Valor absoluto;2021T2;17,7
Hombres;S Otros servicios;Jornada a tiempo parcial;Valor absoluto;2021T1;17,4
Hombres;S Otros servicios;Jornada a tiempo parcial;Porcentaje;2023T4;12,4
Hombres;S Otros servicios;Jornada a tiempo parcial;Porcentaje;2023T3;13,4
Hombres;S Otros servicios;Jornada a tiempo parcial;Porcentaje;2023T2;13,2
Hombres;S Otros servicios;Jornada a tiempo parcial;Porcentaje;2023T1;15
Hombres;S Otros servicios;Jornada a tiempo parcial;Porcentaje;2022T4;14,3
Hombres;S Otros servicios;Jornada a tiempo parcial;Porcentaje;2022T3;10,8
Hombres;S Otros servicios;Jornada a tiempo parcial;Porcentaje;2022T2;12,6
Hombres;S Otros servicios;Jornada a tiempo parcial;Porcentaje;2022T1;13,7
Hombres;S Otros servicios;Jornada a tiempo parcial;Porcentaje;2021T4;12,1
Hombres;S Otros servicios;Jornada a tiempo parcial;Porcentaje;2021T3;7,8
Hombres;S Otros servicios;Jornada a tiempo parcial;Porcentaje;2021T2;11,8
Hombres;S Otros servicios;Jornada a tiempo parcial;Porcentaje;2021T1;12,4
Hombres;T Actividades de los hogares como empleadores de personal doméstico, actividades de los hogares como productores de bienes y servicios para uso propio;Total;Valor absoluto;2023T4;67,3
Hombres;T Actividades de los hogares como empleadores de personal doméstico, actividades de los hogares como productores de bienes y servicios para uso propio;Total;Valor absoluto;2023T3;64,6
Hombres;T Actividades de los hogares como empleadores de personal doméstico, actividades de los hogares como productores de bienes y servicios para uso propio;Total;Valor absoluto;2023T2;65
Hombres;T Actividades de los hogares como empleadores de personal doméstico, actividades de los hogares como productores de bienes y servicios para uso propio;Total;Valor absoluto;2023T1;59,4
Hombres;T Actividades de los hogares como empleadores de personal doméstico, actividades de los hogares como productores de bienes y servicios para uso propio;Total;Valor absoluto;2022T4;51,8
Hombres;T Actividades de los hogares como empleadores de personal doméstico, actividades de los hogares como productores de bienes y servicios para uso propio;Total;Valor absoluto;2022T3;52,3
Hombres;T Actividades de los hogares como empleadores de personal doméstico, actividades de los hogares como productores de bienes y servicios para uso propio;Total;Valor absoluto;2022T2;58,1
Hombres;T Actividades de los hogares como empleadores de personal doméstico, actividades de los hogares como productores de bienes y servicios para uso propio;Total;Valor absoluto;2022T1;55,5
Hombres;T Actividades de los hogares como empleadores de personal doméstico, actividades de los hogares como productores de bienes y servicios para uso propio;Total;Valor absoluto;2021T4;60,2
Hombres;T Actividades de los hogares como empleadores de personal doméstico, actividades de los hogares como productores de bienes y servicios para uso propio;Total;Valor absoluto;2021T3;78,8
Hombres;T Actividades de los hogares como empleadores de personal doméstico, actividades de los hogares como productores de bienes y servicios para uso propio;Total;Valor absoluto;2021T2;71,7
Hombres;T Actividades de los hogares como empleadores de personal doméstico, actividades de los hogares como productores de bienes y servicios para uso propio;Total;Valor absoluto;2021T1;58,9
Hombres;T Actividades de los hogares como empleadores de personal doméstico, actividades de los hogares como productores de bienes y servicios para uso propio;Total;Porcentaje;2023T4;100
Hombres;T Actividades de los hogares como empleadores de personal doméstico, actividades de los hogares como productores de bienes y servicios para uso propio;Total;Porcentaje;2023T3;100
Hombres;T Actividades de los hogares como empleadores de personal doméstico, actividades de los hogares como productores de bienes y servicios para uso propio;Total;Porcentaje;2023T2;100
Hombres;T Actividades de los hogares como empleadores de personal doméstico, actividades de los hogares como productores de bienes y servicios para uso propio;Total;Porcentaje;2023T1;100
Hombres;T Actividades de los hogares como empleadores de personal doméstico, actividades de los hogares como productores de bienes y servicios para uso propio;Total;Porcentaje;2022T4;100
Hombres;T Actividades de los hogares como empleadores de personal doméstico, actividades de los hogares como productores de bienes y servicios para uso propio;Total;Porcentaje;2022T3;100
Hombres;T Actividades de los hogares como empleadores de personal doméstico, actividades de los hogares como productores de bienes y servicios para uso propio;Total;Porcentaje;2022T2;100
Hombres;T Actividades de los hogares como empleadores de personal doméstico, actividades de los hogares como productores de bienes y servicios para uso propio;Total;Porcentaje;2022T1;100
Hombres;T Actividades de los hogares como empleadores de personal doméstico, actividades de los hogares como productores de bienes y servicios para uso propio;Total;Porcentaje;2021T4;100
Hombres;T Actividades de los hogares como empleadores de personal doméstico, actividades de los hogares como productores de bienes y servicios para uso propio;Total;Porcentaje;2021T3;100
Hombres;T Actividades de los hogares como empleadores de personal doméstico, actividades de los hogares como productores de bienes y servicios para uso propio;Total;Porcentaje;2021T2;100
Hombres;T Actividades de los hogares como empleadores de personal doméstico, actividades de los hogares como productores de bienes y servicios para uso propio;Total;Porcentaje;2021T1;100
Hombres;T Actividades de los hogares como empleadores de personal doméstico, actividades de los hogares como productores de bienes y servicios para uso propio;Jornada a tiempo completo;Valor absoluto;2023T4;51,6
Hombres;T Actividades de los hogares como empleadores de personal doméstico, actividades de los hogares como productores de bienes y servicios para uso propio;Jornada a tiempo completo;Valor absoluto;2023T3;50,8
Hombres;T Actividades de los hogares como empleadores de personal doméstico, actividades de los hogares como productores de bienes y servicios para uso propio;Jornada a tiempo completo;Valor absoluto;2023T2;51,4
Hombres;T Actividades de los hogares como empleadores de personal doméstico, actividades de los hogares como productores de bienes y servicios para uso propio;Jornada a tiempo completo;Valor absoluto;2023T1;46,4
Hombres;T Actividades de los hogares como empleadores de personal doméstico, actividades de los hogares como productores de bienes y servicios para uso propio;Jornada a tiempo completo;Valor absoluto;2022T4;36,5
Hombres;T Actividades de los hogares como empleadores de personal doméstico, actividades de los hogares como productores de bienes y servicios para uso propio;Jornada a tiempo completo;Valor absoluto;2022T3;39,6
Hombres;T Actividades de los hogares como empleadores de personal doméstico, actividades de los hogares como productores de bienes y servicios para uso propio;Jornada a tiempo completo;Valor absoluto;2022T2;44,9
Hombres;T Actividades de los hogares como empleadores de personal doméstico, actividades de los hogares como productores de bienes y servicios para uso propio;Jornada a tiempo completo;Valor absoluto;2022T1;44,8
Hombres;T Actividades de los hogares como empleadores de personal doméstico, actividades de los hogares como productores de bienes y servicios para uso propio;Jornada a tiempo completo;Valor absoluto;2021T4;48
Hombres;T Actividades de los hogares como empleadores de personal doméstico, actividades de los hogares como productores de bienes y servicios para uso propio;Jornada a tiempo completo;Valor absoluto;2021T3;61,8
Hombres;T Actividades de los hogares como empleadores de personal doméstico, actividades de los hogares como productores de bienes y servicios para uso propio;Jornada a tiempo completo;Valor absoluto;2021T2;59,7
Hombres;T Actividades de los hogares como empleadores de personal doméstico, actividades de los hogares como productores de bienes y servicios para uso propio;Jornada a tiempo completo;Valor absoluto;2021T1;45,9
Hombres;T Actividades de los hogares como empleadores de personal doméstico, actividades de los hogares como productores de bienes y servicios para uso propio;Jornada a tiempo completo;Porcentaje;2023T4;76,6
Hombres;T Actividades de los hogares como empleadores de personal doméstico, actividades de los hogares como productores de bienes y servicios para uso propio;Jornada a tiempo completo;Porcentaje;2023T3;78,6
Hombres;T Actividades de los hogares como empleadores de personal doméstico, actividades de los hogares como productores de bienes y servicios para uso propio;Jornada a tiempo completo;Porcentaje;2023T2;79,1
Hombres;T Actividades de los hogares como empleadores de personal doméstico, actividades de los hogares como productores de bienes y servicios para uso propio;Jornada a tiempo completo;Porcentaje;2023T1;78,1
Hombres;T Actividades de los hogares como empleadores de personal doméstico, actividades de los hogares como productores de bienes y servicios para uso propio;Jornada a tiempo completo;Porcentaje;2022T4;70,5
Hombres;T Actividades de los hogares como empleadores de personal doméstico, actividades de los hogares como productores de bienes y servicios para uso propio;Jornada a tiempo completo;Porcentaje;2022T3;75,6
Hombres;T Actividades de los hogares como empleadores de personal doméstico, actividades de los hogares como productores de bienes y servicios para uso propio;Jornada a tiempo completo;Porcentaje;2022T2;77,2
Hombres;T Actividades de los hogares como empleadores de personal doméstico, actividades de los hogares como productores de bienes y servicios para uso propio;Jornada a tiempo completo;Porcentaje;2022T1;80,6
Hombres;T Actividades de los hogares como empleadores de personal doméstico, actividades de los hogares como productores de bienes y servicios para uso propio;Jornada a tiempo completo;Porcentaje;2021T4;79,7
Hombres;T Actividades de los hogares como empleadores de personal doméstico, actividades de los hogares como productores de bienes y servicios para uso propio;Jornada a tiempo completo;Porcentaje;2021T3;78,4
Hombres;T Actividades de los hogares como empleadores de personal doméstico, actividades de los hogares como productores de bienes y servicios para uso propio;Jornada a tiempo completo;Porcentaje;2021T2;83,3
Hombres;T Actividades de los hogares como empleadores de personal doméstico, actividades de los hogares como productores de bienes y servicios para uso propio;Jornada a tiempo completo;Porcentaje;2021T1;78
Hombres;T Actividades de los hogares como empleadores de personal doméstico, actividades de los hogares como productores de bienes y servicios para uso propio;Jornada a tiempo parcial;Valor absoluto;2023T4;15,7
Hombres;T Actividades de los hogares como empleadores de personal doméstico, actividades de los hogares como productores de bienes y servicios para uso propio;Jornada a tiempo parcial;Valor absoluto;2023T3;13,8
Hombres;T Actividades de los hogares como empleadores de personal doméstico, actividades de los hogares como productores de bienes y servicios para uso propio;Jornada a tiempo parcial;Valor absoluto;2023T2;13,6
Hombres;T Actividades de los hogares como empleadores de personal doméstico, actividades de los hogares como productores de bienes y servicios para uso propio;Jornada a tiempo parcial;Valor absoluto;2023T1;13
Hombres;T Actividades de los hogares como empleadores de personal doméstico, actividades de los hogares como productores de bienes y servicios para uso propio;Jornada a tiempo parcial;Valor absoluto;2022T4;15,3
Hombres;T Actividades de los hogares como empleadores de personal doméstico, actividades de los hogares como productores de bienes y servicios para uso propio;Jornada a tiempo parcial;Valor absoluto;2022T3;12,7
Hombres;T Actividades de los hogares como empleadores de personal doméstico, actividades de los hogares como productores de bienes y servicios para uso propio;Jornada a tiempo parcial;Valor absoluto;2022T2;13,2
Hombres;T Actividades de los hogares como empleadores de personal doméstico, actividades de los hogares como productores de bienes y servicios para uso propio;Jornada a tiempo parcial;Valor absoluto;2022T1;10,8
Hombres;T Actividades de los hogares como empleadores de personal doméstico, actividades de los hogares como productores de bienes y servicios para uso propio;Jornada a tiempo parcial;Valor absoluto;2021T4;12,2
Hombres;T Actividades de los hogares como empleadores de personal doméstico, actividades de los hogares como productores de bienes y servicios para uso propio;Jornada a tiempo parcial;Valor absoluto;2021T3;17
Hombres;T Actividades de los hogares como empleadores de personal doméstico, actividades de los hogares como productores de bienes y servicios para uso propio;Jornada a tiempo parcial;Valor absoluto;2021T2;12
Hombres;T Actividades de los hogares como empleadores de personal doméstico, actividades de los hogares como productores de bienes y servicios para uso propio;Jornada a tiempo parcial;Valor absoluto;2021T1;13
Hombres;T Actividades de los hogares como empleadores de personal doméstico, actividades de los hogares como productores de bienes y servicios para uso propio;Jornada a tiempo parcial;Porcentaje;2023T4;23,4
Hombres;T Actividades de los hogares como empleadores de personal doméstico, actividades de los hogares como productores de bienes y servicios para uso propio;Jornada a tiempo parcial;Porcentaje;2023T3;21,4
Hombres;T Actividades de los hogares como empleadores de personal doméstico, actividades de los hogares como productores de bienes y servicios para uso propio;Jornada a tiempo parcial;Porcentaje;2023T2;20,9
Hombres;T Actividades de los hogares como empleadores de personal doméstico, actividades de los hogares como productores de bienes y servicios para uso propio;Jornada a tiempo parcial;Porcentaje;2023T1;21,9
Hombres;T Actividades de los hogares como empleadores de personal doméstico, actividades de los hogares como productores de bienes y servicios para uso propio;Jornada a tiempo parcial;Porcentaje;2022T4;29,5
Hombres;T Actividades de los hogares como empleadores de personal doméstico, actividades de los hogares como productores de bienes y servicios para uso propio;Jornada a tiempo parcial;Porcentaje;2022T3;24,4
Hombres;T Actividades de los hogares como empleadores de personal doméstico, actividades de los hogares como productores de bienes y servicios para uso propio;Jornada a tiempo parcial;Porcentaje;2022T2;22,8
Hombres;T Actividades de los hogares como empleadores de personal doméstico, actividades de los hogares como productores de bienes y servicios para uso propio;Jornada a tiempo parcial;Porcentaje;2022T1;19,4
Hombres;T Actividades de los hogares como empleadores de personal doméstico, actividades de los hogares como productores de bienes y servicios para uso propio;Jornada a tiempo parcial;Porcentaje;2021T4;20,3
Hombres;T Actividades de los hogares como empleadores de personal doméstico, actividades de los hogares como productores de bienes y servicios para uso propio;Jornada a tiempo parcial;Porcentaje;2021T3;21,6
Hombres;T Actividades de los hogares como empleadores de personal doméstico, actividades de los hogares como productores de bienes y servicios para uso propio;Jornada a tiempo parcial;Porcentaje;2021T2;16,7
Hombres;T Actividades de los hogares como empleadores de personal doméstico, actividades de los hogares como productores de bienes y servicios para uso propio;Jornada a tiempo parcial;Porcentaje;2021T1;22
Hombres;U Actividades de organizaciones y organismos extraterritoriales;Total;Valor absoluto;2023T4;2,1
Hombres;U Actividades de organizaciones y organismos extraterritoriales;Total;Valor absoluto;2023T3;2,5
Hombres;U Actividades de organizaciones y organismos extraterritoriales;Total;Valor absoluto;2023T2;2,5
Hombres;U Actividades de organizaciones y organismos extraterritoriales;Total;Valor absoluto;2023T1;1
Hombres;U Actividades de organizaciones y organismos extraterritoriales;Total;Valor absoluto;2022T4;2,1
Hombres;U Actividades de organizaciones y organismos extraterritoriales;Total;Valor absoluto;2022T3;1,5
Hombres;U Actividades de organizaciones y organismos extraterritoriales;Total;Valor absoluto;2022T2;..
Hombres;U Actividades de organizaciones y organismos extraterritoriales;Total;Valor absoluto;2022T1;0,2
Hombres;U Actividades de organizaciones y organismos extraterritoriales;Total;Valor absoluto;2021T4;3,4
Hombres;U Actividades de organizaciones y organismos extraterritoriales;Total;Valor absoluto;2021T3;..
Hombres;U Actividades de organizaciones y organismos extraterritoriales;Total;Valor absoluto;2021T2;0,5
Hombres;U Actividades de organizaciones y organismos extraterritoriales;Total;Valor absoluto;2021T1;5,2
Hombres;U Actividades de organizaciones y organismos extraterritoriales;Total;Porcentaje;2023T4;100
Hombres;U Actividades de organizaciones y organismos extraterritoriales;Total;Porcentaje;2023T3;100
Hombres;U Actividades de organizaciones y organismos extraterritoriales;Total;Porcentaje;2023T2;100
Hombres;U Actividades de organizaciones y organismos extraterritoriales;Total;Porcentaje;2023T1;100
Hombres;U Actividades de organizaciones y organismos extraterritoriales;Total;Porcentaje;2022T4;100
Hombres;U Actividades de organizaciones y organismos extraterritoriales;Total;Porcentaje;2022T3;100
Hombres;U Actividades de organizaciones y organismos extraterritoriales;Total;Porcentaje;2022T2;..
Hombres;U Actividades de organizaciones y organismos extraterritoriales;Total;Porcentaje;2022T1;100
Hombres;U Actividades de organizaciones y organismos extraterritoriales;Total;Porcentaje;2021T4;100
Hombres;U Actividades de organizaciones y organismos extraterritoriales;Total;Porcentaje;2021T3;..
Hombres;U Actividades de organizaciones y organismos extraterritoriales;Total;Porcentaje;2021T2;100
Hombres;U Actividades de organizaciones y organismos extraterritoriales;Total;Porcentaje;2021T1;100
Hombres;U Actividades de organizaciones y organismos extraterritoriales;Jornada a tiempo completo;Valor absoluto;2023T4;2,1
Hombres;U Actividades de organizaciones y organismos extraterritoriales;Jornada a tiempo completo;Valor absoluto;2023T3;2,5
Hombres;U Actividades de organizaciones y organismos extraterritoriales;Jornada a tiempo completo;Valor absoluto;2023T2;2,5
Hombres;U Actividades de organizaciones y organismos extraterritoriales;Jornada a tiempo completo;Valor absoluto;2023T1;1
Hombres;U Actividades de organizaciones y organismos extraterritoriales;Jornada a tiempo completo;Valor absoluto;2022T4;2,1
Hombres;U Actividades de organizaciones y organismos extraterritoriales;Jornada a tiempo completo;Valor absoluto;2022T3;1,5
Hombres;U Actividades de organizaciones y organismos extraterritoriales;Jornada a tiempo completo;Valor absoluto;2022T2;..
Hombres;U Actividades de organizaciones y organismos extraterritoriales;Jornada a tiempo completo;Valor absoluto;2022T1;0,2
Hombres;U Actividades de organizaciones y organismos extraterritoriales;Jornada a tiempo completo;Valor absoluto;2021T4;3,4
Hombres;U Actividades de organizaciones y organismos extraterritoriales;Jornada a tiempo completo;Valor absoluto;2021T3;..
Hombres;U Actividades de organizaciones y organismos extraterritoriales;Jornada a tiempo completo;Valor absoluto;2021T2;0,5
Hombres;U Actividades de organizaciones y organismos extraterritoriales;Jornada a tiempo completo;Valor absoluto;2021T1;5,2
Hombres;U Actividades de organizaciones y organismos extraterritoriales;Jornada a tiempo completo;Porcentaje;2023T4;100
Hombres;U Actividades de organizaciones y organismos extraterritoriales;Jornada a tiempo completo;Porcentaje;2023T3;100
Hombres;U Actividades de organizaciones y organismos extraterritoriales;Jornada a tiempo completo;Porcentaje;2023T2;100
Hombres;U Actividades de organizaciones y organismos extraterritoriales;Jornada a tiempo completo;Porcentaje;2023T1;100
Hombres;U Actividades de organizaciones y organismos extraterritoriales;Jornada a tiempo completo;Porcentaje;2022T4;100
Hombres;U Actividades de organizaciones y organismos extraterritoriales;Jornada a tiempo completo;Porcentaje;2022T3;100
Hombres;U Actividades de organizaciones y organismos extraterritoriales;Jornada a tiempo completo;Porcentaje;2022T2;..
Hombres;U Actividades de organizaciones y organismos extraterritoriales;Jornada a tiempo completo;Porcentaje;2022T1;100
Hombres;U Actividades de organizaciones y organismos extraterritoriales;Jornada a tiempo completo;Porcentaje;2021T4;100
Hombres;U Actividades de organizaciones y organismos extraterritoriales;Jornada a tiempo completo;Porcentaje;2021T3;..
Hombres;U Actividades de organizaciones y organismos extraterritoriales;Jornada a tiempo completo;Porcentaje;2021T2;100
Hombres;U Actividades de organizaciones y organismos extraterritoriales;Jornada a tiempo completo;Porcentaje;2021T1;100
Hombres;U Actividades de organizaciones y organismos extraterritoriales;Jornada a tiempo parcial;Valor absoluto;2023T4;..
Hombres;U Actividades de organizaciones y organismos extraterritoriales;Jornada a tiempo parcial;Valor absoluto;2023T3;..
Hombres;U Actividades de organizaciones y organismos extraterritoriales;Jornada a tiempo parcial;Valor absoluto;2023T2;..
Hombres;U Actividades de organizaciones y organismos extraterritoriales;Jornada a tiempo parcial;Valor absoluto;2023T1;..
Hombres;U Actividades de organizaciones y organismos extraterritoriales;Jornada a tiempo parcial;Valor absoluto;2022T4;..
Hombres;U Actividades de organizaciones y organismos extraterritoriales;Jornada a tiempo parcial;Valor absoluto;2022T3;..
Hombres;U Actividades de organizaciones y organismos extraterritoriales;Jornada a tiempo parcial;Valor absoluto;2022T2;..
Hombres;U Actividades de organizaciones y organismos extraterritoriales;Jornada a tiempo parcial;Valor absoluto;2022T1;..
Hombres;U Actividades de organizaciones y organismos extraterritoriales;Jornada a tiempo parcial;Valor absoluto;2021T4;..
Hombres;U Actividades de organizaciones y organismos extraterritoriales;Jornada a tiempo parcial;Valor absoluto;2021T3;..
Hombres;U Actividades de organizaciones y organismos extraterritoriales;Jornada a tiempo parcial;Valor absoluto;2021T2;..
Hombres;U Actividades de organizaciones y organismos extraterritoriales;Jornada a tiempo parcial;Valor absoluto;2021T1;..
Hombres;U Actividades de organizaciones y organismos extraterritoriales;Jornada a tiempo parcial;Porcentaje;2023T4;..
Hombres;U Actividades de organizaciones y organismos extraterritoriales;Jornada a tiempo parcial;Porcentaje;2023T3;..
Hombres;U Actividades de organizaciones y organismos extraterritoriales;Jornada a tiempo parcial;Porcentaje;2023T2;..
Hombres;U Actividades de organizaciones y organismos extraterritoriales;Jornada a tiempo parcial;Porcentaje;2023T1;..
Hombres;U Actividades de organizaciones y organismos extraterritoriales;Jornada a tiempo parcial;Porcentaje;2022T4;..
Hombres;U Actividades de organizaciones y organismos extraterritoriales;Jornada a tiempo parcial;Porcentaje;2022T3;..
Hombres;U Actividades de organizaciones y organismos extraterritoriales;Jornada a tiempo parcial;Porcentaje;2022T2;..
Hombres;U Actividades de organizaciones y organismos extraterritoriales;Jornada a tiempo parcial;Porcentaje;2022T1;..
Hombres;U Actividades de organizaciones y organismos extraterritoriales;Jornada a tiempo parcial;Porcentaje;2021T4;..
Hombres;U Actividades de organizaciones y organismos extraterritoriales;Jornada a tiempo parcial;Porcentaje;2021T3;..
Hombres;U Actividades de organizaciones y organismos extraterritoriales;Jornada a tiempo parcial;Porcentaje;2021T2;..
Hombres;U Actividades de organizaciones y organismos extraterritoriales;Jornada a tiempo parcial;Porcentaje;2021T1;..
Mujeres;Total;Total;Valor absoluto;2023T4;9.923,4
Mujeres;Total;Total;Valor absoluto;2023T3;9.878,2
Mujeres;Total;Total;Valor absoluto;2023T2;9.799,6
Mujeres;Total;Total;Valor absoluto;2023T1;9.527,8
Mujeres;Total;Total;Valor absoluto;2022T4;9.486,2
Mujeres;Total;Total;Valor absoluto;2022T3;9.430,7
Mujeres;Total;Total;Valor absoluto;2022T2;9.491,4
Mujeres;Total;Total;Valor absoluto;2022T1;9.293,4
Mujeres;Total;Total;Valor absoluto;2021T4;9.354,1
Mujeres;Total;Total;Valor absoluto;2021T3;9.248,5
Mujeres;Total;Total;Valor absoluto;2021T2;9.063,1
Mujeres;Total;Total;Valor absoluto;2021T1;8.821,7
Mujeres;Total;Total;Porcentaje;2023T4;100
Mujeres;Total;Total;Porcentaje;2023T3;100
Mujeres;Total;Total;Porcentaje;2023T2;100
Mujeres;Total;Total;Porcentaje;2023T1;100
Mujeres;Total;Total;Porcentaje;2022T4;100
Mujeres;Total;Total;Porcentaje;2022T3;100
Mujeres;Total;Total;Porcentaje;2022T2;100
Mujeres;Total;Total;Porcentaje;2022T1;100
Mujeres;Total;Total;Porcentaje;2021T4;100
Mujeres;Total;Total;Porcentaje;2021T3;100
Mujeres;Total;Total;Porcentaje;2021T2;100
Mujeres;Total;Total;Porcentaje;2021T1;100
Mujeres;Total;Jornada a tiempo completo;Valor absoluto;2023T4;7.802,4
Mujeres;Total;Jornada a tiempo completo;Valor absoluto;2023T3;7.926,3
Mujeres;Total;Jornada a tiempo completo;Valor absoluto;2023T2;7.722,2
Mujeres;Total;Jornada a tiempo completo;Valor absoluto;2023T1;7.437,4
Mujeres;Total;Jornada a tiempo completo;Valor absoluto;2022T4;7.440,5
Mujeres;Total;Jornada a tiempo completo;Valor absoluto;2022T3;7.506,4
Mujeres;Total;Jornada a tiempo completo;Valor absoluto;2022T2;7.419,8
Mujeres;Total;Jornada a tiempo completo;Valor absoluto;2022T1;7.181,4
Mujeres;Total;Jornada a tiempo completo;Valor absoluto;2021T4;7.283,5
Mujeres;Total;Jornada a tiempo completo;Valor absoluto;2021T3;7.240,3
Mujeres;Total;Jornada a tiempo completo;Valor absoluto;2021T2;6.957,1
Mujeres;Total;Jornada a tiempo completo;Valor absoluto;2021T1;6.817,5
Mujeres;Total;Jornada a tiempo completo;Porcentaje;2023T4;78,6
Mujeres;Total;Jornada a tiempo completo;Porcentaje;2023T3;80,2
Mujeres;Total;Jornada a tiempo completo;Porcentaje;2023T2;78,8
Mujeres;Total;Jornada a tiempo completo;Porcentaje;2023T1;78,1
Mujeres;Total;Jornada a tiempo completo;Porcentaje;2022T4;78,4
Mujeres;Total;Jornada a tiempo completo;Porcentaje;2022T3;79,6
Mujeres;Total;Jornada a tiempo completo;Porcentaje;2022T2;78,2
Mujeres;Total;Jornada a tiempo completo;Porcentaje;2022T1;77,3
Mujeres;Total;Jornada a tiempo completo;Porcentaje;2021T4;77,9
Mujeres;Total;Jornada a tiempo completo;Porcentaje;2021T3;78,3
Mujeres;Total;Jornada a tiempo completo;Porcentaje;2021T2;76,8
Mujeres;Total;Jornada a tiempo completo;Porcentaje;2021T1;77,3
Mujeres;Total;Jornada a tiempo parcial;Valor absoluto;2023T4;2.121
Mujeres;Total;Jornada a tiempo parcial;Valor absoluto;2023T3;1.951,9
Mujeres;Total;Jornada a tiempo parcial;Valor absoluto;2023T2;2.077,4
Mujeres;Total;Jornada a tiempo parcial;Valor absoluto;2023T1;2.090,4
Mujeres;Total;Jornada a tiempo parcial;Valor absoluto;2022T4;2.045,6
Mujeres;Total;Jornada a tiempo parcial;Valor absoluto;2022T3;1.924,3
Mujeres;Total;Jornada a tiempo parcial;Valor absoluto;2022T2;2.071,6
Mujeres;Total;Jornada a tiempo parcial;Valor absoluto;2022T1;2.112
Mujeres;Total;Jornada a tiempo parcial;Valor absoluto;2021T4;2.070,6
Mujeres;Total;Jornada a tiempo parcial;Valor absoluto;2021T3;2.008,3
Mujeres;Total;Jornada a tiempo parcial;Valor absoluto;2021T2;2.106,1
Mujeres;Total;Jornada a tiempo parcial;Valor absoluto;2021T1;2.004,2
Mujeres;Total;Jornada a tiempo parcial;Porcentaje;2023T4;21,4
Mujeres;Total;Jornada a tiempo parcial;Porcentaje;2023T3;19,8
Mujeres;Total;Jornada a tiempo parcial;Porcentaje;2023T2;21,2
Mujeres;Total;Jornada a tiempo parcial;Porcentaje;2023T1;21,9
Mujeres;Total;Jornada a tiempo parcial;Porcentaje;2022T4;21,6
Mujeres;Total;Jornada a tiempo parcial;Porcentaje;2022T3;20,4
Mujeres;Total;Jornada a tiempo parcial;Porcentaje;2022T2;21,8
Mujeres;Total;Jornada a tiempo parcial;Porcentaje;2022T1;22,7
Mujeres;Total;Jornada a tiempo parcial;Porcentaje;2021T4;22,1
Mujeres;Total;Jornada a tiempo parcial;Porcentaje;2021T3;21,7
Mujeres;Total;Jornada a tiempo parcial;Porcentaje;2021T2;23,2
Mujeres;Total;Jornada a tiempo parcial;Porcentaje;2021T1;22,7
Mujeres;A Agricultura, ganadería, silvicultura y pesca;Total;Valor absoluto;2023T4;202,6
Mujeres;A Agricultura, ganadería, silvicultura y pesca;Total;Valor absoluto;2023T3;167,5
Mujeres;A Agricultura, ganadería, silvicultura y pesca;Total;Valor absoluto;2023T2;182
Mujeres;A Agricultura, ganadería, silvicultura y pesca;Total;Valor absoluto;2023T1;181,1
Mujeres;A Agricultura, ganadería, silvicultura y pesca;Total;Valor absoluto;2022T4;179,3
Mujeres;A Agricultura, ganadería, silvicultura y pesca;Total;Valor absoluto;2022T3;162,6
Mujeres;A Agricultura, ganadería, silvicultura y pesca;Total;Valor absoluto;2022T2;175,6
Mujeres;A Agricultura, ganadería, silvicultura y pesca;Total;Valor absoluto;2022T1;198,9
Mujeres;A Agricultura, ganadería, silvicultura y pesca;Total;Valor absoluto;2021T4;203
Mujeres;A Agricultura, ganadería, silvicultura y pesca;Total;Valor absoluto;2021T3;170,8
Mujeres;A Agricultura, ganadería, silvicultura y pesca;Total;Valor absoluto;2021T2;209,7
Mujeres;A Agricultura, ganadería, silvicultura y pesca;Total;Valor absoluto;2021T1;184,2
Mujeres;A Agricultura, ganadería, silvicultura y pesca;Total;Porcentaje;2023T4;100
Mujeres;A Agricultura, ganadería, silvicultura y pesca;Total;Porcentaje;2023T3;100
Mujeres;A Agricultura, ganadería, silvicultura y pesca;Total;Porcentaje;2023T2;100
Mujeres;A Agricultura, ganadería, silvicultura y pesca;Total;Porcentaje;2023T1;100
Mujeres;A Agricultura, ganadería, silvicultura y pesca;Total;Porcentaje;2022T4;100
Mujeres;A Agricultura, ganadería, silvicultura y pesca;Total;Porcentaje;2022T3;100
Mujeres;A Agricultura, ganadería, silvicultura y pesca;Total;Porcentaje;2022T2;100
Mujeres;A Agricultura, ganadería, silvicultura y pesca;Total;Porcentaje;2022T1;100
Mujeres;A Agricultura, ganadería, silvicultura y pesca;Total;Porcentaje;2021T4;100
Mujeres;A Agricultura, ganadería, silvicultura y pesca;Total;Porcentaje;2021T3;100
Mujeres;A Agricultura, ganadería, silvicultura y pesca;Total;Porcentaje;2021T2;100
Mujeres;A Agricultura, ganadería, silvicultura y pesca;Total;Porcentaje;2021T1;100
Mujeres;A Agricultura, ganadería, silvicultura y pesca;Jornada a tiempo completo;Valor absoluto;2023T4;174,3
Mujeres;A Agricultura, ganadería, silvicultura y pesca;Jornada a tiempo completo;Valor absoluto;2023T3;144,1
Mujeres;A Agricultura, ganadería, silvicultura y pesca;Jornada a tiempo completo;Valor absoluto;2023T2;161,2
Mujeres;A Agricultura, ganadería, silvicultura y pesca;Jornada a tiempo completo;Valor absoluto;2023T1;159,7
Mujeres;A Agricultura, ganadería, silvicultura y pesca;Jornada a tiempo completo;Valor absoluto;2022T4;154,3
Mujeres;A Agricultura, ganadería, silvicultura y pesca;Jornada a tiempo completo;Valor absoluto;2022T3;135,8
Mujeres;A Agricultura, ganadería, silvicultura y pesca;Jornada a tiempo completo;Valor absoluto;2022T2;154,4
Mujeres;A Agricultura, ganadería, silvicultura y pesca;Jornada a tiempo completo;Valor absoluto;2022T1;174
Mujeres;A Agricultura, ganadería, silvicultura y pesca;Jornada a tiempo completo;Valor absoluto;2021T4;180,2
Mujeres;A Agricultura, ganadería, silvicultura y pesca;Jornada a tiempo completo;Valor absoluto;2021T3;142,5
Mujeres;A Agricultura, ganadería, silvicultura y pesca;Jornada a tiempo completo;Valor absoluto;2021T2;182,4
Mujeres;A Agricultura, ganadería, silvicultura y pesca;Jornada a tiempo completo;Valor absoluto;2021T1;160,7
Mujeres;A Agricultura, ganadería, silvicultura y pesca;Jornada a tiempo completo;Porcentaje;2023T4;86
Mujeres;A Agricultura, ganadería, silvicultura y pesca;Jornada a tiempo completo;Porcentaje;2023T3;86
Mujeres;A Agricultura, ganadería, silvicultura y pesca;Jornada a tiempo completo;Porcentaje;2023T2;88,6
Mujeres;A Agricultura, ganadería, silvicultura y pesca;Jornada a tiempo completo;Porcentaje;2023T1;88,2
Mujeres;A Agricultura, ganadería, silvicultura y pesca;Jornada a tiempo completo;Porcentaje;2022T4;86,1
Mujeres;A Agricultura, ganadería, silvicultura y pesca;Jornada a tiempo completo;Porcentaje;2022T3;83,5
Mujeres;A Agricultura, ganadería, silvicultura y pesca;Jornada a tiempo completo;Porcentaje;2022T2;88
Mujeres;A Agricultura, ganadería, silvicultura y pesca;Jornada a tiempo completo;Porcentaje;2022T1;87,5
Mujeres;A Agricultura, ganadería, silvicultura y pesca;Jornada a tiempo completo;Porcentaje;2021T4;88,8
Mujeres;A Agricultura, ganadería, silvicultura y pesca;Jornada a tiempo completo;Porcentaje;2021T3;83,4
Mujeres;A Agricultura, ganadería, silvicultura y pesca;Jornada a tiempo completo;Porcentaje;2021T2;87
Mujeres;A Agricultura, ganadería, silvicultura y pesca;Jornada a tiempo completo;Porcentaje;2021T1;87,2
Mujeres;A Agricultura, ganadería, silvicultura y pesca;Jornada a tiempo parcial;Valor absoluto;2023T4;28,4
Mujeres;A Agricultura, ganadería, silvicultura y pesca;Jornada a tiempo parcial;Valor absoluto;2023T3;23,4
Mujeres;A Agricultura, ganadería, silvicultura y pesca;Jornada a tiempo parcial;Valor absoluto;2023T2;20,8
Mujeres;A Agricultura, ganadería, silvicultura y pesca;Jornada a tiempo parcial;Valor absoluto;2023T1;21,4
Mujeres;A Agricultura, ganadería, silvicultura y pesca;Jornada a tiempo parcial;Valor absoluto;2022T4;25
Mujeres;A Agricultura, ganadería, silvicultura y pesca;Jornada a tiempo parcial;Valor absoluto;2022T3;26,8
Mujeres;A Agricultura, ganadería, silvicultura y pesca;Jornada a tiempo parcial;Valor absoluto;2022T2;21,1
Mujeres;A Agricultura, ganadería, silvicultura y pesca;Jornada a tiempo parcial;Valor absoluto;2022T1;24,9
Mujeres;A Agricultura, ganadería, silvicultura y pesca;Jornada a tiempo parcial;Valor absoluto;2021T4;22,8
Mujeres;A Agricultura, ganadería, silvicultura y pesca;Jornada a tiempo parcial;Valor absoluto;2021T3;28,3
Mujeres;A Agricultura, ganadería, silvicultura y pesca;Jornada a tiempo parcial;Valor absoluto;2021T2;27,3
Mujeres;A Agricultura, ganadería, silvicultura y pesca;Jornada a tiempo parcial;Valor absoluto;2021T1;23,5
Mujeres;A Agricultura, ganadería, silvicultura y pesca;Jornada a tiempo parcial;Porcentaje;2023T4;14
Mujeres;A Agricultura, ganadería, silvicultura y pesca;Jornada a tiempo parcial;Porcentaje;2023T3;14
Mujeres;A Agricultura, ganadería, silvicultura y pesca;Jornada a tiempo parcial;Porcentaje;2023T2;11,4
Mujeres;A Agricultura, ganadería, silvicultura y pesca;Jornada a tiempo parcial;Porcentaje;2023T1;11,8
Mujeres;A Agricultura, ganadería, silvicultura y pesca;Jornada a tiempo parcial;Porcentaje;2022T4;13,9
Mujeres;A Agricultura, ganadería, silvicultura y pesca;Jornada a tiempo parcial;Porcentaje;2022T3;16,5
Mujeres;A Agricultura, ganadería, silvicultura y pesca;Jornada a tiempo parcial;Porcentaje;2022T2;12
Mujeres;A Agricultura, ganadería, silvicultura y pesca;Jornada a tiempo parcial;Porcentaje;2022T1;12,5
Mujeres;A Agricultura, ganadería, silvicultura y pesca;Jornada a tiempo parcial;Porcentaje;2021T4;11,2
Mujeres;A Agricultura, ganadería, silvicultura y pesca;Jornada a tiempo parcial;Porcentaje;2021T3;16,6
Mujeres;A Agricultura, ganadería, silvicultura y pesca;Jornada a tiempo parcial;Porcentaje;2021T2;13
Mujeres;A Agricultura, ganadería, silvicultura y pesca;Jornada a tiempo parcial;Porcentaje;2021T1;12,8
Mujeres;B Industrias extractivas;Total;Valor absoluto;2023T4;5,6
Mujeres;B Industrias extractivas;Total;Valor absoluto;2023T3;5,7
Mujeres;B Industrias extractivas;Total;Valor absoluto;2023T2;4,1
Mujeres;B Industrias extractivas;Total;Valor absoluto;2023T1;2,5
Mujeres;B Industrias extractivas;Total;Valor absoluto;2022T4;5,4
Mujeres;B Industrias extractivas;Total;Valor absoluto;2022T3;5,8
Mujeres;B Industrias extractivas;Total;Valor absoluto;2022T2;6
Mujeres;B Industrias extractivas;Total;Valor absoluto;2022T1;3,6
Mujeres;B Industrias extractivas;Total;Valor absoluto;2021T4;3,8
Mujeres;B Industrias extractivas;Total;Valor absoluto;2021T3;4,5
Mujeres;B Industrias extractivas;Total;Valor absoluto;2021T2;4,6
Mujeres;B Industrias extractivas;Total;Valor absoluto;2021T1;3,7
Mujeres;B Industrias extractivas;Total;Porcentaje;2023T4;100
Mujeres;B Industrias extractivas;Total;Porcentaje;2023T3;100
Mujeres;B Industrias extractivas;Total;Porcentaje;2023T2;100
Mujeres;B Industrias extractivas;Total;Porcentaje;2023T1;100
Mujeres;B Industrias extractivas;Total;Porcentaje;2022T4;100
Mujeres;B Industrias extractivas;Total;Porcentaje;2022T3;100
Mujeres;B Industrias extractivas;Total;Porcentaje;2022T2;100
Mujeres;B Industrias extractivas;Total;Porcentaje;2022T1;100
Mujeres;B Industrias extractivas;Total;Porcentaje;2021T4;100
Mujeres;B Industrias extractivas;Total;Porcentaje;2021T3;100
Mujeres;B Industrias extractivas;Total;Porcentaje;2021T2;100
Mujeres;B Industrias extractivas;Total;Porcentaje;2021T1;100
Mujeres;B Industrias extractivas;Jornada a tiempo completo;Valor absoluto;2023T4;5,6
Mujeres;B Industrias extractivas;Jornada a tiempo completo;Valor absoluto;2023T3;5,5
Mujeres;B Industrias extractivas;Jornada a tiempo completo;Valor absoluto;2023T2;3,3
Mujeres;B Industrias extractivas;Jornada a tiempo completo;Valor absoluto;2023T1;2,3
Mujeres;B Industrias extractivas;Jornada a tiempo completo;Valor absoluto;2022T4;5,3
Mujeres;B Industrias extractivas;Jornada a tiempo completo;Valor absoluto;2022T3;5,8
Mujeres;B Industrias extractivas;Jornada a tiempo completo;Valor absoluto;2022T2;6
Mujeres;B Industrias extractivas;Jornada a tiempo completo;Valor absoluto;2022T1;3,6
Mujeres;B Industrias extractivas;Jornada a tiempo completo;Valor absoluto;2021T4;3,5
Mujeres;B Industrias extractivas;Jornada a tiempo completo;Valor absoluto;2021T3;4
Mujeres;B Industrias extractivas;Jornada a tiempo completo;Valor absoluto;2021T2;4,3
Mujeres;B Industrias extractivas;Jornada a tiempo completo;Valor absoluto;2021T1;3,3
Mujeres;B Industrias extractivas;Jornada a tiempo completo;Porcentaje;2023T4;100
Mujeres;B Industrias extractivas;Jornada a tiempo completo;Porcentaje;2023T3;97,7
Mujeres;B Industrias extractivas;Jornada a tiempo completo;Porcentaje;2023T2;79,8
Mujeres;B Industrias extractivas;Jornada a tiempo completo;Porcentaje;2023T1;93,9
Mujeres;B Industrias extractivas;Jornada a tiempo completo;Porcentaje;2022T4;97,4
Mujeres;B Industrias extractivas;Jornada a tiempo completo;Porcentaje;2022T3;100
Mujeres;B Industrias extractivas;Jornada a tiempo completo;Porcentaje;2022T2;100
Mujeres;B Industrias extractivas;Jornada a tiempo completo;Porcentaje;2022T1;100
Mujeres;B Industrias extractivas;Jornada a tiempo completo;Porcentaje;2021T4;92,8
Mujeres;B Industrias extractivas;Jornada a tiempo completo;Porcentaje;2021T3;87,7
Mujeres;B Industrias extractivas;Jornada a tiempo completo;Porcentaje;2021T2;93,7
Mujeres;B Industrias extractivas;Jornada a tiempo completo;Porcentaje;2021T1;89,8
Mujeres;B Industrias extractivas;Jornada a tiempo parcial;Valor absoluto;2023T4;..
Mujeres;B Industrias extractivas;Jornada a tiempo parcial;Valor absoluto;2023T3;0,1
Mujeres;B Industrias extractivas;Jornada a tiempo parcial;Valor absoluto;2023T2;0,8
Mujeres;B Industrias extractivas;Jornada a tiempo parcial;Valor absoluto;2023T1;0,2
Mujeres;B Industrias extractivas;Jornada a tiempo parcial;Valor absoluto;2022T4;0,1
Mujeres;B Industrias extractivas;Jornada a tiempo parcial;Valor absoluto;2022T3;..
Mujeres;B Industrias extractivas;Jornada a tiempo parcial;Valor absoluto;2022T2;..
Mujeres;B Industrias extractivas;Jornada a tiempo parcial;Valor absoluto;2022T1;..
Mujeres;B Industrias extractivas;Jornada a tiempo parcial;Valor absoluto;2021T4;0,3
Mujeres;B Industrias extractivas;Jornada a tiempo parcial;Valor absoluto;2021T3;0,6
Mujeres;B Industrias extractivas;Jornada a tiempo parcial;Valor absoluto;2021T2;0,3
Mujeres;B Industrias extractivas;Jornada a tiempo parcial;Valor absoluto;2021T1;0,4
Mujeres;B Industrias extractivas;Jornada a tiempo parcial;Porcentaje;2023T4;..
Mujeres;B Industrias extractivas;Jornada a tiempo parcial;Porcentaje;2023T3;2,3
Mujeres;B Industrias extractivas;Jornada a tiempo parcial;Porcentaje;2023T2;20,2
Mujeres;B Industrias extractivas;Jornada a tiempo parcial;Porcentaje;2023T1;6,1
Mujeres;B Industrias extractivas;Jornada a tiempo parcial;Porcentaje;2022T4;2,6
Mujeres;B Industrias extractivas;Jornada a tiempo parcial;Porcentaje;2022T3;..
Mujeres;B Industrias extractivas;Jornada a tiempo parcial;Porcentaje;2022T2;..
Mujeres;B Industrias extractivas;Jornada a tiempo parcial;Porcentaje;2022T1;..
Mujeres;B Industrias extractivas;Jornada a tiempo parcial;Porcentaje;2021T4;7,2
Mujeres;B Industrias extractivas;Jornada a tiempo parcial;Porcentaje;2021T3;12,3
Mujeres;B Industrias extractivas;Jornada a tiempo parcial;Porcentaje;2021T2;6,3
Mujeres;B Industrias extractivas;Jornada a tiempo parcial;Porcentaje;2021T1;10,2
Mujeres;C Industria manufacturera;Total;Valor absoluto;2023T4;723,3
Mujeres;C Industria manufacturera;Total;Valor absoluto;2023T3;737,9
Mujeres;C Industria manufacturera;Total;Valor absoluto;2023T2;705
Mujeres;C Industria manufacturera;Total;Valor absoluto;2023T1;698
Mujeres;C Industria manufacturera;Total;Valor absoluto;2022T4;738,5
Mujeres;C Industria manufacturera;Total;Valor absoluto;2022T3;725,9
Mujeres;C Industria manufacturera;Total;Valor absoluto;2022T2;710,9
Mujeres;C Industria manufacturera;Total;Valor absoluto;2022T1;653,2
Mujeres;C Industria manufacturera;Total;Valor absoluto;2021T4;654,6
Mujeres;C Industria manufacturera;Total;Valor absoluto;2021T3;656,2
Mujeres;C Industria manufacturera;Total;Valor absoluto;2021T2;639,4
Mujeres;C Industria manufacturera;Total;Valor absoluto;2021T1;634,8
Mujeres;C Industria manufacturera;Total;Porcentaje;2023T4;100
Mujeres;C Industria manufacturera;Total;Porcentaje;2023T3;100
Mujeres;C Industria manufacturera;Total;Porcentaje;2023T2;100
Mujeres;C Industria manufacturera;Total;Porcentaje;2023T1;100
Mujeres;C Industria manufacturera;Total;Porcentaje;2022T4;100
Mujeres;C Industria manufacturera;Total;Porcentaje;2022T3;100
Mujeres;C Industria manufacturera;Total;Porcentaje;2022T2;100
Mujeres;C Industria manufacturera;Total;Porcentaje;2022T1;100
Mujeres;C Industria manufacturera;Total;Porcentaje;2021T4;100
Mujeres;C Industria manufacturera;Total;Porcentaje;2021T3;100
Mujeres;C Industria manufacturera;Total;Porcentaje;2021T2;100
Mujeres;C Industria manufacturera;Total;Porcentaje;2021T1;100
Mujeres;C Industria manufacturera;Jornada a tiempo completo;Valor absoluto;2023T4;661,3
Mujeres;C Industria manufacturera;Jornada a tiempo completo;Valor absoluto;2023T3;675,4
Mujeres;C Industria manufacturera;Jornada a tiempo completo;Valor absoluto;2023T2;641,3
Mujeres;C Industria manufacturera;Jornada a tiempo completo;Valor absoluto;2023T1;628
Mujeres;C Industria manufacturera;Jornada a tiempo completo;Valor absoluto;2022T4;661,5
Mujeres;C Industria manufacturera;Jornada a tiempo completo;Valor absoluto;2022T3;644,6
Mujeres;C Industria manufacturera;Jornada a tiempo completo;Valor absoluto;2022T2;626,9
Mujeres;C Industria manufacturera;Jornada a tiempo completo;Valor absoluto;2022T1;569,2
Mujeres;C Industria manufacturera;Jornada a tiempo completo;Valor absoluto;2021T4;568,3
Mujeres;C Industria manufacturera;Jornada a tiempo completo;Valor absoluto;2021T3;577,6
Mujeres;C Industria manufacturera;Jornada a tiempo completo;Valor absoluto;2021T2;564,8
Mujeres;C Industria manufacturera;Jornada a tiempo completo;Valor absoluto;2021T1;559,4
Mujeres;C Industria manufacturera;Jornada a tiempo completo;Porcentaje;2023T4;91,4
Mujeres;C Industria manufacturera;Jornada a tiempo completo;Porcentaje;2023T3;91,5
Mujeres;C Industria manufacturera;Jornada a tiempo completo;Porcentaje;2023T2;91
Mujeres;C Industria manufacturera;Jornada a tiempo completo;Porcentaje;2023T1;90
Mujeres;C Industria manufacturera;Jornada a tiempo completo;Porcentaje;2022T4;89,6
Mujeres;C Industria manufacturera;Jornada a tiempo completo;Porcentaje;2022T3;88,8
Mujeres;C Industria manufacturera;Jornada a tiempo completo;Porcentaje;2022T2;88,2
Mujeres;C Industria manufacturera;Jornada a tiempo completo;Porcentaje;2022T1;87,1
Mujeres;C Industria manufacturera;Jornada a tiempo completo;Porcentaje;2021T4;86,8
Mujeres;C Industria manufacturera;Jornada a tiempo completo;Porcentaje;2021T3;88
Mujeres;C Industria manufacturera;Jornada a tiempo completo;Porcentaje;2021T2;88,3
Mujeres;C Industria manufacturera;Jornada a tiempo completo;Porcentaje;2021T1;88,1
Mujeres;C Industria manufacturera;Jornada a tiempo parcial;Valor absoluto;2023T4;62
Mujeres;C Industria manufacturera;Jornada a tiempo parcial;Valor absoluto;2023T3;62,5
Mujeres;C Industria manufacturera;Jornada a tiempo parcial;Valor absoluto;2023T2;63,6
Mujeres;C Industria manufacturera;Jornada a tiempo parcial;Valor absoluto;2023T1;69,9
Mujeres;C Industria manufacturera;Jornada a tiempo parcial;Valor absoluto;2022T4;77
Mujeres;C Industria manufacturera;Jornada a tiempo parcial;Valor absoluto;2022T3;81,3
Mujeres;C Industria manufacturera;Jornada a tiempo parcial;Valor absoluto;2022T2;84
Mujeres;C Industria manufacturera;Jornada a tiempo parcial;Valor absoluto;2022T1;84,1
Mujeres;C Industria manufacturera;Jornada a tiempo parcial;Valor absoluto;2021T4;86,3
Mujeres;C Industria manufacturera;Jornada a tiempo parcial;Valor absoluto;2021T3;78,6
Mujeres;C Industria manufacturera;Jornada a tiempo parcial;Valor absoluto;2021T2;74,6
Mujeres;C Industria manufacturera;Jornada a tiempo parcial;Valor absoluto;2021T1;75,4
Mujeres;C Industria manufacturera;Jornada a tiempo parcial;Porcentaje;2023T4;8,6
Mujeres;C Industria manufacturera;Jornada a tiempo parcial;Porcentaje;2023T3;8,5
Mujeres;C Industria manufacturera;Jornada a tiempo parcial;Porcentaje;2023T2;9
Mujeres;C Industria manufacturera;Jornada a tiempo parcial;Porcentaje;2023T1;10
Mujeres;C Industria manufacturera;Jornada a tiempo parcial;Porcentaje;2022T4;10,4
Mujeres;C Industria manufacturera;Jornada a tiempo parcial;Porcentaje;2022T3;11,2
Mujeres;C Industria manufacturera;Jornada a tiempo parcial;Porcentaje;2022T2;11,8
Mujeres;C Industria manufacturera;Jornada a tiempo parcial;Porcentaje;2022T1;12,9
Mujeres;C Industria manufacturera;Jornada a tiempo parcial;Porcentaje;2021T4;13,2
Mujeres;C Industria manufacturera;Jornada a tiempo parcial;Porcentaje;2021T3;12
Mujeres;C Industria manufacturera;Jornada a tiempo parcial;Porcentaje;2021T2;11,7
Mujeres;C Industria manufacturera;Jornada a tiempo parcial;Porcentaje;2021T1;11,9
Mujeres;D Suministro de energía eléctrica, gas, vapor y aire acondicionado;Total;Valor absoluto;2023T4;31,9
Mujeres;D Suministro de energía eléctrica, gas, vapor y aire acondicionado;Total;Valor absoluto;2023T3;30,9
Mujeres;D Suministro de energía eléctrica, gas, vapor y aire acondicionado;Total;Valor absoluto;2023T2;33,5
Mujeres;D Suministro de energía eléctrica, gas, vapor y aire acondicionado;Total;Valor absoluto;2023T1;32,6
Mujeres;D Suministro de energía eléctrica, gas, vapor y aire acondicionado;Total;Valor absoluto;2022T4;25,7
Mujeres;D Suministro de energía eléctrica, gas, vapor y aire acondicionado;Total;Valor absoluto;2022T3;25
Mujeres;D Suministro de energía eléctrica, gas, vapor y aire acondicionado;Total;Valor absoluto;2022T2;36,5
Mujeres;D Suministro de energía eléctrica, gas, vapor y aire acondicionado;Total;Valor absoluto;2022T1;33,5
Mujeres;D Suministro de energía eléctrica, gas, vapor y aire acondicionado;Total;Valor absoluto;2021T4;27,1
Mujeres;D Suministro de energía eléctrica, gas, vapor y aire acondicionado;Total;Valor absoluto;2021T3;32,1
Mujeres;D Suministro de energía eléctrica, gas, vapor y aire acondicionado;Total;Valor absoluto;2021T2;31,9
Mujeres;D Suministro de energía eléctrica, gas, vapor y aire acondicionado;Total;Valor absoluto;2021T1;38,5
Mujeres;D Suministro de energía eléctrica, gas, vapor y aire acondicionado;Total;Porcentaje;2023T4;100
Mujeres;D Suministro de energía eléctrica, gas, vapor y aire acondicionado;Total;Porcentaje;2023T3;100
Mujeres;D Suministro de energía eléctrica, gas, vapor y aire acondicionado;Total;Porcentaje;2023T2;100
Mujeres;D Suministro de energía eléctrica, gas, vapor y aire acondicionado;Total;Porcentaje;2023T1;100
Mujeres;D Suministro de energía eléctrica, gas, vapor y aire acondicionado;Total;Porcentaje;2022T4;100
Mujeres;D Suministro de energía eléctrica, gas, vapor y aire acondicionado;Total;Porcentaje;2022T3;100
Mujeres;D Suministro de energía eléctrica, gas, vapor y aire acondicionado;Total;Porcentaje;2022T2;100
Mujeres;D Suministro de energía eléctrica, gas, vapor y aire acondicionado;Total;Porcentaje;2022T1;100
Mujeres;D Suministro de energía eléctrica, gas, vapor y aire acondicionado;Total;Porcentaje;2021T4;100
Mujeres;D Suministro de energía eléctrica, gas, vapor y aire acondicionado;Total;Porcentaje;2021T3;100
Mujeres;D Suministro de energía eléctrica, gas, vapor y aire acondicionado;Total;Porcentaje;2021T2;100
Mujeres;D Suministro de energía eléctrica, gas, vapor y aire acondicionado;Total;Porcentaje;2021T1;100
Mujeres;D Suministro de energía eléctrica, gas, vapor y aire acondicionado;Jornada a tiempo completo;Valor absoluto;2023T4;28,7
Mujeres;D Suministro de energía eléctrica, gas, vapor y aire acondicionado;Jornada a tiempo completo;Valor absoluto;2023T3;29,3
Mujeres;D Suministro de energía eléctrica, gas, vapor y aire acondicionado;Jornada a tiempo completo;Valor absoluto;2023T2;32,3
Mujeres;D Suministro de energía eléctrica, gas, vapor y aire acondicionado;Jornada a tiempo completo;Valor absoluto;2023T1;29,5
Mujeres;D Suministro de energía eléctrica, gas, vapor y aire acondicionado;Jornada a tiempo completo;Valor absoluto;2022T4;23,3
Mujeres;D Suministro de energía eléctrica, gas, vapor y aire acondicionado;Jornada a tiempo completo;Valor absoluto;2022T3;22,7
Mujeres;D Suministro de energía eléctrica, gas, vapor y aire acondicionado;Jornada a tiempo completo;Valor absoluto;2022T2;32,9
Mujeres;D Suministro de energía eléctrica, gas, vapor y aire acondicionado;Jornada a tiempo completo;Valor absoluto;2022T1;29,1
Mujeres;D Suministro de energía eléctrica, gas, vapor y aire acondicionado;Jornada a tiempo completo;Valor absoluto;2021T4;23,9
Mujeres;D Suministro de energía eléctrica, gas, vapor y aire acondicionado;Jornada a tiempo completo;Valor absoluto;2021T3;28,4
Mujeres;D Suministro de energía eléctrica, gas, vapor y aire acondicionado;Jornada a tiempo completo;Valor absoluto;2021T2;28,9
Mujeres;D Suministro de energía eléctrica, gas, vapor y aire acondicionado;Jornada a tiempo completo;Valor absoluto;2021T1;34,5
Mujeres;D Suministro de energía eléctrica, gas, vapor y aire acondicionado;Jornada a tiempo completo;Porcentaje;2023T4;89,8
Mujeres;D Suministro de energía eléctrica, gas, vapor y aire acondicionado;Jornada a tiempo completo;Porcentaje;2023T3;94,6
Mujeres;D Suministro de energía eléctrica, gas, vapor y aire acondicionado;Jornada a tiempo completo;Porcentaje;2023T2;96,3
Mujeres;D Suministro de energía eléctrica, gas, vapor y aire acondicionado;Jornada a tiempo completo;Porcentaje;2023T1;90,4
Mujeres;D Suministro de energía eléctrica, gas, vapor y aire acondicionado;Jornada a tiempo completo;Porcentaje;2022T4;90,7
Mujeres;D Suministro de energía eléctrica, gas, vapor y aire acondicionado;Jornada a tiempo completo;Porcentaje;2022T3;90,8
Mujeres;D Suministro de energía eléctrica, gas, vapor y aire acondicionado;Jornada a tiempo completo;Porcentaje;2022T2;90
Mujeres;D Suministro de energía eléctrica, gas, vapor y aire acondicionado;Jornada a tiempo completo;Porcentaje;2022T1;87
Mujeres;D Suministro de energía eléctrica, gas, vapor y aire acondicionado;Jornada a tiempo completo;Porcentaje;2021T4;88,4
Mujeres;D Suministro de energía eléctrica, gas, vapor y aire acondicionado;Jornada a tiempo completo;Porcentaje;2021T3;88,4
Mujeres;D Suministro de energía eléctrica, gas, vapor y aire acondicionado;Jornada a tiempo completo;Porcentaje;2021T2;90,5
Mujeres;D Suministro de energía eléctrica, gas, vapor y aire acondicionado;Jornada a tiempo completo;Porcentaje;2021T1;89,7
Mujeres;D Suministro de energía eléctrica, gas, vapor y aire acondicionado;Jornada a tiempo parcial;Valor absoluto;2023T4;3,3
Mujeres;D Suministro de energía eléctrica, gas, vapor y aire acondicionado;Jornada a tiempo parcial;Valor absoluto;2023T3;1,7
Mujeres;D Suministro de energía eléctrica, gas, vapor y aire acondicionado;Jornada a tiempo parcial;Valor absoluto;2023T2;1,2
Mujeres;D Suministro de energía eléctrica, gas, vapor y aire acondicionado;Jornada a tiempo parcial;Valor absoluto;2023T1;3,1
Mujeres;D Suministro de energía eléctrica, gas, vapor y aire acondicionado;Jornada a tiempo parcial;Valor absoluto;2022T4;2,4
Mujeres;D Suministro de energía eléctrica, gas, vapor y aire acondicionado;Jornada a tiempo parcial;Valor absoluto;2022T3;2,3
Mujeres;D Suministro de energía eléctrica, gas, vapor y aire acondicionado;Jornada a tiempo parcial;Valor absoluto;2022T2;3,6
Mujeres;D Suministro de energía eléctrica, gas, vapor y aire acondicionado;Jornada a tiempo parcial;Valor absoluto;2022T1;4,4
Mujeres;D Suministro de energía eléctrica, gas, vapor y aire acondicionado;Jornada a tiempo parcial;Valor absoluto;2021T4;3,2
Mujeres;D Suministro de energía eléctrica, gas, vapor y aire acondicionado;Jornada a tiempo parcial;Valor absoluto;2021T3;3,7
Mujeres;D Suministro de energía eléctrica, gas, vapor y aire acondicionado;Jornada a tiempo parcial;Valor absoluto;2021T2;3
Mujeres;D Suministro de energía eléctrica, gas, vapor y aire acondicionado;Jornada a tiempo parcial;Valor absoluto;2021T1;4
Mujeres;D Suministro de energía eléctrica, gas, vapor y aire acondicionado;Jornada a tiempo parcial;Porcentaje;2023T4;10,2
Mujeres;D Suministro de energía eléctrica, gas, vapor y aire acondicionado;Jornada a tiempo parcial;Porcentaje;2023T3;5,4
Mujeres;D Suministro de energía eléctrica, gas, vapor y aire acondicionado;Jornada a tiempo parcial;Porcentaje;2023T2;3,7
Mujeres;D Suministro de energía eléctrica, gas, vapor y aire acondicionado;Jornada a tiempo parcial;Porcentaje;2023T1;9,6
Mujeres;D Suministro de energía eléctrica, gas, vapor y aire acondicionado;Jornada a tiempo parcial;Porcentaje;2022T4;9,3
Mujeres;D Suministro de energía eléctrica, gas, vapor y aire acondicionado;Jornada a tiempo parcial;Porcentaje;2022T3;9,2
Mujeres;D Suministro de energía eléctrica, gas, vapor y aire acondicionado;Jornada a tiempo parcial;Porcentaje;2022T2;10
Mujeres;D Suministro de energía eléctrica, gas, vapor y aire acondicionado;Jornada a tiempo parcial;Porcentaje;2022T1;13
Mujeres;D Suministro de energía eléctrica, gas, vapor y aire acondicionado;Jornada a tiempo parcial;Porcentaje;2021T4;11,6
Mujeres;D Suministro de energía eléctrica, gas, vapor y aire acondicionado;Jornada a tiempo parcial;Porcentaje;2021T3;11,6
Mujeres;D Suministro de energía eléctrica, gas, vapor y aire acondicionado;Jornada a tiempo parcial;Porcentaje;2021T2;9,5
Mujeres;D Suministro de energía eléctrica, gas, vapor y aire acondicionado;Jornada a tiempo parcial;Porcentaje;2021T1;10,3
Mujeres;E Suministro de agua, actividades de saneamiento, gestión de residuos y descontaminación;Total;Valor absoluto;2023T4;29,5
Mujeres;E Suministro de agua, actividades de saneamiento, gestión de residuos y descontaminación;Total;Valor absoluto;2023T3;27,3
Mujeres;E Suministro de agua, actividades de saneamiento, gestión de residuos y descontaminación;Total;Valor absoluto;2023T2;26,1
Mujeres;E Suministro de agua, actividades de saneamiento, gestión de residuos y descontaminación;Total;Valor absoluto;2023T1;25
Mujeres;E Suministro de agua, actividades de saneamiento, gestión de residuos y descontaminación;Total;Valor absoluto;2022T4;24,2
Mujeres;E Suministro de agua, actividades de saneamiento, gestión de residuos y descontaminación;Total;Valor absoluto;2022T3;26,4
Mujeres;E Suministro de agua, actividades de saneamiento, gestión de residuos y descontaminación;Total;Valor absoluto;2022T2;21,9
Mujeres;E Suministro de agua, actividades de saneamiento, gestión de residuos y descontaminación;Total;Valor absoluto;2022T1;22
Mujeres;E Suministro de agua, actividades de saneamiento, gestión de residuos y descontaminación;Total;Valor absoluto;2021T4;26
Mujeres;E Suministro de agua, actividades de saneamiento, gestión de residuos y descontaminación;Total;Valor absoluto;2021T3;25,4
Mujeres;E Suministro de agua, actividades de saneamiento, gestión de residuos y descontaminación;Total;Valor absoluto;2021T2;22,2
Mujeres;E Suministro de agua, actividades de saneamiento, gestión de residuos y descontaminación;Total;Valor absoluto;2021T1;23,9
Mujeres;E Suministro de agua, actividades de saneamiento, gestión de residuos y descontaminación;Total;Porcentaje;2023T4;100
Mujeres;E Suministro de agua, actividades de saneamiento, gestión de residuos y descontaminación;Total;Porcentaje;2023T3;100
Mujeres;E Suministro de agua, actividades de saneamiento, gestión de residuos y descontaminación;Total;Porcentaje;2023T2;100
Mujeres;E Suministro de agua, actividades de saneamiento, gestión de residuos y descontaminación;Total;Porcentaje;2023T1;100
Mujeres;E Suministro de agua, actividades de saneamiento, gestión de residuos y descontaminación;Total;Porcentaje;2022T4;100
Mujeres;E Suministro de agua, actividades de saneamiento, gestión de residuos y descontaminación;Total;Porcentaje;2022T3;100
Mujeres;E Suministro de agua, actividades de saneamiento, gestión de residuos y descontaminación;Total;Porcentaje;2022T2;100
Mujeres;E Suministro de agua, actividades de saneamiento, gestión de residuos y descontaminación;Total;Porcentaje;2022T1;100
Mujeres;E Suministro de agua, actividades de saneamiento, gestión de residuos y descontaminación;Total;Porcentaje;2021T4;100
Mujeres;E Suministro de agua, actividades de saneamiento, gestión de residuos y descontaminación;Total;Porcentaje;2021T3;100
Mujeres;E Suministro de agua, actividades de saneamiento, gestión de residuos y descontaminación;Total;Porcentaje;2021T2;100
Mujeres;E Suministro de agua, actividades de saneamiento, gestión de residuos y descontaminación;Total;Porcentaje;2021T1;100
Mujeres;E Suministro de agua, actividades de saneamiento, gestión de residuos y descontaminación;Jornada a tiempo completo;Valor absoluto;2023T4;23,9
Mujeres;E Suministro de agua, actividades de saneamiento, gestión de residuos y descontaminación;Jornada a tiempo completo;Valor absoluto;2023T3;21,2
Mujeres;E Suministro de agua, actividades de saneamiento, gestión de residuos y descontaminación;Jornada a tiempo completo;Valor absoluto;2023T2;21,1
Mujeres;E Suministro de agua, actividades de saneamiento, gestión de residuos y descontaminación;Jornada a tiempo completo;Valor absoluto;2023T1;19,3
Mujeres;E Suministro de agua, actividades de saneamiento, gestión de residuos y descontaminación;Jornada a tiempo completo;Valor absoluto;2022T4;17,1
Mujeres;E Suministro de agua, actividades de saneamiento, gestión de residuos y descontaminación;Jornada a tiempo completo;Valor absoluto;2022T3;19,6
Mujeres;E Suministro de agua, actividades de saneamiento, gestión de residuos y descontaminación;Jornada a tiempo completo;Valor absoluto;2022T2;18,6
Mujeres;E Suministro de agua, actividades de saneamiento, gestión de residuos y descontaminación;Jornada a tiempo completo;Valor absoluto;2022T1;19,1
Mujeres;E Suministro de agua, actividades de saneamiento, gestión de residuos y descontaminación;Jornada a tiempo completo;Valor absoluto;2021T4;23,3
Mujeres;E Suministro de agua, actividades de saneamiento, gestión de residuos y descontaminación;Jornada a tiempo completo;Valor absoluto;2021T3;23,8
Mujeres;E Suministro de agua, actividades de saneamiento, gestión de residuos y descontaminación;Jornada a tiempo completo;Valor absoluto;2021T2;21,1
Mujeres;E Suministro de agua, actividades de saneamiento, gestión de residuos y descontaminación;Jornada a tiempo completo;Valor absoluto;2021T1;20,9
Mujeres;E Suministro de agua, actividades de saneamiento, gestión de residuos y descontaminación;Jornada a tiempo completo;Porcentaje;2023T4;81,1
Mujeres;E Suministro de agua, actividades de saneamiento, gestión de residuos y descontaminación;Jornada a tiempo completo;Porcentaje;2023T3;77,7
Mujeres;E Suministro de agua, actividades de saneamiento, gestión de residuos y descontaminación;Jornada a tiempo completo;Porcentaje;2023T2;80,9
Mujeres;E Suministro de agua, actividades de saneamiento, gestión de residuos y descontaminación;Jornada a tiempo completo;Porcentaje;2023T1;77
Mujeres;E Suministro de agua, actividades de saneamiento, gestión de residuos y descontaminación;Jornada a tiempo completo;Porcentaje;2022T4;70,6
Mujeres;E Suministro de agua, actividades de saneamiento, gestión de residuos y descontaminación;Jornada a tiempo completo;Porcentaje;2022T3;74,4
Mujeres;E Suministro de agua, actividades de saneamiento, gestión de residuos y descontaminación;Jornada a tiempo completo;Porcentaje;2022T2;85
Mujeres;E Suministro de agua, actividades de saneamiento, gestión de residuos y descontaminación;Jornada a tiempo completo;Porcentaje;2022T1;87
Mujeres;E Suministro de agua, actividades de saneamiento, gestión de residuos y descontaminación;Jornada a tiempo completo;Porcentaje;2021T4;89,5
Mujeres;E Suministro de agua, actividades de saneamiento, gestión de residuos y descontaminación;Jornada a tiempo completo;Porcentaje;2021T3;94
Mujeres;E Suministro de agua, actividades de saneamiento, gestión de residuos y descontaminación;Jornada a tiempo completo;Porcentaje;2021T2;95,1
Mujeres;E Suministro de agua, actividades de saneamiento, gestión de residuos y descontaminación;Jornada a tiempo completo;Porcentaje;2021T1;87,7
Mujeres;E Suministro de agua, actividades de saneamiento, gestión de residuos y descontaminación;Jornada a tiempo parcial;Valor absoluto;2023T4;5,6
Mujeres;E Suministro de agua, actividades de saneamiento, gestión de residuos y descontaminación;Jornada a tiempo parcial;Valor absoluto;2023T3;6,1
Mujeres;E Suministro de agua, actividades de saneamiento, gestión de residuos y descontaminación;Jornada a tiempo parcial;Valor absoluto;2023T2;5
Mujeres;E Suministro de agua, actividades de saneamiento, gestión de residuos y descontaminación;Jornada a tiempo parcial;Valor absoluto;2023T1;5,7
Mujeres;E Suministro de agua, actividades de saneamiento, gestión de residuos y descontaminación;Jornada a tiempo parcial;Valor absoluto;2022T4;7,1
Mujeres;E Suministro de agua, actividades de saneamiento, gestión de residuos y descontaminación;Jornada a tiempo parcial;Valor absoluto;2022T3;6,8
Mujeres;E Suministro de agua, actividades de saneamiento, gestión de residuos y descontaminación;Jornada a tiempo parcial;Valor absoluto;2022T2;3,3
Mujeres;E Suministro de agua, actividades de saneamiento, gestión de residuos y descontaminación;Jornada a tiempo parcial;Valor absoluto;2022T1;2,9
Mujeres;E Suministro de agua, actividades de saneamiento, gestión de residuos y descontaminación;Jornada a tiempo parcial;Valor absoluto;2021T4;2,7
Mujeres;E Suministro de agua, actividades de saneamiento, gestión de residuos y descontaminación;Jornada a tiempo parcial;Valor absoluto;2021T3;1,5
Mujeres;E Suministro de agua, actividades de saneamiento, gestión de residuos y descontaminación;Jornada a tiempo parcial;Valor absoluto;2021T2;1,1
Mujeres;E Suministro de agua, actividades de saneamiento, gestión de residuos y descontaminación;Jornada a tiempo parcial;Valor absoluto;2021T1;2,9
Mujeres;E Suministro de agua, actividades de saneamiento, gestión de residuos y descontaminación;Jornada a tiempo parcial;Porcentaje;2023T4;18,9
Mujeres;E Suministro de agua, actividades de saneamiento, gestión de residuos y descontaminación;Jornada a tiempo parcial;Porcentaje;2023T3;22,3
Mujeres;E Suministro de agua, actividades de saneamiento, gestión de residuos y descontaminación;Jornada a tiempo parcial;Porcentaje;2023T2;19,1
Mujeres;E Suministro de agua, actividades de saneamiento, gestión de residuos y descontaminación;Jornada a tiempo parcial;Porcentaje;2023T1;23
Mujeres;E Suministro de agua, actividades de saneamiento, gestión de residuos y descontaminación;Jornada a tiempo parcial;Porcentaje;2022T4;29,4
Mujeres;E Suministro de agua, actividades de saneamiento, gestión de residuos y descontaminación;Jornada a tiempo parcial;Porcentaje;2022T3;25,6
Mujeres;E Suministro de agua, actividades de saneamiento, gestión de residuos y descontaminación;Jornada a tiempo parcial;Porcentaje;2022T2;15
Mujeres;E Suministro de agua, actividades de saneamiento, gestión de residuos y descontaminación;Jornada a tiempo parcial;Porcentaje;2022T1;13
Mujeres;E Suministro de agua, actividades de saneamiento, gestión de residuos y descontaminación;Jornada a tiempo parcial;Porcentaje;2021T4;10,5
Mujeres;E Suministro de agua, actividades de saneamiento, gestión de residuos y descontaminación;Jornada a tiempo parcial;Porcentaje;2021T3;6
Mujeres;E Suministro de agua, actividades de saneamiento, gestión de residuos y descontaminación;Jornada a tiempo parcial;Porcentaje;2021T2;4,9
Mujeres;E Suministro de agua, actividades de saneamiento, gestión de residuos y descontaminación;Jornada a tiempo parcial;Porcentaje;2021T1;12,3
Mujeres;F Construcción;Total;Valor absoluto;2023T4;126,4
Mujeres;F Construcción;Total;Valor absoluto;2023T3;123,4
Mujeres;F Construcción;Total;Valor absoluto;2023T2;119
Mujeres;F Construcción;Total;Valor absoluto;2023T1;112,9
Mujeres;F Construcción;Total;Valor absoluto;2022T4;109,3
Mujeres;F Construcción;Total;Valor absoluto;2022T3;119,3
Mujeres;F Construcción;Total;Valor absoluto;2022T2;138,9
Mujeres;F Construcción;Total;Valor absoluto;2022T1;133,6
Mujeres;F Construcción;Total;Valor absoluto;2021T4;130,2
Mujeres;F Construcción;Total;Valor absoluto;2021T3;135
Mujeres;F Construcción;Total;Valor absoluto;2021T2;121,7
Mujeres;F Construcción;Total;Valor absoluto;2021T1;107,6
Mujeres;F Construcción;Total;Porcentaje;2023T4;100
Mujeres;F Construcción;Total;Porcentaje;2023T3;100
Mujeres;F Construcción;Total;Porcentaje;2023T2;100
Mujeres;F Construcción;Total;Porcentaje;2023T1;100
Mujeres;F Construcción;Total;Porcentaje;2022T4;100
Mujeres;F Construcción;Total;Porcentaje;2022T3;100
Mujeres;F Construcción;Total;Porcentaje;2022T2;100
Mujeres;F Construcción;Total;Porcentaje;2022T1;100
Mujeres;F Construcción;Total;Porcentaje;2021T4;100
Mujeres;F Construcción;Total;Porcentaje;2021T3;100
Mujeres;F Construcción;Total;Porcentaje;2021T2;100
Mujeres;F Construcción;Total;Porcentaje;2021T1;100
Mujeres;F Construcción;Jornada a tiempo completo;Valor absoluto;2023T4;104,4
Mujeres;F Construcción;Jornada a tiempo completo;Valor absoluto;2023T3;98,2
Mujeres;F Construcción;Jornada a tiempo completo;Valor absoluto;2023T2;96,5
Mujeres;F Construcción;Jornada a tiempo completo;Valor absoluto;2023T1;94,2
Mujeres;F Construcción;Jornada a tiempo completo;Valor absoluto;2022T4;89
Mujeres;F Construcción;Jornada a tiempo completo;Valor absoluto;2022T3;99,8
Mujeres;F Construcción;Jornada a tiempo completo;Valor absoluto;2022T2;112,2
Mujeres;F Construcción;Jornada a tiempo completo;Valor absoluto;2022T1;111,8
Mujeres;F Construcción;Jornada a tiempo completo;Valor absoluto;2021T4;109,5
Mujeres;F Construcción;Jornada a tiempo completo;Valor absoluto;2021T3;109,1
Mujeres;F Construcción;Jornada a tiempo completo;Valor absoluto;2021T2;91,9
Mujeres;F Construcción;Jornada a tiempo completo;Valor absoluto;2021T1;88,4
Mujeres;F Construcción;Jornada a tiempo completo;Porcentaje;2023T4;82,6
Mujeres;F Construcción;Jornada a tiempo completo;Porcentaje;2023T3;79,6
Mujeres;F Construcción;Jornada a tiempo completo;Porcentaje;2023T2;81
Mujeres;F Construcción;Jornada a tiempo completo;Porcentaje;2023T1;83,5
Mujeres;F Construcción;Jornada a tiempo completo;Porcentaje;2022T4;81,4
Mujeres;F Construcción;Jornada a tiempo completo;Porcentaje;2022T3;83,7
Mujeres;F Construcción;Jornada a tiempo completo;Porcentaje;2022T2;80,8
Mujeres;F Construcción;Jornada a tiempo completo;Porcentaje;2022T1;83,7
Mujeres;F Construcción;Jornada a tiempo completo;Porcentaje;2021T4;84
Mujeres;F Construcción;Jornada a tiempo completo;Porcentaje;2021T3;80,8
Mujeres;F Construcción;Jornada a tiempo completo;Porcentaje;2021T2;75,5
Mujeres;F Construcción;Jornada a tiempo completo;Porcentaje;2021T1;82,2
Mujeres;F Construcción;Jornada a tiempo parcial;Valor absoluto;2023T4;22
Mujeres;F Construcción;Jornada a tiempo parcial;Valor absoluto;2023T3;25,2
Mujeres;F Construcción;Jornada a tiempo parcial;Valor absoluto;2023T2;22,6
Mujeres;F Construcción;Jornada a tiempo parcial;Valor absoluto;2023T1;18,6
Mujeres;F Construcción;Jornada a tiempo parcial;Valor absoluto;2022T4;20,3
Mujeres;F Construcción;Jornada a tiempo parcial;Valor absoluto;2022T3;19,5
Mujeres;F Construcción;Jornada a tiempo parcial;Valor absoluto;2022T2;26,7
Mujeres;F Construcción;Jornada a tiempo parcial;Valor absoluto;2022T1;21,8
Mujeres;F Construcción;Jornada a tiempo parcial;Valor absoluto;2021T4;20,8
Mujeres;F Construcción;Jornada a tiempo parcial;Valor absoluto;2021T3;25,9
Mujeres;F Construcción;Jornada a tiempo parcial;Valor absoluto;2021T2;29,9
Mujeres;F Construcción;Jornada a tiempo parcial;Valor absoluto;2021T1;19,2
Mujeres;F Construcción;Jornada a tiempo parcial;Porcentaje;2023T4;17,4
Mujeres;F Construcción;Jornada a tiempo parcial;Porcentaje;2023T3;20,4
Mujeres;F Construcción;Jornada a tiempo parcial;Porcentaje;2023T2;19
Mujeres;F Construcción;Jornada a tiempo parcial;Porcentaje;2023T1;16,5
Mujeres;F Construcción;Jornada a tiempo parcial;Porcentaje;2022T4;18,6
Mujeres;F Construcción;Jornada a tiempo parcial;Porcentaje;2022T3;16,3
Mujeres;F Construcción;Jornada a tiempo parcial;Porcentaje;2022T2;19,2
Mujeres;F Construcción;Jornada a tiempo parcial;Porcentaje;2022T1;16,3
Mujeres;F Construcción;Jornada a tiempo parcial;Porcentaje;2021T4;16
Mujeres;F Construcción;Jornada a tiempo parcial;Porcentaje;2021T3;19,2
Mujeres;F Construcción;Jornada a tiempo parcial;Porcentaje;2021T2;24,5
Mujeres;F Construcción;Jornada a tiempo parcial;Porcentaje;2021T1;17,8
Mujeres;G Comercio al por mayor y al por menor, reparación de vehículos de motor y motocicletas;Total;Valor absoluto;2023T4;1.542,9
Mujeres;G Comercio al por mayor y al por menor, reparación de vehículos de motor y motocicletas;Total;Valor absoluto;2023T3;1.585,6
Mujeres;G Comercio al por mayor y al por menor, reparación de vehículos de motor y motocicletas;Total;Valor absoluto;2023T2;1.546
Mujeres;G Comercio al por mayor y al por menor, reparación de vehículos de motor y motocicletas;Total;Valor absoluto;2023T1;1.556,8
Mujeres;G Comercio al por mayor y al por menor, reparación de vehículos de motor y motocicletas;Total;Valor absoluto;2022T4;1.538,2
Mujeres;G Comercio al por mayor y al por menor, reparación de vehículos de motor y motocicletas;Total;Valor absoluto;2022T3;1.487,5
Mujeres;G Comercio al por mayor y al por menor, reparación de vehículos de motor y motocicletas;Total;Valor absoluto;2022T2;1.469,9
Mujeres;G Comercio al por mayor y al por menor, reparación de vehículos de motor y motocicletas;Total;Valor absoluto;2022T1;1.447,8
Mujeres;G Comercio al por mayor y al por menor, reparación de vehículos de motor y motocicletas;Total;Valor absoluto;2021T4;1.485,6
Mujeres;G Comercio al por mayor y al por menor, reparación de vehículos de motor y motocicletas;Total;Valor absoluto;2021T3;1.476,6
Mujeres;G Comercio al por mayor y al por menor, reparación de vehículos de motor y motocicletas;Total;Valor absoluto;2021T2;1.437,5
Mujeres;G Comercio al por mayor y al por menor, reparación de vehículos de motor y motocicletas;Total;Valor absoluto;2021T1;1.455,3
Mujeres;G Comercio al por mayor y al por menor, reparación de vehículos de motor y motocicletas;Total;Porcentaje;2023T4;100
Mujeres;G Comercio al por mayor y al por menor, reparación de vehículos de motor y motocicletas;Total;Porcentaje;2023T3;100
Mujeres;G Comercio al por mayor y al por menor, reparación de vehículos de motor y motocicletas;Total;Porcentaje;2023T2;100
Mujeres;G Comercio al por mayor y al por menor, reparación de vehículos de motor y motocicletas;Total;Porcentaje;2023T1;100
Mujeres;G Comercio al por mayor y al por menor, reparación de vehículos de motor y motocicletas;Total;Porcentaje;2022T4;100
Mujeres;G Comercio al por mayor y al por menor, reparación de vehículos de motor y motocicletas;Total;Porcentaje;2022T3;100
Mujeres;G Comercio al por mayor y al por menor, reparación de vehículos de motor y motocicletas;Total;Porcentaje;2022T2;100
Mujeres;G Comercio al por mayor y al por menor, reparación de vehículos de motor y motocicletas;Total;Porcentaje;2022T1;100
Mujeres;G Comercio al por mayor y al por menor, reparación de vehículos de motor y motocicletas;Total;Porcentaje;2021T4;100
Mujeres;G Comercio al por mayor y al por menor, reparación de vehículos de motor y motocicletas;Total;Porcentaje;2021T3;100
Mujeres;G Comercio al por mayor y al por menor, reparación de vehículos de motor y motocicletas;Total;Porcentaje;2021T2;100
Mujeres;G Comercio al por mayor y al por menor, reparación de vehículos de motor y motocicletas;Total;Porcentaje;2021T1;100
Mujeres;G Comercio al por mayor y al por menor, reparación de vehículos de motor y motocicletas;Jornada a tiempo completo;Valor absoluto;2023T4;1.190,3
Mujeres;G Comercio al por mayor y al por menor, reparación de vehículos de motor y motocicletas;Jornada a tiempo completo;Valor absoluto;2023T3;1.203,1
Mujeres;G Comercio al por mayor y al por menor, reparación de vehículos de motor y motocicletas;Jornada a tiempo completo;Valor absoluto;2023T2;1.198,7
Mujeres;G Comercio al por mayor y al por menor, reparación de vehículos de motor y motocicletas;Jornada a tiempo completo;Valor absoluto;2023T1;1.191,9
Mujeres;G Comercio al por mayor y al por menor, reparación de vehículos de motor y motocicletas;Jornada a tiempo completo;Valor absoluto;2022T4;1.164,2
Mujeres;G Comercio al por mayor y al por menor, reparación de vehículos de motor y motocicletas;Jornada a tiempo completo;Valor absoluto;2022T3;1.150,7
Mujeres;G Comercio al por mayor y al por menor, reparación de vehículos de motor y motocicletas;Jornada a tiempo completo;Valor absoluto;2022T2;1.114,9
Mujeres;G Comercio al por mayor y al por menor, reparación de vehículos de motor y motocicletas;Jornada a tiempo completo;Valor absoluto;2022T1;1.098,5
Mujeres;G Comercio al por mayor y al por menor, reparación de vehículos de motor y motocicletas;Jornada a tiempo completo;Valor absoluto;2021T4;1.132,6
Mujeres;G Comercio al por mayor y al por menor, reparación de vehículos de motor y motocicletas;Jornada a tiempo completo;Valor absoluto;2021T3;1.105,2
Mujeres;G Comercio al por mayor y al por menor, reparación de vehículos de motor y motocicletas;Jornada a tiempo completo;Valor absoluto;2021T2;1.077,6
Mujeres;G Comercio al por mayor y al por menor, reparación de vehículos de motor y motocicletas;Jornada a tiempo completo;Valor absoluto;2021T1;1.090,5
Mujeres;G Comercio al por mayor y al por menor, reparación de vehículos de motor y motocicletas;Jornada a tiempo completo;Porcentaje;2023T4;77,1
Mujeres;G Comercio al por mayor y al por menor, reparación de vehículos de motor y motocicletas;Jornada a tiempo completo;Porcentaje;2023T3;75,9
Mujeres;G Comercio al por mayor y al por menor, reparación de vehículos de motor y motocicletas;Jornada a tiempo completo;Porcentaje;2023T2;77,5
Mujeres;G Comercio al por mayor y al por menor, reparación de vehículos de motor y motocicletas;Jornada a tiempo completo;Porcentaje;2023T1;76,6
Mujeres;G Comercio al por mayor y al por menor, reparación de vehículos de motor y motocicletas;Jornada a tiempo completo;Porcentaje;2022T4;75,7
Mujeres;G Comercio al por mayor y al por menor, reparación de vehículos de motor y motocicletas;Jornada a tiempo completo;Porcentaje;2022T3;77,4
Mujeres;G Comercio al por mayor y al por menor, reparación de vehículos de motor y motocicletas;Jornada a tiempo completo;Porcentaje;2022T2;75,8
Mujeres;G Comercio al por mayor y al por menor, reparación de vehículos de motor y motocicletas;Jornada a tiempo completo;Porcentaje;2022T1;75,9
Mujeres;G Comercio al por mayor y al por menor, reparación de vehículos de motor y motocicletas;Jornada a tiempo completo;Porcentaje;2021T4;76,2
Mujeres;G Comercio al por mayor y al por menor, reparación de vehículos de motor y motocicletas;Jornada a tiempo completo;Porcentaje;2021T3;74,8
Mujeres;G Comercio al por mayor y al por menor, reparación de vehículos de motor y motocicletas;Jornada a tiempo completo;Porcentaje;2021T2;75
Mujeres;G Comercio al por mayor y al por menor, reparación de vehículos de motor y motocicletas;Jornada a tiempo completo;Porcentaje;2021T1;74,9
Mujeres;G Comercio al por mayor y al por menor, reparación de vehículos de motor y motocicletas;Jornada a tiempo parcial;Valor absoluto;2023T4;352,6
Mujeres;G Comercio al por mayor y al por menor, reparación de vehículos de motor y motocicletas;Jornada a tiempo parcial;Valor absoluto;2023T3;382,5
Mujeres;G Comercio al por mayor y al por menor, reparación de vehículos de motor y motocicletas;Jornada a tiempo parcial;Valor absoluto;2023T2;347,3
Mujeres;G Comercio al por mayor y al por menor, reparación de vehículos de motor y motocicletas;Jornada a tiempo parcial;Valor absoluto;2023T1;364,9
Mujeres;G Comercio al por mayor y al por menor, reparación de vehículos de motor y motocicletas;Jornada a tiempo parcial;Valor absoluto;2022T4;374
Mujeres;G Comercio al por mayor y al por menor, reparación de vehículos de motor y motocicletas;Jornada a tiempo parcial;Valor absoluto;2022T3;336,8
Mujeres;G Comercio al por mayor y al por menor, reparación de vehículos de motor y motocicletas;Jornada a tiempo parcial;Valor absoluto;2022T2;355
Mujeres;G Comercio al por mayor y al por menor, reparación de vehículos de motor y motocicletas;Jornada a tiempo parcial;Valor absoluto;2022T1;349,3
Mujeres;G Comercio al por mayor y al por menor, reparación de vehículos de motor y motocicletas;Jornada a tiempo parcial;Valor absoluto;2021T4;352,9
Mujeres;G Comercio al por mayor y al por menor, reparación de vehículos de motor y motocicletas;Jornada a tiempo parcial;Valor absoluto;2021T3;371,4
Mujeres;G Comercio al por mayor y al por menor, reparación de vehículos de motor y motocicletas;Jornada a tiempo parcial;Valor absoluto;2021T2;359,8
Mujeres;G Comercio al por mayor y al por menor, reparación de vehículos de motor y motocicletas;Jornada a tiempo parcial;Valor absoluto;2021T1;364,8
Mujeres;G Comercio al por mayor y al por menor, reparación de vehículos de motor y motocicletas;Jornada a tiempo parcial;Porcentaje;2023T4;22,9
Mujeres;G Comercio al por mayor y al por menor, reparación de vehículos de motor y motocicletas;Jornada a tiempo parcial;Porcentaje;2023T3;24,1
Mujeres;G Comercio al por mayor y al por menor, reparación de vehículos de motor y motocicletas;Jornada a tiempo parcial;Porcentaje;2023T2;22,5
Mujeres;G Comercio al por mayor y al por menor, reparación de vehículos de motor y motocicletas;Jornada a tiempo parcial;Porcentaje;2023T1;23,4
Mujeres;G Comercio al por mayor y al por menor, reparación de vehículos de motor y motocicletas;Jornada a tiempo parcial;Porcentaje;2022T4;24,3
Mujeres;G Comercio al por mayor y al por menor, reparación de vehículos de motor y motocicletas;Jornada a tiempo parcial;Porcentaje;2022T3;22,6
Mujeres;G Comercio al por mayor y al por menor, reparación de vehículos de motor y motocicletas;Jornada a tiempo parcial;Porcentaje;2022T2;24,2
Mujeres;G Comercio al por mayor y al por menor, reparación de vehículos de motor y motocicletas;Jornada a tiempo parcial;Porcentaje;2022T1;24,1
Mujeres;G Comercio al por mayor y al por menor, reparación de vehículos de motor y motocicletas;Jornada a tiempo parcial;Porcentaje;2021T4;23,8
Mujeres;G Comercio al por mayor y al por menor, reparación de vehículos de motor y motocicletas;Jornada a tiempo parcial;Porcentaje;2021T3;25,2
Mujeres;G Comercio al por mayor y al por menor, reparación de vehículos de motor y motocicletas;Jornada a tiempo parcial;Porcentaje;2021T2;25
Mujeres;G Comercio al por mayor y al por menor, reparación de vehículos de motor y motocicletas;Jornada a tiempo parcial;Porcentaje;2021T1;25,1
Mujeres;H Transporte y almacenamiento;Total;Valor absoluto;2023T4;262
Mujeres;H Transporte y almacenamiento;Total;Valor absoluto;2023T3;269,8
Mujeres;H Transporte y almacenamiento;Total;Valor absoluto;2023T2;247,5
Mujeres;H Transporte y almacenamiento;Total;Valor absoluto;2023T1;257,4
Mujeres;H Transporte y almacenamiento;Total;Valor absoluto;2022T4;248,7
Mujeres;H Transporte y almacenamiento;Total;Valor absoluto;2022T3;224,3
Mujeres;H Transporte y almacenamiento;Total;Valor absoluto;2022T2;220,2
Mujeres;H Transporte y almacenamiento;Total;Valor absoluto;2022T1;222,6
Mujeres;H Transporte y almacenamiento;Total;Valor absoluto;2021T4;219,3
Mujeres;H Transporte y almacenamiento;Total;Valor absoluto;2021T3;205,5
Mujeres;H Transporte y almacenamiento;Total;Valor absoluto;2021T2;212
Mujeres;H Transporte y almacenamiento;Total;Valor absoluto;2021T1;214,1
Mujeres;H Transporte y almacenamiento;Total;Porcentaje;2023T4;100
Mujeres;H Transporte y almacenamiento;Total;Porcentaje;2023T3;100
Mujeres;H Transporte y almacenamiento;Total;Porcentaje;2023T2;100
Mujeres;H Transporte y almacenamiento;Total;Porcentaje;2023T1;100
Mujeres;H Transporte y almacenamiento;Total;Porcentaje;2022T4;100
Mujeres;H Transporte y almacenamiento;Total;Porcentaje;2022T3;100
Mujeres;H Transporte y almacenamiento;Total;Porcentaje;2022T2;100
Mujeres;H Transporte y almacenamiento;Total;Porcentaje;2022T1;100
Mujeres;H Transporte y almacenamiento;Total;Porcentaje;2021T4;100
Mujeres;H Transporte y almacenamiento;Total;Porcentaje;2021T3;100
Mujeres;H Transporte y almacenamiento;Total;Porcentaje;2021T2;100
Mujeres;H Transporte y almacenamiento;Total;Porcentaje;2021T1;100
Mujeres;H Transporte y almacenamiento;Jornada a tiempo completo;Valor absoluto;2023T4;220,7
Mujeres;H Transporte y almacenamiento;Jornada a tiempo completo;Valor absoluto;2023T3;232,2
Mujeres;H Transporte y almacenamiento;Jornada a tiempo completo;Valor absoluto;2023T2;199,6
Mujeres;H Transporte y almacenamiento;Jornada a tiempo completo;Valor absoluto;2023T1;212,4
Mujeres;H Transporte y almacenamiento;Jornada a tiempo completo;Valor absoluto;2022T4;199
Mujeres;H Transporte y almacenamiento;Jornada a tiempo completo;Valor absoluto;2022T3;187,3
Mujeres;H Transporte y almacenamiento;Jornada a tiempo completo;Valor absoluto;2022T2;174,6
Mujeres;H Transporte y almacenamiento;Jornada a tiempo completo;Valor absoluto;2022T1;182,2
Mujeres;H Transporte y almacenamiento;Jornada a tiempo completo;Valor absoluto;2021T4;176,8
Mujeres;H Transporte y almacenamiento;Jornada a tiempo completo;Valor absoluto;2021T3;175,1
Mujeres;H Transporte y almacenamiento;Jornada a tiempo completo;Valor absoluto;2021T2;171,1
Mujeres;H Transporte y almacenamiento;Jornada a tiempo completo;Valor absoluto;2021T1;172,9
Mujeres;H Transporte y almacenamiento;Jornada a tiempo completo;Porcentaje;2023T4;84,2
Mujeres;H Transporte y almacenamiento;Jornada a tiempo completo;Porcentaje;2023T3;86,1
Mujeres;H Transporte y almacenamiento;Jornada a tiempo completo;Porcentaje;2023T2;80,6
Mujeres;H Transporte y almacenamiento;Jornada a tiempo completo;Porcentaje;2023T1;82,5
Mujeres;H Transporte y almacenamiento;Jornada a tiempo completo;Porcentaje;2022T4;80
Mujeres;H Transporte y almacenamiento;Jornada a tiempo completo;Porcentaje;2022T3;83,5
Mujeres;H Transporte y almacenamiento;Jornada a tiempo completo;Porcentaje;2022T2;79,3
Mujeres;H Transporte y almacenamiento;Jornada a tiempo completo;Porcentaje;2022T1;81,8
Mujeres;H Transporte y almacenamiento;Jornada a tiempo completo;Porcentaje;2021T4;80,6
Mujeres;H Transporte y almacenamiento;Jornada a tiempo completo;Porcentaje;2021T3;85,2
Mujeres;H Transporte y almacenamiento;Jornada a tiempo completo;Porcentaje;2021T2;80,7
Mujeres;H Transporte y almacenamiento;Jornada a tiempo completo;Porcentaje;2021T1;80,8
Mujeres;H Transporte y almacenamiento;Jornada a tiempo parcial;Valor absoluto;2023T4;41,3
Mujeres;H Transporte y almacenamiento;Jornada a tiempo parcial;Valor absoluto;2023T3;37,6
Mujeres;H Transporte y almacenamiento;Jornada a tiempo parcial;Valor absoluto;2023T2;47,9
Mujeres;H Transporte y almacenamiento;Jornada a tiempo parcial;Valor absoluto;2023T1;45
Mujeres;H Transporte y almacenamiento;Jornada a tiempo parcial;Valor absoluto;2022T4;49,6
Mujeres;H Transporte y almacenamiento;Jornada a tiempo parcial;Valor absoluto;2022T3;37
Mujeres;H Transporte y almacenamiento;Jornada a tiempo parcial;Valor absoluto;2022T2;45,6
Mujeres;H Transporte y almacenamiento;Jornada a tiempo parcial;Valor absoluto;2022T1;40,4
Mujeres;H Transporte y almacenamiento;Jornada a tiempo parcial;Valor absoluto;2021T4;42,5
Mujeres;H Transporte y almacenamiento;Jornada a tiempo parcial;Valor absoluto;2021T3;30,4
Mujeres;H Transporte y almacenamiento;Jornada a tiempo parcial;Valor absoluto;2021T2;40,9
Mujeres;H Transporte y almacenamiento;Jornada a tiempo parcial;Valor absoluto;2021T1;41,2
Mujeres;H Transporte y almacenamiento;Jornada a tiempo parcial;Porcentaje;2023T4;15,8
Mujeres;H Transporte y almacenamiento;Jornada a tiempo parcial;Porcentaje;2023T3;13,9
Mujeres;H Transporte y almacenamiento;Jornada a tiempo parcial;Porcentaje;2023T2;19,4
Mujeres;H Transporte y almacenamiento;Jornada a tiempo parcial;Porcentaje;2023T1;17,5
Mujeres;H Transporte y almacenamiento;Jornada a tiempo parcial;Porcentaje;2022T4;20
Mujeres;H Transporte y almacenamiento;Jornada a tiempo parcial;Porcentaje;2022T3;16,5
Mujeres;H Transporte y almacenamiento;Jornada a tiempo parcial;Porcentaje;2022T2;20,7
Mujeres;H Transporte y almacenamiento;Jornada a tiempo parcial;Porcentaje;2022T1;18,2
Mujeres;H Transporte y almacenamiento;Jornada a tiempo parcial;Porcentaje;2021T4;19,4
Mujeres;H Transporte y almacenamiento;Jornada a tiempo parcial;Porcentaje;2021T3;14,8
Mujeres;H Transporte y almacenamiento;Jornada a tiempo parcial;Porcentaje;2021T2;19,3
Mujeres;H Transporte y almacenamiento;Jornada a tiempo parcial;Porcentaje;2021T1;19,2
Mujeres;I Hostelería;Total;Valor absoluto;2023T4;919
Mujeres;I Hostelería;Total;Valor absoluto;2023T3;1.006,2
Mujeres;I Hostelería;Total;Valor absoluto;2023T2;998,5
Mujeres;I Hostelería;Total;Valor absoluto;2023T1;833,7
Mujeres;I Hostelería;Total;Valor absoluto;2022T4;849,4
Mujeres;I Hostelería;Total;Valor absoluto;2022T3;897,3
Mujeres;I Hostelería;Total;Valor absoluto;2022T2;914,5
Mujeres;I Hostelería;Total;Valor absoluto;2022T1;815
Mujeres;I Hostelería;Total;Valor absoluto;2021T4;824
Mujeres;I Hostelería;Total;Valor absoluto;2021T3;872,6
Mujeres;I Hostelería;Total;Valor absoluto;2021T2;761,2
Mujeres;I Hostelería;Total;Valor absoluto;2021T1;647,5
Mujeres;I Hostelería;Total;Porcentaje;2023T4;100
Mujeres;I Hostelería;Total;Porcentaje;2023T3;100
Mujeres;I Hostelería;Total;Porcentaje;2023T2;100
Mujeres;I Hostelería;Total;Porcentaje;2023T1;100
Mujeres;I Hostelería;Total;Porcentaje;2022T4;100
Mujeres;I Hostelería;Total;Porcentaje;2022T3;100
Mujeres;I Hostelería;Total;Porcentaje;2022T2;100
Mujeres;I Hostelería;Total;Porcentaje;2022T1;100
Mujeres;I Hostelería;Total;Porcentaje;2021T4;100
Mujeres;I Hostelería;Total;Porcentaje;2021T3;100
Mujeres;I Hostelería;Total;Porcentaje;2021T2;100
Mujeres;I Hostelería;Total;Porcentaje;2021T1;100
Mujeres;I Hostelería;Jornada a tiempo completo;Valor absoluto;2023T4;635,5
Mujeres;I Hostelería;Jornada a tiempo completo;Valor absoluto;2023T3;749,3
Mujeres;I Hostelería;Jornada a tiempo completo;Valor absoluto;2023T2;721,9
Mujeres;I Hostelería;Jornada a tiempo completo;Valor absoluto;2023T1;577,2
Mujeres;I Hostelería;Jornada a tiempo completo;Valor absoluto;2022T4;594,2
Mujeres;I Hostelería;Jornada a tiempo completo;Valor absoluto;2022T3;666,5
Mujeres;I Hostelería;Jornada a tiempo completo;Valor absoluto;2022T2;620,8
Mujeres;I Hostelería;Jornada a tiempo completo;Valor absoluto;2022T1;528,9
Mujeres;I Hostelería;Jornada a tiempo completo;Valor absoluto;2021T4;516,9
Mujeres;I Hostelería;Jornada a tiempo completo;Valor absoluto;2021T3;605
Mujeres;I Hostelería;Jornada a tiempo completo;Valor absoluto;2021T2;486,5
Mujeres;I Hostelería;Jornada a tiempo completo;Valor absoluto;2021T1;420,5
Mujeres;I Hostelería;Jornada a tiempo completo;Porcentaje;2023T4;69,2
Mujeres;I Hostelería;Jornada a tiempo completo;Porcentaje;2023T3;74,5
Mujeres;I Hostelería;Jornada a tiempo completo;Porcentaje;2023T2;72,3
Mujeres;I Hostelería;Jornada a tiempo completo;Porcentaje;2023T1;69,2
Mujeres;I Hostelería;Jornada a tiempo completo;Porcentaje;2022T4;70
Mujeres;I Hostelería;Jornada a tiempo completo;Porcentaje;2022T3;74,3
Mujeres;I Hostelería;Jornada a tiempo completo;Porcentaje;2022T2;67,9
Mujeres;I Hostelería;Jornada a tiempo completo;Porcentaje;2022T1;64,9
Mujeres;I Hostelería;Jornada a tiempo completo;Porcentaje;2021T4;62,7
Mujeres;I Hostelería;Jornada a tiempo completo;Porcentaje;2021T3;69,3
Mujeres;I Hostelería;Jornada a tiempo completo;Porcentaje;2021T2;63,9
Mujeres;I Hostelería;Jornada a tiempo completo;Porcentaje;2021T1;64,9
Mujeres;I Hostelería;Jornada a tiempo parcial;Valor absoluto;2023T4;283,5
Mujeres;I Hostelería;Jornada a tiempo parcial;Valor absoluto;2023T3;256,9
Mujeres;I Hostelería;Jornada a tiempo parcial;Valor absoluto;2023T2;276,6
Mujeres;I Hostelería;Jornada a tiempo parcial;Valor absoluto;2023T1;256,5
Mujeres;I Hostelería;Jornada a tiempo parcial;Valor absoluto;2022T4;255,2
Mujeres;I Hostelería;Jornada a tiempo parcial;Valor absoluto;2022T3;230,7
Mujeres;I Hostelería;Jornada a tiempo parcial;Valor absoluto;2022T2;293,7
Mujeres;I Hostelería;Jornada a tiempo parcial;Valor absoluto;2022T1;286,1
Mujeres;I Hostelería;Jornada a tiempo parcial;Valor absoluto;2021T4;307,1
Mujeres;I Hostelería;Jornada a tiempo parcial;Valor absoluto;2021T3;267,6
Mujeres;I Hostelería;Jornada a tiempo parcial;Valor absoluto;2021T2;274,8
Mujeres;I Hostelería;Jornada a tiempo parcial;Valor absoluto;2021T1;227
Mujeres;I Hostelería;Jornada a tiempo parcial;Porcentaje;2023T4;30,8
Mujeres;I Hostelería;Jornada a tiempo parcial;Porcentaje;2023T3;25,5
Mujeres;I Hostelería;Jornada a tiempo parcial;Porcentaje;2023T2;27,7
Mujeres;I Hostelería;Jornada a tiempo parcial;Porcentaje;2023T1;30,8
Mujeres;I Hostelería;Jornada a tiempo parcial;Porcentaje;2022T4;30
Mujeres;I Hostelería;Jornada a tiempo parcial;Porcentaje;2022T3;25,7
Mujeres;I Hostelería;Jornada a tiempo parcial;Porcentaje;2022T2;32,1
Mujeres;I Hostelería;Jornada a tiempo parcial;Porcentaje;2022T1;35,1
Mujeres;I Hostelería;Jornada a tiempo parcial;Porcentaje;2021T4;37,3
Mujeres;I Hostelería;Jornada a tiempo parcial;Porcentaje;2021T3;30,7
Mujeres;I Hostelería;Jornada a tiempo parcial;Porcentaje;2021T2;36,1
Mujeres;I Hostelería;Jornada a tiempo parcial;Porcentaje;2021T1;35,1
Mujeres;J Información y comunicaciones;Total;Valor absoluto;2023T4;228,5
Mujeres;J Información y comunicaciones;Total;Valor absoluto;2023T3;228,8
Mujeres;J Información y comunicaciones;Total;Valor absoluto;2023T2;239,6
Mujeres;J Información y comunicaciones;Total;Valor absoluto;2023T1;217,3
Mujeres;J Información y comunicaciones;Total;Valor absoluto;2022T4;211
Mujeres;J Información y comunicaciones;Total;Valor absoluto;2022T3;230,5
Mujeres;J Información y comunicaciones;Total;Valor absoluto;2022T2;229,6
Mujeres;J Información y comunicaciones;Total;Valor absoluto;2022T1;210,9
Mujeres;J Información y comunicaciones;Total;Valor absoluto;2021T4;206,6
Mujeres;J Información y comunicaciones;Total;Valor absoluto;2021T3;223,3
Mujeres;J Información y comunicaciones;Total;Valor absoluto;2021T2;201,1
Mujeres;J Información y comunicaciones;Total;Valor absoluto;2021T1;201,1
Mujeres;J Información y comunicaciones;Total;Porcentaje;2023T4;100
Mujeres;J Información y comunicaciones;Total;Porcentaje;2023T3;100
Mujeres;J Información y comunicaciones;Total;Porcentaje;2023T2;100
Mujeres;J Información y comunicaciones;Total;Porcentaje;2023T1;100
Mujeres;J Información y comunicaciones;Total;Porcentaje;2022T4;100
Mujeres;J Información y comunicaciones;Total;Porcentaje;2022T3;100
Mujeres;J Información y comunicaciones;Total;Porcentaje;2022T2;100
Mujeres;J Información y comunicaciones;Total;Porcentaje;2022T1;100
Mujeres;J Información y comunicaciones;Total;Porcentaje;2021T4;100
Mujeres;J Información y comunicaciones;Total;Porcentaje;2021T3;100
Mujeres;J Información y comunicaciones;Total;Porcentaje;2021T2;100
Mujeres;J Información y comunicaciones;Total;Porcentaje;2021T1;100
Mujeres;J Información y comunicaciones;Jornada a tiempo completo;Valor absoluto;2023T4;207,8
Mujeres;J Información y comunicaciones;Jornada a tiempo completo;Valor absoluto;2023T3;207
Mujeres;J Información y comunicaciones;Jornada a tiempo completo;Valor absoluto;2023T2;214
Mujeres;J Información y comunicaciones;Jornada a tiempo completo;Valor absoluto;2023T1;193,4
Mujeres;J Información y comunicaciones;Jornada a tiempo completo;Valor absoluto;2022T4;185,6
Mujeres;J Información y comunicaciones;Jornada a tiempo completo;Valor absoluto;2022T3;202
Mujeres;J Información y comunicaciones;Jornada a tiempo completo;Valor absoluto;2022T2;206
Mujeres;J Información y comunicaciones;Jornada a tiempo completo;Valor absoluto;2022T1;187,5
Mujeres;J Información y comunicaciones;Jornada a tiempo completo;Valor absoluto;2021T4;179,5
Mujeres;J Información y comunicaciones;Jornada a tiempo completo;Valor absoluto;2021T3;202
Mujeres;J Información y comunicaciones;Jornada a tiempo completo;Valor absoluto;2021T2;178,3
Mujeres;J Información y comunicaciones;Jornada a tiempo completo;Valor absoluto;2021T1;176,1
Mujeres;J Información y comunicaciones;Jornada a tiempo completo;Porcentaje;2023T4;90,9
Mujeres;J Información y comunicaciones;Jornada a tiempo completo;Porcentaje;2023T3;90,5
Mujeres;J Información y comunicaciones;Jornada a tiempo completo;Porcentaje;2023T2;89,3
Mujeres;J Información y comunicaciones;Jornada a tiempo completo;Porcentaje;2023T1;89
Mujeres;J Información y comunicaciones;Jornada a tiempo completo;Porcentaje;2022T4;87,9
Mujeres;J Información y comunicaciones;Jornada a tiempo completo;Porcentaje;2022T3;87,6
Mujeres;J Información y comunicaciones;Jornada a tiempo completo;Porcentaje;2022T2;89,7
Mujeres;J Información y comunicaciones;Jornada a tiempo completo;Porcentaje;2022T1;88,9
Mujeres;J Información y comunicaciones;Jornada a tiempo completo;Porcentaje;2021T4;86,9
Mujeres;J Información y comunicaciones;Jornada a tiempo completo;Porcentaje;2021T3;90,5
Mujeres;J Información y comunicaciones;Jornada a tiempo completo;Porcentaje;2021T2;88,7
Mujeres;J Información y comunicaciones;Jornada a tiempo completo;Porcentaje;2021T1;87,6
Mujeres;J Información y comunicaciones;Jornada a tiempo parcial;Valor absoluto;2023T4;20,7
Mujeres;J Información y comunicaciones;Jornada a tiempo parcial;Valor absoluto;2023T3;21,8
Mujeres;J Información y comunicaciones;Jornada a tiempo parcial;Valor absoluto;2023T2;25,7
Mujeres;J Información y comunicaciones;Jornada a tiempo parcial;Valor absoluto;2023T1;23,9
Mujeres;J Información y comunicaciones;Jornada a tiempo parcial;Valor absoluto;2022T4;25,5
Mujeres;J Información y comunicaciones;Jornada a tiempo parcial;Valor absoluto;2022T3;28,5
Mujeres;J Información y comunicaciones;Jornada a tiempo parcial;Valor absoluto;2022T2;23,6
Mujeres;J Información y comunicaciones;Jornada a tiempo parcial;Valor absoluto;2022T1;23,4
Mujeres;J Información y comunicaciones;Jornada a tiempo parcial;Valor absoluto;2021T4;27,1
Mujeres;J Información y comunicaciones;Jornada a tiempo parcial;Valor absoluto;2021T3;21,3
Mujeres;J Información y comunicaciones;Jornada a tiempo parcial;Valor absoluto;2021T2;22,8
Mujeres;J Información y comunicaciones;Jornada a tiempo parcial;Valor absoluto;2021T1;24,9
Mujeres;J Información y comunicaciones;Jornada a tiempo parcial;Porcentaje;2023T4;9,1
Mujeres;J Información y comunicaciones;Jornada a tiempo parcial;Porcentaje;2023T3;9,5
Mujeres;J Información y comunicaciones;Jornada a tiempo parcial;Porcentaje;2023T2;10,7
Mujeres;J Información y comunicaciones;Jornada a tiempo parcial;Porcentaje;2023T1;11
Mujeres;J Información y comunicaciones;Jornada a tiempo parcial;Porcentaje;2022T4;12,1
Mujeres;J Información y comunicaciones;Jornada a tiempo parcial;Porcentaje;2022T3;12,4
Mujeres;J Información y comunicaciones;Jornada a tiempo parcial;Porcentaje;2022T2;10,3
Mujeres;J Información y comunicaciones;Jornada a tiempo parcial;Porcentaje;2022T1;11,1
Mujeres;J Información y comunicaciones;Jornada a tiempo parcial;Porcentaje;2021T4;13,1
Mujeres;J Información y comunicaciones;Jornada a tiempo parcial;Porcentaje;2021T3;9,5
Mujeres;J Información y comunicaciones;Jornada a tiempo parcial;Porcentaje;2021T2;11,3
Mujeres;J Información y comunicaciones;Jornada a tiempo parcial;Porcentaje;2021T1;12,4
Mujeres;K Actividades financieras y de seguros;Total;Valor absoluto;2023T4;256,6
Mujeres;K Actividades financieras y de seguros;Total;Valor absoluto;2023T3;242,3
Mujeres;K Actividades financieras y de seguros;Total;Valor absoluto;2023T2;244
Mujeres;K Actividades financieras y de seguros;Total;Valor absoluto;2023T1;239,4
Mujeres;K Actividades financieras y de seguros;Total;Valor absoluto;2022T4;261,4
Mujeres;K Actividades financieras y de seguros;Total;Valor absoluto;2022T3;253
Mujeres;K Actividades financieras y de seguros;Total;Valor absoluto;2022T2;250,5
Mujeres;K Actividades financieras y de seguros;Total;Valor absoluto;2022T1;236,8
Mujeres;K Actividades financieras y de seguros;Total;Valor absoluto;2021T4;263,6
Mujeres;K Actividades financieras y de seguros;Total;Valor absoluto;2021T3;250,3
Mujeres;K Actividades financieras y de seguros;Total;Valor absoluto;2021T2;251,2
Mujeres;K Actividades financieras y de seguros;Total;Valor absoluto;2021T1;247,5
Mujeres;K Actividades financieras y de seguros;Total;Porcentaje;2023T4;100
Mujeres;K Actividades financieras y de seguros;Total;Porcentaje;2023T3;100
Mujeres;K Actividades financieras y de seguros;Total;Porcentaje;2023T2;100
Mujeres;K Actividades financieras y de seguros;Total;Porcentaje;2023T1;100
Mujeres;K Actividades financieras y de seguros;Total;Porcentaje;2022T4;100
Mujeres;K Actividades financieras y de seguros;Total;Porcentaje;2022T3;100
Mujeres;K Actividades financieras y de seguros;Total;Porcentaje;2022T2;100
Mujeres;K Actividades financieras y de seguros;Total;Porcentaje;2022T1;100
Mujeres;K Actividades financieras y de seguros;Total;Porcentaje;2021T4;100
Mujeres;K Actividades financieras y de seguros;Total;Porcentaje;2021T3;100
Mujeres;K Actividades financieras y de seguros;Total;Porcentaje;2021T2;100
Mujeres;K Actividades financieras y de seguros;Total;Porcentaje;2021T1;100
Mujeres;K Actividades financieras y de seguros;Jornada a tiempo completo;Valor absoluto;2023T4;234
Mujeres;K Actividades financieras y de seguros;Jornada a tiempo completo;Valor absoluto;2023T3;220,1
Mujeres;K Actividades financieras y de seguros;Jornada a tiempo completo;Valor absoluto;2023T2;224,1
Mujeres;K Actividades financieras y de seguros;Jornada a tiempo completo;Valor absoluto;2023T1;221,7
Mujeres;K Actividades financieras y de seguros;Jornada a tiempo completo;Valor absoluto;2022T4;238,2
Mujeres;K Actividades financieras y de seguros;Jornada a tiempo completo;Valor absoluto;2022T3;231,7
Mujeres;K Actividades financieras y de seguros;Jornada a tiempo completo;Valor absoluto;2022T2;230,6
Mujeres;K Actividades financieras y de seguros;Jornada a tiempo completo;Valor absoluto;2022T1;219,7
Mujeres;K Actividades financieras y de seguros;Jornada a tiempo completo;Valor absoluto;2021T4;242,2
Mujeres;K Actividades financieras y de seguros;Jornada a tiempo completo;Valor absoluto;2021T3;227,7
Mujeres;K Actividades financieras y de seguros;Jornada a tiempo completo;Valor absoluto;2021T2;226,8
Mujeres;K Actividades financieras y de seguros;Jornada a tiempo completo;Valor absoluto;2021T1;227,6
Mujeres;K Actividades financieras y de seguros;Jornada a tiempo completo;Porcentaje;2023T4;91,2
Mujeres;K Actividades financieras y de seguros;Jornada a tiempo completo;Porcentaje;2023T3;90,8
Mujeres;K Actividades financieras y de seguros;Jornada a tiempo completo;Porcentaje;2023T2;91,8
Mujeres;K Actividades financieras y de seguros;Jornada a tiempo completo;Porcentaje;2023T1;92,6
Mujeres;K Actividades financieras y de seguros;Jornada a tiempo completo;Porcentaje;2022T4;91,1
Mujeres;K Actividades financieras y de seguros;Jornada a tiempo completo;Porcentaje;2022T3;91,6
Mujeres;K Actividades financieras y de seguros;Jornada a tiempo completo;Porcentaje;2022T2;92,1
Mujeres;K Actividades financieras y de seguros;Jornada a tiempo completo;Porcentaje;2022T1;92,8
Mujeres;K Actividades financieras y de seguros;Jornada a tiempo completo;Porcentaje;2021T4;91,9
Mujeres;K Actividades financieras y de seguros;Jornada a tiempo completo;Porcentaje;2021T3;90,9
Mujeres;K Actividades financieras y de seguros;Jornada a tiempo completo;Porcentaje;2021T2;90,3
Mujeres;K Actividades financieras y de seguros;Jornada a tiempo completo;Porcentaje;2021T1;92
Mujeres;K Actividades financieras y de seguros;Jornada a tiempo parcial;Valor absoluto;2023T4;22,7
Mujeres;K Actividades financieras y de seguros;Jornada a tiempo parcial;Valor absoluto;2023T3;22,3
Mujeres;K Actividades financieras y de seguros;Jornada a tiempo parcial;Valor absoluto;2023T2;20
Mujeres;K Actividades financieras y de seguros;Jornada a tiempo parcial;Valor absoluto;2023T1;17,7
Mujeres;K Actividades financieras y de seguros;Jornada a tiempo parcial;Valor absoluto;2022T4;23,2
Mujeres;K Actividades financieras y de seguros;Jornada a tiempo parcial;Valor absoluto;2022T3;21,3
Mujeres;K Actividades financieras y de seguros;Jornada a tiempo parcial;Valor absoluto;2022T2;19,8
Mujeres;K Actividades financieras y de seguros;Jornada a tiempo parcial;Valor absoluto;2022T1;17,1
Mujeres;K Actividades financieras y de seguros;Jornada a tiempo parcial;Valor absoluto;2021T4;21,4
Mujeres;K Actividades financieras y de seguros;Jornada a tiempo parcial;Valor absoluto;2021T3;22,7
Mujeres;K Actividades financieras y de seguros;Jornada a tiempo parcial;Valor absoluto;2021T2;24,4
Mujeres;K Actividades financieras y de seguros;Jornada a tiempo parcial;Valor absoluto;2021T1;19,9
Mujeres;K Actividades financieras y de seguros;Jornada a tiempo parcial;Porcentaje;2023T4;8,8
Mujeres;K Actividades financieras y de seguros;Jornada a tiempo parcial;Porcentaje;2023T3;9,2
Mujeres;K Actividades financieras y de seguros;Jornada a tiempo parcial;Porcentaje;2023T2;8,2
Mujeres;K Actividades financieras y de seguros;Jornada a tiempo parcial;Porcentaje;2023T1;7,4
Mujeres;K Actividades financieras y de seguros;Jornada a tiempo parcial;Porcentaje;2022T4;8,9
Mujeres;K Actividades financieras y de seguros;Jornada a tiempo parcial;Porcentaje;2022T3;8,4
Mujeres;K Actividades financieras y de seguros;Jornada a tiempo parcial;Porcentaje;2022T2;7,9
Mujeres;K Actividades financieras y de seguros;Jornada a tiempo parcial;Porcentaje;2022T1;7,2
Mujeres;K Actividades financieras y de seguros;Jornada a tiempo parcial;Porcentaje;2021T4;8,1
Mujeres;K Actividades financieras y de seguros;Jornada a tiempo parcial;Porcentaje;2021T3;9,1
Mujeres;K Actividades financieras y de seguros;Jornada a tiempo parcial;Porcentaje;2021T2;9,7
Mujeres;K Actividades financieras y de seguros;Jornada a tiempo parcial;Porcentaje;2021T1;8
Mujeres;L Actividades inmobiliarias;Total;Valor absoluto;2023T4;82,3
Mujeres;L Actividades inmobiliarias;Total;Valor absoluto;2023T3;90,1
Mujeres;L Actividades inmobiliarias;Total;Valor absoluto;2023T2;87,5
Mujeres;L Actividades inmobiliarias;Total;Valor absoluto;2023T1;96,6
Mujeres;L Actividades inmobiliarias;Total;Valor absoluto;2022T4;97,6
Mujeres;L Actividades inmobiliarias;Total;Valor absoluto;2022T3;90,3
Mujeres;L Actividades inmobiliarias;Total;Valor absoluto;2022T2;81,8
Mujeres;L Actividades inmobiliarias;Total;Valor absoluto;2022T1;83,8
Mujeres;L Actividades inmobiliarias;Total;Valor absoluto;2021T4;71,1
Mujeres;L Actividades inmobiliarias;Total;Valor absoluto;2021T3;77,1
Mujeres;L Actividades inmobiliarias;Total;Valor absoluto;2021T2;79,2
Mujeres;L Actividades inmobiliarias;Total;Valor absoluto;2021T1;83,6
Mujeres;L Actividades inmobiliarias;Total;Porcentaje;2023T4;100
Mujeres;L Actividades inmobiliarias;Total;Porcentaje;2023T3;100
Mujeres;L Actividades inmobiliarias;Total;Porcentaje;2023T2;100
Mujeres;L Actividades inmobiliarias;Total;Porcentaje;2023T1;100
Mujeres;L Actividades inmobiliarias;Total;Porcentaje;2022T4;100
Mujeres;L Actividades inmobiliarias;Total;Porcentaje;2022T3;100
Mujeres;L Actividades inmobiliarias;Total;Porcentaje;2022T2;100
Mujeres;L Actividades inmobiliarias;Total;Porcentaje;2022T1;100
Mujeres;L Actividades inmobiliarias;Total;Porcentaje;2021T4;100
Mujeres;L Actividades inmobiliarias;Total;Porcentaje;2021T3;100
Mujeres;L Actividades inmobiliarias;Total;Porcentaje;2021T2;100
Mujeres;L Actividades inmobiliarias;Total;Porcentaje;2021T1;100
Mujeres;L Actividades inmobiliarias;Jornada a tiempo completo;Valor absoluto;2023T4;66,8
Mujeres;L Actividades inmobiliarias;Jornada a tiempo completo;Valor absoluto;2023T3;75,8
Mujeres;L Actividades inmobiliarias;Jornada a tiempo completo;Valor absoluto;2023T2;75,3
Mujeres;L Actividades inmobiliarias;Jornada a tiempo completo;Valor absoluto;2023T1;79,8
Mujeres;L Actividades inmobiliarias;Jornada a tiempo completo;Valor absoluto;2022T4;82,4
Mujeres;L Actividades inmobiliarias;Jornada a tiempo completo;Valor absoluto;2022T3;75,5
Mujeres;L Actividades inmobiliarias;Jornada a tiempo completo;Valor absoluto;2022T2;65
Mujeres;L Actividades inmobiliarias;Jornada a tiempo completo;Valor absoluto;2022T1;64
Mujeres;L Actividades inmobiliarias;Jornada a tiempo completo;Valor absoluto;2021T4;53,2
Mujeres;L Actividades inmobiliarias;Jornada a tiempo completo;Valor absoluto;2021T3;56,1
Mujeres;L Actividades inmobiliarias;Jornada a tiempo completo;Valor absoluto;2021T2;61,2
Mujeres;L Actividades inmobiliarias;Jornada a tiempo completo;Valor absoluto;2021T1;72,1
Mujeres;L Actividades inmobiliarias;Jornada a tiempo completo;Porcentaje;2023T4;81,1
Mujeres;L Actividades inmobiliarias;Jornada a tiempo completo;Porcentaje;2023T3;84,2
Mujeres;L Actividades inmobiliarias;Jornada a tiempo completo;Porcentaje;2023T2;86,1
Mujeres;L Actividades inmobiliarias;Jornada a tiempo completo;Porcentaje;2023T1;82,6
Mujeres;L Actividades inmobiliarias;Jornada a tiempo completo;Porcentaje;2022T4;84,4
Mujeres;L Actividades inmobiliarias;Jornada a tiempo completo;Porcentaje;2022T3;83,6
Mujeres;L Actividades inmobiliarias;Jornada a tiempo completo;Porcentaje;2022T2;79,5
Mujeres;L Actividades inmobiliarias;Jornada a tiempo completo;Porcentaje;2022T1;76,4
Mujeres;L Actividades inmobiliarias;Jornada a tiempo completo;Porcentaje;2021T4;74,8
Mujeres;L Actividades inmobiliarias;Jornada a tiempo completo;Porcentaje;2021T3;72,8
Mujeres;L Actividades inmobiliarias;Jornada a tiempo completo;Porcentaje;2021T2;77,3
Mujeres;L Actividades inmobiliarias;Jornada a tiempo completo;Porcentaje;2021T1;86,2
Mujeres;L Actividades inmobiliarias;Jornada a tiempo parcial;Valor absoluto;2023T4;15,6
Mujeres;L Actividades inmobiliarias;Jornada a tiempo parcial;Valor absoluto;2023T3;14,2
Mujeres;L Actividades inmobiliarias;Jornada a tiempo parcial;Valor absoluto;2023T2;12,1
Mujeres;L Actividades inmobiliarias;Jornada a tiempo parcial;Valor absoluto;2023T1;16,8
Mujeres;L Actividades inmobiliarias;Jornada a tiempo parcial;Valor absoluto;2022T4;15,2
Mujeres;L Actividades inmobiliarias;Jornada a tiempo parcial;Valor absoluto;2022T3;14,8
Mujeres;L Actividades inmobiliarias;Jornada a tiempo parcial;Valor absoluto;2022T2;16,8
Mujeres;L Actividades inmobiliarias;Jornada a tiempo parcial;Valor absoluto;2022T1;19,8
Mujeres;L Actividades inmobiliarias;Jornada a tiempo parcial;Valor absoluto;2021T4;17,9
Mujeres;L Actividades inmobiliarias;Jornada a tiempo parcial;Valor absoluto;2021T3;21
Mujeres;L Actividades inmobiliarias;Jornada a tiempo parcial;Valor absoluto;2021T2;17,9
Mujeres;L Actividades inmobiliarias;Jornada a tiempo parcial;Valor absoluto;2021T1;11,5
Mujeres;L Actividades inmobiliarias;Jornada a tiempo parcial;Porcentaje;2023T4;18,9
Mujeres;L Actividades inmobiliarias;Jornada a tiempo parcial;Porcentaje;2023T3;15,8
Mujeres;L Actividades inmobiliarias;Jornada a tiempo parcial;Porcentaje;2023T2;13,9
Mujeres;L Actividades inmobiliarias;Jornada a tiempo parcial;Porcentaje;2023T1;17,4
Mujeres;L Actividades inmobiliarias;Jornada a tiempo parcial;Porcentaje;2022T4;15,6
Mujeres;L Actividades inmobiliarias;Jornada a tiempo parcial;Porcentaje;2022T3;16,4
Mujeres;L Actividades inmobiliarias;Jornada a tiempo parcial;Porcentaje;2022T2;20,5
Mujeres;L Actividades inmobiliarias;Jornada a tiempo parcial;Porcentaje;2022T1;23,6
Mujeres;L Actividades inmobiliarias;Jornada a tiempo parcial;Porcentaje;2021T4;25,2
Mujeres;L Actividades inmobiliarias;Jornada a tiempo parcial;Porcentaje;2021T3;27,2
Mujeres;L Actividades inmobiliarias;Jornada a tiempo parcial;Porcentaje;2021T2;22,7
Mujeres;L Actividades inmobiliarias;Jornada a tiempo parcial;Porcentaje;2021T1;13,8
Mujeres;M Actividades profesionales, científicas y técnicas;Total;Valor absoluto;2023T4;621,8
Mujeres;M Actividades profesionales, científicas y técnicas;Total;Valor absoluto;2023T3;589,6
Mujeres;M Actividades profesionales, científicas y técnicas;Total;Valor absoluto;2023T2;616,1
Mujeres;M Actividades profesionales, científicas y técnicas;Total;Valor absoluto;2023T1;553,1
Mujeres;M Actividades profesionales, científicas y técnicas;Total;Valor absoluto;2022T4;516,2
Mujeres;M Actividades profesionales, científicas y técnicas;Total;Valor absoluto;2022T3;530,1
Mujeres;M Actividades profesionales, científicas y técnicas;Total;Valor absoluto;2022T2;536,2
Mujeres;M Actividades profesionales, científicas y técnicas;Total;Valor absoluto;2022T1;571,5
Mujeres;M Actividades profesionales, científicas y técnicas;Total;Valor absoluto;2021T4;571,5
Mujeres;M Actividades profesionales, científicas y técnicas;Total;Valor absoluto;2021T3;541,5
Mujeres;M Actividades profesionales, científicas y técnicas;Total;Valor absoluto;2021T2;535
Mujeres;M Actividades profesionales, científicas y técnicas;Total;Valor absoluto;2021T1;531
Mujeres;M Actividades profesionales, científicas y técnicas;Total;Porcentaje;2023T4;100
Mujeres;M Actividades profesionales, científicas y técnicas;Total;Porcentaje;2023T3;100
Mujeres;M Actividades profesionales, científicas y técnicas;Total;Porcentaje;2023T2;100
Mujeres;M Actividades profesionales, científicas y técnicas;Total;Porcentaje;2023T1;100
Mujeres;M Actividades profesionales, científicas y técnicas;Total;Porcentaje;2022T4;100
Mujeres;M Actividades profesionales, científicas y técnicas;Total;Porcentaje;2022T3;100
Mujeres;M Actividades profesionales, científicas y técnicas;Total;Porcentaje;2022T2;100
Mujeres;M Actividades profesionales, científicas y técnicas;Total;Porcentaje;2022T1;100
Mujeres;M Actividades profesionales, científicas y técnicas;Total;Porcentaje;2021T4;100
Mujeres;M Actividades profesionales, científicas y técnicas;Total;Porcentaje;2021T3;100
Mujeres;M Actividades profesionales, científicas y técnicas;Total;Porcentaje;2021T2;100
Mujeres;M Actividades profesionales, científicas y técnicas;Total;Porcentaje;2021T1;100
Mujeres;M Actividades profesionales, científicas y técnicas;Jornada a tiempo completo;Valor absoluto;2023T4;536,7
Mujeres;M Actividades profesionales, científicas y técnicas;Jornada a tiempo completo;Valor absoluto;2023T3;518,4
Mujeres;M Actividades profesionales, científicas y técnicas;Jornada a tiempo completo;Valor absoluto;2023T2;528,6
Mujeres;M Actividades profesionales, científicas y técnicas;Jornada a tiempo completo;Valor absoluto;2023T1;476,6
Mujeres;M Actividades profesionales, científicas y técnicas;Jornada a tiempo completo;Valor absoluto;2022T4;449,6
Mujeres;M Actividades profesionales, científicas y técnicas;Jornada a tiempo completo;Valor absoluto;2022T3;460,3
Mujeres;M Actividades profesionales, científicas y técnicas;Jornada a tiempo completo;Valor absoluto;2022T2;455,5
Mujeres;M Actividades profesionales, científicas y técnicas;Jornada a tiempo completo;Valor absoluto;2022T1;494,7
Mujeres;M Actividades profesionales, científicas y técnicas;Jornada a tiempo completo;Valor absoluto;2021T4;494,5
Mujeres;M Actividades profesionales, científicas y técnicas;Jornada a tiempo completo;Valor absoluto;2021T3;460,2
Mujeres;M Actividades profesionales, científicas y técnicas;Jornada a tiempo completo;Valor absoluto;2021T2;465
Mujeres;M Actividades profesionales, científicas y técnicas;Jornada a tiempo completo;Valor absoluto;2021T1;456,5
Mujeres;M Actividades profesionales, científicas y técnicas;Jornada a tiempo completo;Porcentaje;2023T4;86,3
Mujeres;M Actividades profesionales, científicas y técnicas;Jornada a tiempo completo;Porcentaje;2023T3;87,9
Mujeres;M Actividades profesionales, científicas y técnicas;Jornada a tiempo completo;Porcentaje;2023T2;85,8
Mujeres;M Actividades profesionales, científicas y técnicas;Jornada a tiempo completo;Porcentaje;2023T1;86,2
Mujeres;M Actividades profesionales, científicas y técnicas;Jornada a tiempo completo;Porcentaje;2022T4;87,1
Mujeres;M Actividades profesionales, científicas y técnicas;Jornada a tiempo completo;Porcentaje;2022T3;86,8
Mujeres;M Actividades profesionales, científicas y técnicas;Jornada a tiempo completo;Porcentaje;2022T2;85
Mujeres;M Actividades profesionales, científicas y técnicas;Jornada a tiempo completo;Porcentaje;2022T1;86,5
Mujeres;M Actividades profesionales, científicas y técnicas;Jornada a tiempo completo;Porcentaje;2021T4;86,5
Mujeres;M Actividades profesionales, científicas y técnicas;Jornada a tiempo completo;Porcentaje;2021T3;85
Mujeres;M Actividades profesionales, científicas y técnicas;Jornada a tiempo completo;Porcentaje;2021T2;86,9
Mujeres;M Actividades profesionales, científicas y técnicas;Jornada a tiempo completo;Porcentaje;2021T1;86
Mujeres;M Actividades profesionales, científicas y técnicas;Jornada a tiempo parcial;Valor absoluto;2023T4;85,1
Mujeres;M Actividades profesionales, científicas y técnicas;Jornada a tiempo parcial;Valor absoluto;2023T3;71,2
Mujeres;M Actividades profesionales, científicas y técnicas;Jornada a tiempo parcial;Valor absoluto;2023T2;87,5
Mujeres;M Actividades profesionales, científicas y técnicas;Jornada a tiempo parcial;Valor absoluto;2023T1;76,5
Mujeres;M Actividades profesionales, científicas y técnicas;Jornada a tiempo parcial;Valor absoluto;2022T4;66,6
Mujeres;M Actividades profesionales, científicas y técnicas;Jornada a tiempo parcial;Valor absoluto;2022T3;69,8
Mujeres;M Actividades profesionales, científicas y técnicas;Jornada a tiempo parcial;Valor absoluto;2022T2;80,7
Mujeres;M Actividades profesionales, científicas y técnicas;Jornada a tiempo parcial;Valor absoluto;2022T1;76,9
Mujeres;M Actividades profesionales, científicas y técnicas;Jornada a tiempo parcial;Valor absoluto;2021T4;77
Mujeres;M Actividades profesionales, científicas y técnicas;Jornada a tiempo parcial;Valor absoluto;2021T3;81,2
Mujeres;M Actividades profesionales, científicas y técnicas;Jornada a tiempo parcial;Valor absoluto;2021T2;70
Mujeres;M Actividades profesionales, científicas y técnicas;Jornada a tiempo parcial;Valor absoluto;2021T1;74,5
Mujeres;M Actividades profesionales, científicas y técnicas;Jornada a tiempo parcial;Porcentaje;2023T4;13,7
Mujeres;M Actividades profesionales, científicas y técnicas;Jornada a tiempo parcial;Porcentaje;2023T3;12,1
Mujeres;M Actividades profesionales, científicas y técnicas;Jornada a tiempo parcial;Porcentaje;2023T2;14,2
Mujeres;M Actividades profesionales, científicas y técnicas;Jornada a tiempo parcial;Porcentaje;2023T1;13,8
Mujeres;M Actividades profesionales, científicas y técnicas;Jornada a tiempo parcial;Porcentaje;2022T4;12,9
Mujeres;M Actividades profesionales, científicas y técnicas;Jornada a tiempo parcial;Porcentaje;2022T3;13,2
Mujeres;M Actividades profesionales, científicas y técnicas;Jornada a tiempo parcial;Porcentaje;2022T2;15
Mujeres;M Actividades profesionales, científicas y técnicas;Jornada a tiempo parcial;Porcentaje;2022T1;13,5
Mujeres;M Actividades profesionales, científicas y técnicas;Jornada a tiempo parcial;Porcentaje;2021T4;13,5
Mujeres;M Actividades profesionales, científicas y técnicas;Jornada a tiempo parcial;Porcentaje;2021T3;15
Mujeres;M Actividades profesionales, científicas y técnicas;Jornada a tiempo parcial;Porcentaje;2021T2;13,1
Mujeres;M Actividades profesionales, científicas y técnicas;Jornada a tiempo parcial;Porcentaje;2021T1;14
Mujeres;N Actividades administrativas y servicios auxiliares;Total;Valor absoluto;2023T4;611,4
Mujeres;N Actividades administrativas y servicios auxiliares;Total;Valor absoluto;2023T3;592,4
Mujeres;N Actividades administrativas y servicios auxiliares;Total;Valor absoluto;2023T2;580,3
Mujeres;N Actividades administrativas y servicios auxiliares;Total;Valor absoluto;2023T1;554,2
Mujeres;N Actividades administrativas y servicios auxiliares;Total;Valor absoluto;2022T4;572,4
Mujeres;N Actividades administrativas y servicios auxiliares;Total;Valor absoluto;2022T3;561,9
Mujeres;N Actividades administrativas y servicios auxiliares;Total;Valor absoluto;2022T2;570
Mujeres;N Actividades administrativas y servicios auxiliares;Total;Valor absoluto;2022T1;581,7
Mujeres;N Actividades administrativas y servicios auxiliares;Total;Valor absoluto;2021T4;604,2
Mujeres;N Actividades administrativas y servicios auxiliares;Total;Valor absoluto;2021T3;592,2
Mujeres;N Actividades administrativas y servicios auxiliares;Total;Valor absoluto;2021T2;542
Mujeres;N Actividades administrativas y servicios auxiliares;Total;Valor absoluto;2021T1;551,9
Mujeres;N Actividades administrativas y servicios auxiliares;Total;Porcentaje;2023T4;100
Mujeres;N Actividades administrativas y servicios auxiliares;Total;Porcentaje;2023T3;100
Mujeres;N Actividades administrativas y servicios auxiliares;Total;Porcentaje;2023T2;100
Mujeres;N Actividades administrativas y servicios auxiliares;Total;Porcentaje;2023T1;100
Mujeres;N Actividades administrativas y servicios auxiliares;Total;Porcentaje;2022T4;100
Mujeres;N Actividades administrativas y servicios auxiliares;Total;Porcentaje;2022T3;100
Mujeres;N Actividades administrativas y servicios auxiliares;Total;Porcentaje;2022T2;100
Mujeres;N Actividades administrativas y servicios auxiliares;Total;Porcentaje;2022T1;100
Mujeres;N Actividades administrativas y servicios auxiliares;Total;Porcentaje;2021T4;100
Mujeres;N Actividades administrativas y servicios auxiliares;Total;Porcentaje;2021T3;100
Mujeres;N Actividades administrativas y servicios auxiliares;Total;Porcentaje;2021T2;100
Mujeres;N Actividades administrativas y servicios auxiliares;Total;Porcentaje;2021T1;100
Mujeres;N Actividades administrativas y servicios auxiliares;Jornada a tiempo completo;Valor absoluto;2023T4;379,2
Mujeres;N Actividades administrativas y servicios auxiliares;Jornada a tiempo completo;Valor absoluto;2023T3;375,1
Mujeres;N Actividades administrativas y servicios auxiliares;Jornada a tiempo completo;Valor absoluto;2023T2;352,2
Mujeres;N Actividades administrativas y servicios auxiliares;Jornada a tiempo completo;Valor absoluto;2023T1;332,2
Mujeres;N Actividades administrativas y servicios auxiliares;Jornada a tiempo completo;Valor absoluto;2022T4;354,6
Mujeres;N Actividades administrativas y servicios auxiliares;Jornada a tiempo completo;Valor absoluto;2022T3;341
Mujeres;N Actividades administrativas y servicios auxiliares;Jornada a tiempo completo;Valor absoluto;2022T2;355,8
Mujeres;N Actividades administrativas y servicios auxiliares;Jornada a tiempo completo;Valor absoluto;2022T1;346,3
Mujeres;N Actividades administrativas y servicios auxiliares;Jornada a tiempo completo;Valor absoluto;2021T4;369,8
Mujeres;N Actividades administrativas y servicios auxiliares;Jornada a tiempo completo;Valor absoluto;2021T3;375,4
Mujeres;N Actividades administrativas y servicios auxiliares;Jornada a tiempo completo;Valor absoluto;2021T2;343,4
Mujeres;N Actividades administrativas y servicios auxiliares;Jornada a tiempo completo;Valor absoluto;2021T1;335,4
Mujeres;N Actividades administrativas y servicios auxiliares;Jornada a tiempo completo;Porcentaje;2023T4;62
Mujeres;N Actividades administrativas y servicios auxiliares;Jornada a tiempo completo;Porcentaje;2023T3;63,3
Mujeres;N Actividades administrativas y servicios auxiliares;Jornada a tiempo completo;Porcentaje;2023T2;60,7
Mujeres;N Actividades administrativas y servicios auxiliares;Jornada a tiempo completo;Porcentaje;2023T1;59,9
Mujeres;N Actividades administrativas y servicios auxiliares;Jornada a tiempo completo;Porcentaje;2022T4;61,9
Mujeres;N Actividades administrativas y servicios auxiliares;Jornada a tiempo completo;Porcentaje;2022T3;60,7
Mujeres;N Actividades administrativas y servicios auxiliares;Jornada a tiempo completo;Porcentaje;2022T2;62,4
Mujeres;N Actividades administrativas y servicios auxiliares;Jornada a tiempo completo;Porcentaje;2022T1;59,5
Mujeres;N Actividades administrativas y servicios auxiliares;Jornada a tiempo completo;Porcentaje;2021T4;61,2
Mujeres;N Actividades administrativas y servicios auxiliares;Jornada a tiempo completo;Porcentaje;2021T3;63,4
Mujeres;N Actividades administrativas y servicios auxiliares;Jornada a tiempo completo;Porcentaje;2021T2;63,4
Mujeres;N Actividades administrativas y servicios auxiliares;Jornada a tiempo completo;Porcentaje;2021T1;60,8
Mujeres;N Actividades administrativas y servicios auxiliares;Jornada a tiempo parcial;Valor absoluto;2023T4;232,3
Mujeres;N Actividades administrativas y servicios auxiliares;Jornada a tiempo parcial;Valor absoluto;2023T3;217,3
Mujeres;N Actividades administrativas y servicios auxiliares;Jornada a tiempo parcial;Valor absoluto;2023T2;228
Mujeres;N Actividades administrativas y servicios auxiliares;Jornada a tiempo parcial;Valor absoluto;2023T1;222
Mujeres;N Actividades administrativas y servicios auxiliares;Jornada a tiempo parcial;Valor absoluto;2022T4;217,9
Mujeres;N Actividades administrativas y servicios auxiliares;Jornada a tiempo parcial;Valor absoluto;2022T3;220,9
Mujeres;N Actividades administrativas y servicios auxiliares;Jornada a tiempo parcial;Valor absoluto;2022T2;214,2
Mujeres;N Actividades administrativas y servicios auxiliares;Jornada a tiempo parcial;Valor absoluto;2022T1;235,4
Mujeres;N Actividades administrativas y servicios auxiliares;Jornada a tiempo parcial;Valor absoluto;2021T4;234,4
Mujeres;N Actividades administrativas y servicios auxiliares;Jornada a tiempo parcial;Valor absoluto;2021T3;216,9
Mujeres;N Actividades administrativas y servicios auxiliares;Jornada a tiempo parcial;Valor absoluto;2021T2;198,6
Mujeres;N Actividades administrativas y servicios auxiliares;Jornada a tiempo parcial;Valor absoluto;2021T1;216,5
Mujeres;N Actividades administrativas y servicios auxiliares;Jornada a tiempo parcial;Porcentaje;2023T4;38
Mujeres;N Actividades administrativas y servicios auxiliares;Jornada a tiempo parcial;Porcentaje;2023T3;36,7
Mujeres;N Actividades administrativas y servicios auxiliares;Jornada a tiempo parcial;Porcentaje;2023T2;39,3
Mujeres;N Actividades administrativas y servicios auxiliares;Jornada a tiempo parcial;Porcentaje;2023T1;40,1
Mujeres;N Actividades administrativas y servicios auxiliares;Jornada a tiempo parcial;Porcentaje;2022T4;38,1
Mujeres;N Actividades administrativas y servicios auxiliares;Jornada a tiempo parcial;Porcentaje;2022T3;39,3
Mujeres;N Actividades administrativas y servicios auxiliares;Jornada a tiempo parcial;Porcentaje;2022T2;37,6
Mujeres;N Actividades administrativas y servicios auxiliares;Jornada a tiempo parcial;Porcentaje;2022T1;40,5
Mujeres;N Actividades administrativas y servicios auxiliares;Jornada a tiempo parcial;Porcentaje;2021T4;38,8
Mujeres;N Actividades administrativas y servicios auxiliares;Jornada a tiempo parcial;Porcentaje;2021T3;36,6
Mujeres;N Actividades administrativas y servicios auxiliares;Jornada a tiempo parcial;Porcentaje;2021T2;36,6
Mujeres;N Actividades administrativas y servicios auxiliares;Jornada a tiempo parcial;Porcentaje;2021T1;39,2
Mujeres;O Administración Pública y defensa, Seguridad Social obligatoria;Total;Valor absoluto;2023T4;656,3
Mujeres;O Administración Pública y defensa, Seguridad Social obligatoria;Total;Valor absoluto;2023T3;655,5
Mujeres;O Administración Pública y defensa, Seguridad Social obligatoria;Total;Valor absoluto;2023T2;652
Mujeres;O Administración Pública y defensa, Seguridad Social obligatoria;Total;Valor absoluto;2023T1;644,5
Mujeres;O Administración Pública y defensa, Seguridad Social obligatoria;Total;Valor absoluto;2022T4;649,8
Mujeres;O Administración Pública y defensa, Seguridad Social obligatoria;Total;Valor absoluto;2022T3;636,7
Mujeres;O Administración Pública y defensa, Seguridad Social obligatoria;Total;Valor absoluto;2022T2;612
Mujeres;O Administración Pública y defensa, Seguridad Social obligatoria;Total;Valor absoluto;2022T1;607,4
Mujeres;O Administración Pública y defensa, Seguridad Social obligatoria;Total;Valor absoluto;2021T4;613,9
Mujeres;O Administración Pública y defensa, Seguridad Social obligatoria;Total;Valor absoluto;2021T3;620,6
Mujeres;O Administración Pública y defensa, Seguridad Social obligatoria;Total;Valor absoluto;2021T2;605,1
Mujeres;O Administración Pública y defensa, Seguridad Social obligatoria;Total;Valor absoluto;2021T1;596,4
Mujeres;O Administración Pública y defensa, Seguridad Social obligatoria;Total;Porcentaje;2023T4;100
Mujeres;O Administración Pública y defensa, Seguridad Social obligatoria;Total;Porcentaje;2023T3;100
Mujeres;O Administración Pública y defensa, Seguridad Social obligatoria;Total;Porcentaje;2023T2;100
Mujeres;O Administración Pública y defensa, Seguridad Social obligatoria;Total;Porcentaje;2023T1;100
Mujeres;O Administración Pública y defensa, Seguridad Social obligatoria;Total;Porcentaje;2022T4;100
Mujeres;O Administración Pública y defensa, Seguridad Social obligatoria;Total;Porcentaje;2022T3;100
Mujeres;O Administración Pública y defensa, Seguridad Social obligatoria;Total;Porcentaje;2022T2;100
Mujeres;O Administración Pública y defensa, Seguridad Social obligatoria;Total;Porcentaje;2022T1;100
Mujeres;O Administración Pública y defensa, Seguridad Social obligatoria;Total;Porcentaje;2021T4;100
Mujeres;O Administración Pública y defensa, Seguridad Social obligatoria;Total;Porcentaje;2021T3;100
Mujeres;O Administración Pública y defensa, Seguridad Social obligatoria;Total;Porcentaje;2021T2;100
Mujeres;O Administración Pública y defensa, Seguridad Social obligatoria;Total;Porcentaje;2021T1;100
Mujeres;O Administración Pública y defensa, Seguridad Social obligatoria;Jornada a tiempo completo;Valor absoluto;2023T4;612,5
Mujeres;O Administración Pública y defensa, Seguridad Social obligatoria;Jornada a tiempo completo;Valor absoluto;2023T3;617,1
Mujeres;O Administración Pública y defensa, Seguridad Social obligatoria;Jornada a tiempo completo;Valor absoluto;2023T2;611,6
Mujeres;O Administración Pública y defensa, Seguridad Social obligatoria;Jornada a tiempo completo;Valor absoluto;2023T1;600
Mujeres;O Administración Pública y defensa, Seguridad Social obligatoria;Jornada a tiempo completo;Valor absoluto;2022T4;613,3
Mujeres;O Administración Pública y defensa, Seguridad Social obligatoria;Jornada a tiempo completo;Valor absoluto;2022T3;600,8
Mujeres;O Administración Pública y defensa, Seguridad Social obligatoria;Jornada a tiempo completo;Valor absoluto;2022T2;582,3
Mujeres;O Administración Pública y defensa, Seguridad Social obligatoria;Jornada a tiempo completo;Valor absoluto;2022T1;571,7
Mujeres;O Administración Pública y defensa, Seguridad Social obligatoria;Jornada a tiempo completo;Valor absoluto;2021T4;575,9
Mujeres;O Administración Pública y defensa, Seguridad Social obligatoria;Jornada a tiempo completo;Valor absoluto;2021T3;579,5
Mujeres;O Administración Pública y defensa, Seguridad Social obligatoria;Jornada a tiempo completo;Valor absoluto;2021T2;566,2
Mujeres;O Administración Pública y defensa, Seguridad Social obligatoria;Jornada a tiempo completo;Valor absoluto;2021T1;558,1
Mujeres;O Administración Pública y defensa, Seguridad Social obligatoria;Jornada a tiempo completo;Porcentaje;2023T4;93,3
Mujeres;O Administración Pública y defensa, Seguridad Social obligatoria;Jornada a tiempo completo;Porcentaje;2023T3;94,1
Mujeres;O Administración Pública y defensa, Seguridad Social obligatoria;Jornada a tiempo completo;Porcentaje;2023T2;93,8
Mujeres;O Administración Pública y defensa, Seguridad Social obligatoria;Jornada a tiempo completo;Porcentaje;2023T1;93,1
Mujeres;O Administración Pública y defensa, Seguridad Social obligatoria;Jornada a tiempo completo;Porcentaje;2022T4;94,4
Mujeres;O Administración Pública y defensa, Seguridad Social obligatoria;Jornada a tiempo completo;Porcentaje;2022T3;94,4
Mujeres;O Administración Pública y defensa, Seguridad Social obligatoria;Jornada a tiempo completo;Porcentaje;2022T2;95,1
Mujeres;O Administración Pública y defensa, Seguridad Social obligatoria;Jornada a tiempo completo;Porcentaje;2022T1;94,1
Mujeres;O Administración Pública y defensa, Seguridad Social obligatoria;Jornada a tiempo completo;Porcentaje;2021T4;93,8
Mujeres;O Administración Pública y defensa, Seguridad Social obligatoria;Jornada a tiempo completo;Porcentaje;2021T3;93,4
Mujeres;O Administración Pública y defensa, Seguridad Social obligatoria;Jornada a tiempo completo;Porcentaje;2021T2;93,6
Mujeres;O Administración Pública y defensa, Seguridad Social obligatoria;Jornada a tiempo completo;Porcentaje;2021T1;93,6
Mujeres;O Administración Pública y defensa, Seguridad Social obligatoria;Jornada a tiempo parcial;Valor absoluto;2023T4;43,7
Mujeres;O Administración Pública y defensa, Seguridad Social obligatoria;Jornada a tiempo parcial;Valor absoluto;2023T3;38,4
Mujeres;O Administración Pública y defensa, Seguridad Social obligatoria;Jornada a tiempo parcial;Valor absoluto;2023T2;40,3
Mujeres;O Administración Pública y defensa, Seguridad Social obligatoria;Jornada a tiempo parcial;Valor absoluto;2023T1;44,5
Mujeres;O Administración Pública y defensa, Seguridad Social obligatoria;Jornada a tiempo parcial;Valor absoluto;2022T4;36,6
Mujeres;O Administración Pública y defensa, Seguridad Social obligatoria;Jornada a tiempo parcial;Valor absoluto;2022T3;35,9
Mujeres;O Administración Pública y defensa, Seguridad Social obligatoria;Jornada a tiempo parcial;Valor absoluto;2022T2;29,7
Mujeres;O Administración Pública y defensa, Seguridad Social obligatoria;Jornada a tiempo parcial;Valor absoluto;2022T1;35,7
Mujeres;O Administración Pública y defensa, Seguridad Social obligatoria;Jornada a tiempo parcial;Valor absoluto;2021T4;38
Mujeres;O Administración Pública y defensa, Seguridad Social obligatoria;Jornada a tiempo parcial;Valor absoluto;2021T3;41,1
Mujeres;O Administración Pública y defensa, Seguridad Social obligatoria;Jornada a tiempo parcial;Valor absoluto;2021T2;38,9
Mujeres;O Administración Pública y defensa, Seguridad Social obligatoria;Jornada a tiempo parcial;Valor absoluto;2021T1;38,3
Mujeres;O Administración Pública y defensa, Seguridad Social obligatoria;Jornada a tiempo parcial;Porcentaje;2023T4;6,7
Mujeres;O Administración Pública y defensa, Seguridad Social obligatoria;Jornada a tiempo parcial;Porcentaje;2023T3;5,9
Mujeres;O Administración Pública y defensa, Seguridad Social obligatoria;Jornada a tiempo parcial;Porcentaje;2023T2;6,2
Mujeres;O Administración Pública y defensa, Seguridad Social obligatoria;Jornada a tiempo parcial;Porcentaje;2023T1;6,9
Mujeres;O Administración Pública y defensa, Seguridad Social obligatoria;Jornada a tiempo parcial;Porcentaje;2022T4;5,6
Mujeres;O Administración Pública y defensa, Seguridad Social obligatoria;Jornada a tiempo parcial;Porcentaje;2022T3;5,6
Mujeres;O Administración Pública y defensa, Seguridad Social obligatoria;Jornada a tiempo parcial;Porcentaje;2022T2;4,9
Mujeres;O Administración Pública y defensa, Seguridad Social obligatoria;Jornada a tiempo parcial;Porcentaje;2022T1;5,9
Mujeres;O Administración Pública y defensa, Seguridad Social obligatoria;Jornada a tiempo parcial;Porcentaje;2021T4;6,2
Mujeres;O Administración Pública y defensa, Seguridad Social obligatoria;Jornada a tiempo parcial;Porcentaje;2021T3;6,6
Mujeres;O Administración Pública y defensa, Seguridad Social obligatoria;Jornada a tiempo parcial;Porcentaje;2021T2;6,4
Mujeres;O Administración Pública y defensa, Seguridad Social obligatoria;Jornada a tiempo parcial;Porcentaje;2021T1;6,4
Mujeres;P Educación;Total;Valor absoluto;2023T4;1.032,1
Mujeres;P Educación;Total;Valor absoluto;2023T3;926,8
Mujeres;P Educación;Total;Valor absoluto;2023T2;1.041,9
Mujeres;P Educación;Total;Valor absoluto;2023T1;1.061,1
Mujeres;P Educación;Total;Valor absoluto;2022T4;998,4
Mujeres;P Educación;Total;Valor absoluto;2022T3;948,6
Mujeres;P Educación;Total;Valor absoluto;2022T2;1.049,2
Mujeres;P Educación;Total;Valor absoluto;2022T1;1.058,7
Mujeres;P Educación;Total;Valor absoluto;2021T4;1.025,7
Mujeres;P Educación;Total;Valor absoluto;2021T3;914,5
Mujeres;P Educación;Total;Valor absoluto;2021T2;998,3
Mujeres;P Educación;Total;Valor absoluto;2021T1;980
Mujeres;P Educación;Total;Porcentaje;2023T4;100
Mujeres;P Educación;Total;Porcentaje;2023T3;100
Mujeres;P Educación;Total;Porcentaje;2023T2;100
Mujeres;P Educación;Total;Porcentaje;2023T1;100
Mujeres;P Educación;Total;Porcentaje;2022T4;100
Mujeres;P Educación;Total;Porcentaje;2022T3;100
Mujeres;P Educación;Total;Porcentaje;2022T2;100
Mujeres;P Educación;Total;Porcentaje;2022T1;100
Mujeres;P Educación;Total;Porcentaje;2021T4;100
Mujeres;P Educación;Total;Porcentaje;2021T3;100
Mujeres;P Educación;Total;Porcentaje;2021T2;100
Mujeres;P Educación;Total;Porcentaje;2021T1;100
Mujeres;P Educación;Jornada a tiempo completo;Valor absoluto;2023T4;832,4
Mujeres;P Educación;Jornada a tiempo completo;Valor absoluto;2023T3;791,4
Mujeres;P Educación;Jornada a tiempo completo;Valor absoluto;2023T2;831,1
Mujeres;P Educación;Jornada a tiempo completo;Valor absoluto;2023T1;819,9
Mujeres;P Educación;Jornada a tiempo completo;Valor absoluto;2022T4;798,5
Mujeres;P Educación;Jornada a tiempo completo;Valor absoluto;2022T3;809,4
Mujeres;P Educación;Jornada a tiempo completo;Valor absoluto;2022T2;842,1
Mujeres;P Educación;Jornada a tiempo completo;Valor absoluto;2022T1;831,6
Mujeres;P Educación;Jornada a tiempo completo;Valor absoluto;2021T4;833
Mujeres;P Educación;Jornada a tiempo completo;Valor absoluto;2021T3;763,4
Mujeres;P Educación;Jornada a tiempo completo;Valor absoluto;2021T2;789,8
Mujeres;P Educación;Jornada a tiempo completo;Valor absoluto;2021T1;771
Mujeres;P Educación;Jornada a tiempo completo;Porcentaje;2023T4;80,7
Mujeres;P Educación;Jornada a tiempo completo;Porcentaje;2023T3;85,4
Mujeres;P Educación;Jornada a tiempo completo;Porcentaje;2023T2;79,8
Mujeres;P Educación;Jornada a tiempo completo;Porcentaje;2023T1;77,3
Mujeres;P Educación;Jornada a tiempo completo;Porcentaje;2022T4;80
Mujeres;P Educación;Jornada a tiempo completo;Porcentaje;2022T3;85,3
Mujeres;P Educación;Jornada a tiempo completo;Porcentaje;2022T2;80,3
Mujeres;P Educación;Jornada a tiempo completo;Porcentaje;2022T1;78,6
Mujeres;P Educación;Jornada a tiempo completo;Porcentaje;2021T4;81,2
Mujeres;P Educación;Jornada a tiempo completo;Porcentaje;2021T3;83,5
Mujeres;P Educación;Jornada a tiempo completo;Porcentaje;2021T2;79,1
Mujeres;P Educación;Jornada a tiempo completo;Porcentaje;2021T1;78,7
Mujeres;P Educación;Jornada a tiempo parcial;Valor absoluto;2023T4;199,7
Mujeres;P Educación;Jornada a tiempo parcial;Valor absoluto;2023T3;135,4
Mujeres;P Educación;Jornada a tiempo parcial;Valor absoluto;2023T2;210,7
Mujeres;P Educación;Jornada a tiempo parcial;Valor absoluto;2023T1;241,2
Mujeres;P Educación;Jornada a tiempo parcial;Valor absoluto;2022T4;199,9
Mujeres;P Educación;Jornada a tiempo parcial;Valor absoluto;2022T3;139,2
Mujeres;P Educación;Jornada a tiempo parcial;Valor absoluto;2022T2;207,1
Mujeres;P Educación;Jornada a tiempo parcial;Valor absoluto;2022T1;227,1
Mujeres;P Educación;Jornada a tiempo parcial;Valor absoluto;2021T4;192,7
Mujeres;P Educación;Jornada a tiempo parcial;Valor absoluto;2021T3;151,1
Mujeres;P Educación;Jornada a tiempo parcial;Valor absoluto;2021T2;208,5
Mujeres;P Educación;Jornada a tiempo parcial;Valor absoluto;2021T1;209
Mujeres;P Educación;Jornada a tiempo parcial;Porcentaje;2023T4;19,3
Mujeres;P Educación;Jornada a tiempo parcial;Porcentaje;2023T3;14,6
Mujeres;P Educación;Jornada a tiempo parcial;Porcentaje;2023T2;20,2
Mujeres;P Educación;Jornada a tiempo parcial;Porcentaje;2023T1;22,7
Mujeres;P Educación;Jornada a tiempo parcial;Porcentaje;2022T4;20
Mujeres;P Educación;Jornada a tiempo parcial;Porcentaje;2022T3;14,7
Mujeres;P Educación;Jornada a tiempo parcial;Porcentaje;2022T2;19,7
Mujeres;P Educación;Jornada a tiempo parcial;Porcentaje;2022T1;21,4
Mujeres;P Educación;Jornada a tiempo parcial;Porcentaje;2021T4;18,8
Mujeres;P Educación;Jornada a tiempo parcial;Porcentaje;2021T3;16,5
Mujeres;P Educación;Jornada a tiempo parcial;Porcentaje;2021T2;20,9
Mujeres;P Educación;Jornada a tiempo parcial;Porcentaje;2021T1;21,3
Mujeres;Q Actividades sanitarias y de servicios sociales;Total;Valor absoluto;2023T4;1.544,1
Mujeres;Q Actividades sanitarias y de servicios sociales;Total;Valor absoluto;2023T3;1.556,6
Mujeres;Q Actividades sanitarias y de servicios sociales;Total;Valor absoluto;2023T2;1.458,5
Mujeres;Q Actividades sanitarias y de servicios sociales;Total;Valor absoluto;2023T1;1.473,9
Mujeres;Q Actividades sanitarias y de servicios sociales;Total;Valor absoluto;2022T4;1.488,9
Mujeres;Q Actividades sanitarias y de servicios sociales;Total;Valor absoluto;2022T3;1.513,5
Mujeres;Q Actividades sanitarias y de servicios sociales;Total;Valor absoluto;2022T2;1.479,8
Mujeres;Q Actividades sanitarias y de servicios sociales;Total;Valor absoluto;2022T1;1.445,7
Mujeres;Q Actividades sanitarias y de servicios sociales;Total;Valor absoluto;2021T4;1.485,3
Mujeres;Q Actividades sanitarias y de servicios sociales;Total;Valor absoluto;2021T3;1.486,1
Mujeres;Q Actividades sanitarias y de servicios sociales;Total;Valor absoluto;2021T2;1.409,3
Mujeres;Q Actividades sanitarias y de servicios sociales;Total;Valor absoluto;2021T1;1.381,4
Mujeres;Q Actividades sanitarias y de servicios sociales;Total;Porcentaje;2023T4;100
Mujeres;Q Actividades sanitarias y de servicios sociales;Total;Porcentaje;2023T3;100
Mujeres;Q Actividades sanitarias y de servicios sociales;Total;Porcentaje;2023T2;100
Mujeres;Q Actividades sanitarias y de servicios sociales;Total;Porcentaje;2023T1;100
Mujeres;Q Actividades sanitarias y de servicios sociales;Total;Porcentaje;2022T4;100
Mujeres;Q Actividades sanitarias y de servicios sociales;Total;Porcentaje;2022T3;100
Mujeres;Q Actividades sanitarias y de servicios sociales;Total;Porcentaje;2022T2;100
Mujeres;Q Actividades sanitarias y de servicios sociales;Total;Porcentaje;2022T1;100
Mujeres;Q Actividades sanitarias y de servicios sociales;Total;Porcentaje;2021T4;100
Mujeres;Q Actividades sanitarias y de servicios sociales;Total;Porcentaje;2021T3;100
Mujeres;Q Actividades sanitarias y de servicios sociales;Total;Porcentaje;2021T2;100
Mujeres;Q Actividades sanitarias y de servicios sociales;Total;Porcentaje;2021T1;100
Mujeres;Q Actividades sanitarias y de servicios sociales;Jornada a tiempo completo;Valor absoluto;2023T4;1.286,3
Mujeres;Q Actividades sanitarias y de servicios sociales;Jornada a tiempo completo;Valor absoluto;2023T3;1.328,7
Mujeres;Q Actividades sanitarias y de servicios sociales;Jornada a tiempo completo;Valor absoluto;2023T2;1.223,6
Mujeres;Q Actividades sanitarias y de servicios sociales;Jornada a tiempo completo;Valor absoluto;2023T1;1.230
Mujeres;Q Actividades sanitarias y de servicios sociales;Jornada a tiempo completo;Valor absoluto;2022T4;1.253,5
Mujeres;Q Actividades sanitarias y de servicios sociales;Jornada a tiempo completo;Valor absoluto;2022T3;1.267,1
Mujeres;Q Actividades sanitarias y de servicios sociales;Jornada a tiempo completo;Valor absoluto;2022T2;1.251,6
Mujeres;Q Actividades sanitarias y de servicios sociales;Jornada a tiempo completo;Valor absoluto;2022T1;1.209,9
Mujeres;Q Actividades sanitarias y de servicios sociales;Jornada a tiempo completo;Valor absoluto;2021T4;1.251,5
Mujeres;Q Actividades sanitarias y de servicios sociales;Jornada a tiempo completo;Valor absoluto;2021T3;1.266,3
Mujeres;Q Actividades sanitarias y de servicios sociales;Jornada a tiempo completo;Valor absoluto;2021T2;1.170,9
Mujeres;Q Actividades sanitarias y de servicios sociales;Jornada a tiempo completo;Valor absoluto;2021T1;1.131,5
Mujeres;Q Actividades sanitarias y de servicios sociales;Jornada a tiempo completo;Porcentaje;2023T4;83,3
Mujeres;Q Actividades sanitarias y de servicios sociales;Jornada a tiempo completo;Porcentaje;2023T3;85,4
Mujeres;Q Actividades sanitarias y de servicios sociales;Jornada a tiempo completo;Porcentaje;2023T2;83,9
Mujeres;Q Actividades sanitarias y de servicios sociales;Jornada a tiempo completo;Porcentaje;2023T1;83,5
Mujeres;Q Actividades sanitarias y de servicios sociales;Jornada a tiempo completo;Porcentaje;2022T4;84,2
Mujeres;Q Actividades sanitarias y de servicios sociales;Jornada a tiempo completo;Porcentaje;2022T3;83,7
Mujeres;Q Actividades sanitarias y de servicios sociales;Jornada a tiempo completo;Porcentaje;2022T2;84,6
Mujeres;Q Actividades sanitarias y de servicios sociales;Jornada a tiempo completo;Porcentaje;2022T1;83,7
Mujeres;Q Actividades sanitarias y de servicios sociales;Jornada a tiempo completo;Porcentaje;2021T4;84,3
Mujeres;Q Actividades sanitarias y de servicios sociales;Jornada a tiempo completo;Porcentaje;2021T3;85,2
Mujeres;Q Actividades sanitarias y de servicios sociales;Jornada a tiempo completo;Porcentaje;2021T2;83,1
Mujeres;Q Actividades sanitarias y de servicios sociales;Jornada a tiempo completo;Porcentaje;2021T1;81,9
Mujeres;Q Actividades sanitarias y de servicios sociales;Jornada a tiempo parcial;Valor absoluto;2023T4;257,8
Mujeres;Q Actividades sanitarias y de servicios sociales;Jornada a tiempo parcial;Valor absoluto;2023T3;227,8
Mujeres;Q Actividades sanitarias y de servicios sociales;Jornada a tiempo parcial;Valor absoluto;2023T2;234,9
Mujeres;Q Actividades sanitarias y de servicios sociales;Jornada a tiempo parcial;Valor absoluto;2023T1;243,8
Mujeres;Q Actividades sanitarias y de servicios sociales;Jornada a tiempo parcial;Valor absoluto;2022T4;235,4
Mujeres;Q Actividades sanitarias y de servicios sociales;Jornada a tiempo parcial;Valor absoluto;2022T3;246,5
Mujeres;Q Actividades sanitarias y de servicios sociales;Jornada a tiempo parcial;Valor absoluto;2022T2;228,2
Mujeres;Q Actividades sanitarias y de servicios sociales;Jornada a tiempo parcial;Valor absoluto;2022T1;235,9
Mujeres;Q Actividades sanitarias y de servicios sociales;Jornada a tiempo parcial;Valor absoluto;2021T4;233,7
Mujeres;Q Actividades sanitarias y de servicios sociales;Jornada a tiempo parcial;Valor absoluto;2021T3;219,8
Mujeres;Q Actividades sanitarias y de servicios sociales;Jornada a tiempo parcial;Valor absoluto;2021T2;238,5
Mujeres;Q Actividades sanitarias y de servicios sociales;Jornada a tiempo parcial;Valor absoluto;2021T1;249,9
Mujeres;Q Actividades sanitarias y de servicios sociales;Jornada a tiempo parcial;Porcentaje;2023T4;16,7
Mujeres;Q Actividades sanitarias y de servicios sociales;Jornada a tiempo parcial;Porcentaje;2023T3;14,6
Mujeres;Q Actividades sanitarias y de servicios sociales;Jornada a tiempo parcial;Porcentaje;2023T2;16,1
Mujeres;Q Actividades sanitarias y de servicios sociales;Jornada a tiempo parcial;Porcentaje;2023T1;16,5
Mujeres;Q Actividades sanitarias y de servicios sociales;Jornada a tiempo parcial;Porcentaje;2022T4;15,8
Mujeres;Q Actividades sanitarias y de servicios sociales;Jornada a tiempo parcial;Porcentaje;2022T3;16,3
Mujeres;Q Actividades sanitarias y de servicios sociales;Jornada a tiempo parcial;Porcentaje;2022T2;15,4
Mujeres;Q Actividades sanitarias y de servicios sociales;Jornada a tiempo parcial;Porcentaje;2022T1;16,3
Mujeres;Q Actividades sanitarias y de servicios sociales;Jornada a tiempo parcial;Porcentaje;2021T4;15,7
Mujeres;Q Actividades sanitarias y de servicios sociales;Jornada a tiempo parcial;Porcentaje;2021T3;14,8
Mujeres;Q Actividades sanitarias y de servicios sociales;Jornada a tiempo parcial;Porcentaje;2021T2;16,9
Mujeres;Q Actividades sanitarias y de servicios sociales;Jornada a tiempo parcial;Porcentaje;2021T1;18,1
Mujeres;R Actividades artísticas, recreativas y de entretenimiento;Total;Valor absoluto;2023T4;177,2
Mujeres;R Actividades artísticas, recreativas y de entretenimiento;Total;Valor absoluto;2023T3;180,3
Mujeres;R Actividades artísticas, recreativas y de entretenimiento;Total;Valor absoluto;2023T2;167,8
Mujeres;R Actividades artísticas, recreativas y de entretenimiento;Total;Valor absoluto;2023T1;161,9
Mujeres;R Actividades artísticas, recreativas y de entretenimiento;Total;Valor absoluto;2022T4;158,1
Mujeres;R Actividades artísticas, recreativas y de entretenimiento;Total;Valor absoluto;2022T3;184,3
Mujeres;R Actividades artísticas, recreativas y de entretenimiento;Total;Valor absoluto;2022T2;172,7
Mujeres;R Actividades artísticas, recreativas y de entretenimiento;Total;Valor absoluto;2022T1;160,9
Mujeres;R Actividades artísticas, recreativas y de entretenimiento;Total;Valor absoluto;2021T4;174,1
Mujeres;R Actividades artísticas, recreativas y de entretenimiento;Total;Valor absoluto;2021T3;169,1
Mujeres;R Actividades artísticas, recreativas y de entretenimiento;Total;Valor absoluto;2021T2;159,1
Mujeres;R Actividades artísticas, recreativas y de entretenimiento;Total;Valor absoluto;2021T1;128,1
Mujeres;R Actividades artísticas, recreativas y de entretenimiento;Total;Porcentaje;2023T4;100
Mujeres;R Actividades artísticas, recreativas y de entretenimiento;Total;Porcentaje;2023T3;100
Mujeres;R Actividades artísticas, recreativas y de entretenimiento;Total;Porcentaje;2023T2;100
Mujeres;R Actividades artísticas, recreativas y de entretenimiento;Total;Porcentaje;2023T1;100
Mujeres;R Actividades artísticas, recreativas y de entretenimiento;Total;Porcentaje;2022T4;100
Mujeres;R Actividades artísticas, recreativas y de entretenimiento;Total;Porcentaje;2022T3;100
Mujeres;R Actividades artísticas, recreativas y de entretenimiento;Total;Porcentaje;2022T2;100
Mujeres;R Actividades artísticas, recreativas y de entretenimiento;Total;Porcentaje;2022T1;100
Mujeres;R Actividades artísticas, recreativas y de entretenimiento;Total;Porcentaje;2021T4;100
Mujeres;R Actividades artísticas, recreativas y de entretenimiento;Total;Porcentaje;2021T3;100
Mujeres;R Actividades artísticas, recreativas y de entretenimiento;Total;Porcentaje;2021T2;100
Mujeres;R Actividades artísticas, recreativas y de entretenimiento;Total;Porcentaje;2021T1;100
Mujeres;R Actividades artísticas, recreativas y de entretenimiento;Jornada a tiempo completo;Valor absoluto;2023T4;107,7
Mujeres;R Actividades artísticas, recreativas y de entretenimiento;Jornada a tiempo completo;Valor absoluto;2023T3;122,6
Mujeres;R Actividades artísticas, recreativas y de entretenimiento;Jornada a tiempo completo;Valor absoluto;2023T2;104
Mujeres;R Actividades artísticas, recreativas y de entretenimiento;Jornada a tiempo completo;Valor absoluto;2023T1;105,4
Mujeres;R Actividades artísticas, recreativas y de entretenimiento;Jornada a tiempo completo;Valor absoluto;2022T4;97
Mujeres;R Actividades artísticas, recreativas y de entretenimiento;Jornada a tiempo completo;Valor absoluto;2022T3;123,7
Mujeres;R Actividades artísticas, recreativas y de entretenimiento;Jornada a tiempo completo;Valor absoluto;2022T2;111,6
Mujeres;R Actividades artísticas, recreativas y de entretenimiento;Jornada a tiempo completo;Valor absoluto;2022T1;96,9
Mujeres;R Actividades artísticas, recreativas y de entretenimiento;Jornada a tiempo completo;Valor absoluto;2021T4;108,7
Mujeres;R Actividades artísticas, recreativas y de entretenimiento;Jornada a tiempo completo;Valor absoluto;2021T3;102
Mujeres;R Actividades artísticas, recreativas y de entretenimiento;Jornada a tiempo completo;Valor absoluto;2021T2;91,5
Mujeres;R Actividades artísticas, recreativas y de entretenimiento;Jornada a tiempo completo;Valor absoluto;2021T1;83,6
Mujeres;R Actividades artísticas, recreativas y de entretenimiento;Jornada a tiempo completo;Porcentaje;2023T4;60,8
Mujeres;R Actividades artísticas, recreativas y de entretenimiento;Jornada a tiempo completo;Porcentaje;2023T3;68
Mujeres;R Actividades artísticas, recreativas y de entretenimiento;Jornada a tiempo completo;Porcentaje;2023T2;62
Mujeres;R Actividades artísticas, recreativas y de entretenimiento;Jornada a tiempo completo;Porcentaje;2023T1;65,1
Mujeres;R Actividades artísticas, recreativas y de entretenimiento;Jornada a tiempo completo;Porcentaje;2022T4;61,3
Mujeres;R Actividades artísticas, recreativas y de entretenimiento;Jornada a tiempo completo;Porcentaje;2022T3;67,1
Mujeres;R Actividades artísticas, recreativas y de entretenimiento;Jornada a tiempo completo;Porcentaje;2022T2;64,6
Mujeres;R Actividades artísticas, recreativas y de entretenimiento;Jornada a tiempo completo;Porcentaje;2022T1;60,2
Mujeres;R Actividades artísticas, recreativas y de entretenimiento;Jornada a tiempo completo;Porcentaje;2021T4;62,4
Mujeres;R Actividades artísticas, recreativas y de entretenimiento;Jornada a tiempo completo;Porcentaje;2021T3;60,3
Mujeres;R Actividades artísticas, recreativas y de entretenimiento;Jornada a tiempo completo;Porcentaje;2021T2;57,5
Mujeres;R Actividades artísticas, recreativas y de entretenimiento;Jornada a tiempo completo;Porcentaje;2021T1;65,3
Mujeres;R Actividades artísticas, recreativas y de entretenimiento;Jornada a tiempo parcial;Valor absoluto;2023T4;69,5
Mujeres;R Actividades artísticas, recreativas y de entretenimiento;Jornada a tiempo parcial;Valor absoluto;2023T3;57,6
Mujeres;R Actividades artísticas, recreativas y de entretenimiento;Jornada a tiempo parcial;Valor absoluto;2023T2;63,9
Mujeres;R Actividades artísticas, recreativas y de entretenimiento;Jornada a tiempo parcial;Valor absoluto;2023T1;56,4
Mujeres;R Actividades artísticas, recreativas y de entretenimiento;Jornada a tiempo parcial;Valor absoluto;2022T4;61,1
Mujeres;R Actividades artísticas, recreativas y de entretenimiento;Jornada a tiempo parcial;Valor absoluto;2022T3;60,7
Mujeres;R Actividades artísticas, recreativas y de entretenimiento;Jornada a tiempo parcial;Valor absoluto;2022T2;61,1
Mujeres;R Actividades artísticas, recreativas y de entretenimiento;Jornada a tiempo parcial;Valor absoluto;2022T1;64
Mujeres;R Actividades artísticas, recreativas y de entretenimiento;Jornada a tiempo parcial;Valor absoluto;2021T4;65,5
Mujeres;R Actividades artísticas, recreativas y de entretenimiento;Jornada a tiempo parcial;Valor absoluto;2021T3;67,1
Mujeres;R Actividades artísticas, recreativas y de entretenimiento;Jornada a tiempo parcial;Valor absoluto;2021T2;67,6
Mujeres;R Actividades artísticas, recreativas y de entretenimiento;Jornada a tiempo parcial;Valor absoluto;2021T1;44,4
Mujeres;R Actividades artísticas, recreativas y de entretenimiento;Jornada a tiempo parcial;Porcentaje;2023T4;39,2
Mujeres;R Actividades artísticas, recreativas y de entretenimiento;Jornada a tiempo parcial;Porcentaje;2023T3;32
Mujeres;R Actividades artísticas, recreativas y de entretenimiento;Jornada a tiempo parcial;Porcentaje;2023T2;38
Mujeres;R Actividades artísticas, recreativas y de entretenimiento;Jornada a tiempo parcial;Porcentaje;2023T1;34,9
Mujeres;R Actividades artísticas, recreativas y de entretenimiento;Jornada a tiempo parcial;Porcentaje;2022T4;38,7
Mujeres;R Actividades artísticas, recreativas y de entretenimiento;Jornada a tiempo parcial;Porcentaje;2022T3;32,9
Mujeres;R Actividades artísticas, recreativas y de entretenimiento;Jornada a tiempo parcial;Porcentaje;2022T2;35,4
Mujeres;R Actividades artísticas, recreativas y de entretenimiento;Jornada a tiempo parcial;Porcentaje;2022T1;39,8
Mujeres;R Actividades artísticas, recreativas y de entretenimiento;Jornada a tiempo parcial;Porcentaje;2021T4;37,6
Mujeres;R Actividades artísticas, recreativas y de entretenimiento;Jornada a tiempo parcial;Porcentaje;2021T3;39,7
Mujeres;R Actividades artísticas, recreativas y de entretenimiento;Jornada a tiempo parcial;Porcentaje;2021T2;42,5
Mujeres;R Actividades artísticas, recreativas y de entretenimiento;Jornada a tiempo parcial;Porcentaje;2021T1;34,7
Mujeres;S Otros servicios;Total;Valor absoluto;2023T4;352,1
Mujeres;S Otros servicios;Total;Valor absoluto;2023T3;326,5
Mujeres;S Otros servicios;Total;Valor absoluto;2023T2;330,1
Mujeres;S Otros servicios;Total;Valor absoluto;2023T1;324,9
Mujeres;S Otros servicios;Total;Valor absoluto;2022T4;319,5
Mujeres;S Otros servicios;Total;Valor absoluto;2022T3;326,5
Mujeres;S Otros servicios;Total;Valor absoluto;2022T2;324,2
Mujeres;S Otros servicios;Total;Valor absoluto;2022T1;317,2
Mujeres;S Otros servicios;Total;Valor absoluto;2021T4;303,8
Mujeres;S Otros servicios;Total;Valor absoluto;2021T3;315,1
Mujeres;S Otros servicios;Total;Valor absoluto;2021T2;329,3
Mujeres;S Otros servicios;Total;Valor absoluto;2021T1;311,3
Mujeres;S Otros servicios;Total;Porcentaje;2023T4;100
Mujeres;S Otros servicios;Total;Porcentaje;2023T3;100
Mujeres;S Otros servicios;Total;Porcentaje;2023T2;100
Mujeres;S Otros servicios;Total;Porcentaje;2023T1;100
Mujeres;S Otros servicios;Total;Porcentaje;2022T4;100
Mujeres;S Otros servicios;Total;Porcentaje;2022T3;100
Mujeres;S Otros servicios;Total;Porcentaje;2022T2;100
Mujeres;S Otros servicios;Total;Porcentaje;2022T1;100
Mujeres;S Otros servicios;Total;Porcentaje;2021T4;100
Mujeres;S Otros servicios;Total;Porcentaje;2021T3;100
Mujeres;S Otros servicios;Total;Porcentaje;2021T2;100
Mujeres;S Otros servicios;Total;Porcentaje;2021T1;100
Mujeres;S Otros servicios;Jornada a tiempo completo;Valor absoluto;2023T4;268,9
Mujeres;S Otros servicios;Jornada a tiempo completo;Valor absoluto;2023T3;257,1
Mujeres;S Otros servicios;Jornada a tiempo completo;Valor absoluto;2023T2;254,9
Mujeres;S Otros servicios;Jornada a tiempo completo;Valor absoluto;2023T1;248,1
Mujeres;S Otros servicios;Jornada a tiempo completo;Valor absoluto;2022T4;247,5
Mujeres;S Otros servicios;Jornada a tiempo completo;Valor absoluto;2022T3;264,5
Mujeres;S Otros servicios;Jornada a tiempo completo;Valor absoluto;2022T2;247,4
Mujeres;S Otros servicios;Jornada a tiempo completo;Valor absoluto;2022T1;243,4
Mujeres;S Otros servicios;Jornada a tiempo completo;Valor absoluto;2021T4;231,9
Mujeres;S Otros servicios;Jornada a tiempo completo;Valor absoluto;2021T3;238,8
Mujeres;S Otros servicios;Jornada a tiempo completo;Valor absoluto;2021T2;229
Mujeres;S Otros servicios;Jornada a tiempo completo;Valor absoluto;2021T1;234,1
Mujeres;S Otros servicios;Jornada a tiempo completo;Porcentaje;2023T4;76,4
Mujeres;S Otros servicios;Jornada a tiempo completo;Porcentaje;2023T3;78,8
Mujeres;S Otros servicios;Jornada a tiempo completo;Porcentaje;2023T2;77,2
Mujeres;S Otros servicios;Jornada a tiempo completo;Porcentaje;2023T1;76,3
Mujeres;S Otros servicios;Jornada a tiempo completo;Porcentaje;2022T4;77,5
Mujeres;S Otros servicios;Jornada a tiempo completo;Porcentaje;2022T3;81
Mujeres;S Otros servicios;Jornada a tiempo completo;Porcentaje;2022T2;76,3
Mujeres;S Otros servicios;Jornada a tiempo completo;Porcentaje;2022T1;76,7
Mujeres;S Otros servicios;Jornada a tiempo completo;Porcentaje;2021T4;76,3
Mujeres;S Otros servicios;Jornada a tiempo completo;Porcentaje;2021T3;75,8
Mujeres;S Otros servicios;Jornada a tiempo completo;Porcentaje;2021T2;69,5
Mujeres;S Otros servicios;Jornada a tiempo completo;Porcentaje;2021T1;75,2
Mujeres;S Otros servicios;Jornada a tiempo parcial;Valor absoluto;2023T4;83,2
Mujeres;S Otros servicios;Jornada a tiempo parcial;Valor absoluto;2023T3;69,4
Mujeres;S Otros servicios;Jornada a tiempo parcial;Valor absoluto;2023T2;75,2
Mujeres;S Otros servicios;Jornada a tiempo parcial;Valor absoluto;2023T1;76,9
Mujeres;S Otros servicios;Jornada a tiempo parcial;Valor absoluto;2022T4;72
Mujeres;S Otros servicios;Jornada a tiempo parcial;Valor absoluto;2022T3;62
Mujeres;S Otros servicios;Jornada a tiempo parcial;Valor absoluto;2022T2;76,8
Mujeres;S Otros servicios;Jornada a tiempo parcial;Valor absoluto;2022T1;73,7
Mujeres;S Otros servicios;Jornada a tiempo parcial;Valor absoluto;2021T4;71,9
Mujeres;S Otros servicios;Jornada a tiempo parcial;Valor absoluto;2021T3;76,3
Mujeres;S Otros servicios;Jornada a tiempo parcial;Valor absoluto;2021T2;100,4
Mujeres;S Otros servicios;Jornada a tiempo parcial;Valor absoluto;2021T1;77,2
Mujeres;S Otros servicios;Jornada a tiempo parcial;Porcentaje;2023T4;23,6
Mujeres;S Otros servicios;Jornada a tiempo parcial;Porcentaje;2023T3;21,2
Mujeres;S Otros servicios;Jornada a tiempo parcial;Porcentaje;2023T2;22,8
Mujeres;S Otros servicios;Jornada a tiempo parcial;Porcentaje;2023T1;23,7
Mujeres;S Otros servicios;Jornada a tiempo parcial;Porcentaje;2022T4;22,5
Mujeres;S Otros servicios;Jornada a tiempo parcial;Porcentaje;2022T3;19
Mujeres;S Otros servicios;Jornada a tiempo parcial;Porcentaje;2022T2;23,7
Mujeres;S Otros servicios;Jornada a tiempo parcial;Porcentaje;2022T1;23,3
Mujeres;S Otros servicios;Jornada a tiempo parcial;Porcentaje;2021T4;23,7
Mujeres;S Otros servicios;Jornada a tiempo parcial;Porcentaje;2021T3;24,2
Mujeres;S Otros servicios;Jornada a tiempo parcial;Porcentaje;2021T2;30,5
Mujeres;S Otros servicios;Jornada a tiempo parcial;Porcentaje;2021T1;24,8
Mujeres;T Actividades de los hogares como empleadores de personal doméstico, actividades de los hogares como productores de bienes y servicios para uso propio;Total;Valor absoluto;2023T4;515,7
Mujeres;T Actividades de los hogares como empleadores de personal doméstico, actividades de los hogares como productores de bienes y servicios para uso propio;Total;Valor absoluto;2023T3;533,2
Mujeres;T Actividades de los hogares como empleadores de personal doméstico, actividades de los hogares como productores de bienes y servicios para uso propio;Total;Valor absoluto;2023T2;516,9
Mujeres;T Actividades de los hogares como empleadores de personal doméstico, actividades de los hogares como productores de bienes y servicios para uso propio;Total;Valor absoluto;2023T1;498,7
Mujeres;T Actividades de los hogares como empleadores de personal doméstico, actividades de los hogares como productores de bienes y servicios para uso propio;Total;Valor absoluto;2022T4;492,2
Mujeres;T Actividades de los hogares como empleadores de personal doméstico, actividades de los hogares como productores de bienes y servicios para uso propio;Total;Valor absoluto;2022T3;478,4
Mujeres;T Actividades de los hogares como empleadores de personal doméstico, actividades de los hogares como productores de bienes y servicios para uso propio;Total;Valor absoluto;2022T2;487,5
Mujeres;T Actividades de los hogares como empleadores de personal doméstico, actividades de los hogares como productores de bienes y servicios para uso propio;Total;Valor absoluto;2022T1;487,1
Mujeres;T Actividades de los hogares como empleadores de personal doméstico, actividades de los hogares como productores de bienes y servicios para uso propio;Total;Valor absoluto;2021T4;458,6
Mujeres;T Actividades de los hogares como empleadores de personal doméstico, actividades de los hogares como productores de bienes y servicios para uso propio;Total;Valor absoluto;2021T3;478,4
Mujeres;T Actividades de los hogares como empleadores de personal doméstico, actividades de los hogares como productores de bienes y servicios para uso propio;Total;Valor absoluto;2021T2;513
Mujeres;T Actividades de los hogares como empleadores de personal doméstico, actividades de los hogares como productores de bienes y servicios para uso propio;Total;Valor absoluto;2021T1;497,4
Mujeres;T Actividades de los hogares como empleadores de personal doméstico, actividades de los hogares como productores de bienes y servicios para uso propio;Total;Porcentaje;2023T4;100
Mujeres;T Actividades de los hogares como empleadores de personal doméstico, actividades de los hogares como productores de bienes y servicios para uso propio;Total;Porcentaje;2023T3;100
Mujeres;T Actividades de los hogares como empleadores de personal doméstico, actividades de los hogares como productores de bienes y servicios para uso propio;Total;Porcentaje;2023T2;100
Mujeres;T Actividades de los hogares como empleadores de personal doméstico, actividades de los hogares como productores de bienes y servicios para uso propio;Total;Porcentaje;2023T1;100
Mujeres;T Actividades de los hogares como empleadores de personal doméstico, actividades de los hogares como productores de bienes y servicios para uso propio;Total;Porcentaje;2022T4;100
Mujeres;T Actividades de los hogares como empleadores de personal doméstico, actividades de los hogares como productores de bienes y servicios para uso propio;Total;Porcentaje;2022T3;100
Mujeres;T Actividades de los hogares como empleadores de personal doméstico, actividades de los hogares como productores de bienes y servicios para uso propio;Total;Porcentaje;2022T2;100
Mujeres;T Actividades de los hogares como empleadores de personal doméstico, actividades de los hogares como productores de bienes y servicios para uso propio;Total;Porcentaje;2022T1;100
Mujeres;T Actividades de los hogares como empleadores de personal doméstico, actividades de los hogares como productores de bienes y servicios para uso propio;Total;Porcentaje;2021T4;100
Mujeres;T Actividades de los hogares como empleadores de personal doméstico, actividades de los hogares como productores de bienes y servicios para uso propio;Total;Porcentaje;2021T3;100
Mujeres;T Actividades de los hogares como empleadores de personal doméstico, actividades de los hogares como productores de bienes y servicios para uso propio;Total;Porcentaje;2021T2;100
Mujeres;T Actividades de los hogares como empleadores de personal doméstico, actividades de los hogares como productores de bienes y servicios para uso propio;Total;Porcentaje;2021T1;100
Mujeres;T Actividades de los hogares como empleadores de personal doméstico, actividades de los hogares como productores de bienes y servicios para uso propio;Jornada a tiempo completo;Valor absoluto;2023T4;223,8
Mujeres;T Actividades de los hogares como empleadores de personal doméstico, actividades de los hogares como productores de bienes y servicios para uso propio;Jornada a tiempo completo;Valor absoluto;2023T3;252,9
Mujeres;T Actividades de los hogares como empleadores de personal doméstico, actividades de los hogares como productores de bienes y servicios para uso propio;Jornada a tiempo completo;Valor absoluto;2023T2;224
Mujeres;T Actividades de los hogares como empleadores de personal doméstico, actividades de los hogares como productores de bienes y servicios para uso propio;Jornada a tiempo completo;Valor absoluto;2023T1;214,3
Mujeres;T Actividades de los hogares como empleadores de personal doméstico, actividades de los hogares como productores de bienes y servicios para uso propio;Jornada a tiempo completo;Valor absoluto;2022T4;210,7
Mujeres;T Actividades de los hogares como empleadores de personal doméstico, actividades de los hogares como productores de bienes y servicios para uso propio;Jornada a tiempo completo;Valor absoluto;2022T3;194,8
Mujeres;T Actividades de los hogares como empleadores de personal doméstico, actividades de los hogares como productores de bienes y servicios para uso propio;Jornada a tiempo completo;Valor absoluto;2022T2;208,2
Mujeres;T Actividades de los hogares como empleadores de personal doméstico, actividades de los hogares como productores de bienes y servicios para uso propio;Jornada a tiempo completo;Valor absoluto;2022T1;197,8
Mujeres;T Actividades de los hogares como empleadores de personal doméstico, actividades de los hogares como productores de bienes y servicios para uso propio;Jornada a tiempo completo;Valor absoluto;2021T4;206,3
Mujeres;T Actividades de los hogares como empleadores de personal doméstico, actividades de los hogares como productores de bienes y servicios para uso propio;Jornada a tiempo completo;Valor absoluto;2021T3;196,6
Mujeres;T Actividades de los hogares como empleadores de personal doméstico, actividades de los hogares como productores de bienes y servicios para uso propio;Jornada a tiempo completo;Valor absoluto;2021T2;206,1
Mujeres;T Actividades de los hogares como empleadores de personal doméstico, actividades de los hogares como productores de bienes y servicios para uso propio;Jornada a tiempo completo;Valor absoluto;2021T1;217,8
Mujeres;T Actividades de los hogares como empleadores de personal doméstico, actividades de los hogares como productores de bienes y servicios para uso propio;Jornada a tiempo completo;Porcentaje;2023T4;43,4
Mujeres;T Actividades de los hogares como empleadores de personal doméstico, actividades de los hogares como productores de bienes y servicios para uso propio;Jornada a tiempo completo;Porcentaje;2023T3;47,4
Mujeres;T Actividades de los hogares como empleadores de personal doméstico, actividades de los hogares como productores de bienes y servicios para uso propio;Jornada a tiempo completo;Porcentaje;2023T2;43,3
Mujeres;T Actividades de los hogares como empleadores de personal doméstico, actividades de los hogares como productores de bienes y servicios para uso propio;Jornada a tiempo completo;Porcentaje;2023T1;43
Mujeres;T Actividades de los hogares como empleadores de personal doméstico, actividades de los hogares como productores de bienes y servicios para uso propio;Jornada a tiempo completo;Porcentaje;2022T4;42,8
Mujeres;T Actividades de los hogares como empleadores de personal doméstico, actividades de los hogares como productores de bienes y servicios para uso propio;Jornada a tiempo completo;Porcentaje;2022T3;40,7
Mujeres;T Actividades de los hogares como empleadores de personal doméstico, actividades de los hogares como productores de bienes y servicios para uso propio;Jornada a tiempo completo;Porcentaje;2022T2;42,7
Mujeres;T Actividades de los hogares como empleadores de personal doméstico, actividades de los hogares como productores de bienes y servicios para uso propio;Jornada a tiempo completo;Porcentaje;2022T1;40,6
Mujeres;T Actividades de los hogares como empleadores de personal doméstico, actividades de los hogares como productores de bienes y servicios para uso propio;Jornada a tiempo completo;Porcentaje;2021T4;45
Mujeres;T Actividades de los hogares como empleadores de personal doméstico, actividades de los hogares como productores de bienes y servicios para uso propio;Jornada a tiempo completo;Porcentaje;2021T3;41,1
Mujeres;T Actividades de los hogares como empleadores de personal doméstico, actividades de los hogares como productores de bienes y servicios para uso propio;Jornada a tiempo completo;Porcentaje;2021T2;40,2
Mujeres;T Actividades de los hogares como empleadores de personal doméstico, actividades de los hogares como productores de bienes y servicios para uso propio;Jornada a tiempo completo;Porcentaje;2021T1;43,8
Mujeres;T Actividades de los hogares como empleadores de personal doméstico, actividades de los hogares como productores de bienes y servicios para uso propio;Jornada a tiempo parcial;Valor absoluto;2023T4;291,9
Mujeres;T Actividades de los hogares como empleadores de personal doméstico, actividades de los hogares como productores de bienes y servicios para uso propio;Jornada a tiempo parcial;Valor absoluto;2023T3;280,3
Mujeres;T Actividades de los hogares como empleadores de personal doméstico, actividades de los hogares como productores de bienes y servicios para uso propio;Jornada a tiempo parcial;Valor absoluto;2023T2;292,8
Mujeres;T Actividades de los hogares como empleadores de personal doméstico, actividades de los hogares como productores de bienes y servicios para uso propio;Jornada a tiempo parcial;Valor absoluto;2023T1;284,3
Mujeres;T Actividades de los hogares como empleadores de personal doméstico, actividades de los hogares como productores de bienes y servicios para uso propio;Jornada a tiempo parcial;Valor absoluto;2022T4;281,5
Mujeres;T Actividades de los hogares como empleadores de personal doméstico, actividades de los hogares como productores de bienes y servicios para uso propio;Jornada a tiempo parcial;Valor absoluto;2022T3;283,6
Mujeres;T Actividades de los hogares como empleadores de personal doméstico, actividades de los hogares como productores de bienes y servicios para uso propio;Jornada a tiempo parcial;Valor absoluto;2022T2;279,3
Mujeres;T Actividades de los hogares como empleadores de personal doméstico, actividades de los hogares como productores de bienes y servicios para uso propio;Jornada a tiempo parcial;Valor absoluto;2022T1;289,3
Mujeres;T Actividades de los hogares como empleadores de personal doméstico, actividades de los hogares como productores de bienes y servicios para uso propio;Jornada a tiempo parcial;Valor absoluto;2021T4;252,3
Mujeres;T Actividades de los hogares como empleadores de personal doméstico, actividades de los hogares como productores de bienes y servicios para uso propio;Jornada a tiempo parcial;Valor absoluto;2021T3;281,8
Mujeres;T Actividades de los hogares como empleadores de personal doméstico, actividades de los hogares como productores de bienes y servicios para uso propio;Jornada a tiempo parcial;Valor absoluto;2021T2;306,9
Mujeres;T Actividades de los hogares como empleadores de personal doméstico, actividades de los hogares como productores de bienes y servicios para uso propio;Jornada a tiempo parcial;Valor absoluto;2021T1;279,6
Mujeres;T Actividades de los hogares como empleadores de personal doméstico, actividades de los hogares como productores de bienes y servicios para uso propio;Jornada a tiempo parcial;Porcentaje;2023T4;56,6
Mujeres;T Actividades de los hogares como empleadores de personal doméstico, actividades de los hogares como productores de bienes y servicios para uso propio;Jornada a tiempo parcial;Porcentaje;2023T3;52,6
Mujeres;T Actividades de los hogares como empleadores de personal doméstico, actividades de los hogares como productores de bienes y servicios para uso propio;Jornada a tiempo parcial;Porcentaje;2023T2;56,7
Mujeres;T Actividades de los hogares como empleadores de personal doméstico, actividades de los hogares como productores de bienes y servicios para uso propio;Jornada a tiempo parcial;Porcentaje;2023T1;57
Mujeres;T Actividades de los hogares como empleadores de personal doméstico, actividades de los hogares como productores de bienes y servicios para uso propio;Jornada a tiempo parcial;Porcentaje;2022T4;57,2
Mujeres;T Actividades de los hogares como empleadores de personal doméstico, actividades de los hogares como productores de bienes y servicios para uso propio;Jornada a tiempo parcial;Porcentaje;2022T3;59,3
Mujeres;T Actividades de los hogares como empleadores de personal doméstico, actividades de los hogares como productores de bienes y servicios para uso propio;Jornada a tiempo parcial;Porcentaje;2022T2;57,3
Mujeres;T Actividades de los hogares como empleadores de personal doméstico, actividades de los hogares como productores de bienes y servicios para uso propio;Jornada a tiempo parcial;Porcentaje;2022T1;59,4
Mujeres;T Actividades de los hogares como empleadores de personal doméstico, actividades de los hogares como productores de bienes y servicios para uso propio;Jornada a tiempo parcial;Porcentaje;2021T4;55
Mujeres;T Actividades de los hogares como empleadores de personal doméstico, actividades de los hogares como productores de bienes y servicios para uso propio;Jornada a tiempo parcial;Porcentaje;2021T3;58,9
Mujeres;T Actividades de los hogares como empleadores de personal doméstico, actividades de los hogares como productores de bienes y servicios para uso propio;Jornada a tiempo parcial;Porcentaje;2021T2;59,8
Mujeres;T Actividades de los hogares como empleadores de personal doméstico, actividades de los hogares como productores de bienes y servicios para uso propio;Jornada a tiempo parcial;Porcentaje;2021T1;56,2
Mujeres;U Actividades de organizaciones y organismos extraterritoriales;Total;Valor absoluto;2023T4;1,9
Mujeres;U Actividades de organizaciones y organismos extraterritoriales;Total;Valor absoluto;2023T3;1,9
Mujeres;U Actividades de organizaciones y organismos extraterritoriales;Total;Valor absoluto;2023T2;3,1
Mujeres;U Actividades de organizaciones y organismos extraterritoriales;Total;Valor absoluto;2023T1;2,3
Mujeres;U Actividades de organizaciones y organismos extraterritoriales;Total;Valor absoluto;2022T4;1,9
Mujeres;U Actividades de organizaciones y organismos extraterritoriales;Total;Valor absoluto;2022T3;2,7
Mujeres;U Actividades de organizaciones y organismos extraterritoriales;Total;Valor absoluto;2022T2;3,6
Mujeres;U Actividades de organizaciones y organismos extraterritoriales;Total;Valor absoluto;2022T1;1,6
Mujeres;U Actividades de organizaciones y organismos extraterritoriales;Total;Valor absoluto;2021T4;1,8
Mujeres;U Actividades de organizaciones y organismos extraterritoriales;Total;Valor absoluto;2021T3;1,7
Mujeres;U Actividades de organizaciones y organismos extraterritoriales;Total;Valor absoluto;2021T2;0,2
Mujeres;U Actividades de organizaciones y organismos extraterritoriales;Total;Valor absoluto;2021T1;2,4
Mujeres;U Actividades de organizaciones y organismos extraterritoriales;Total;Porcentaje;2023T4;100
Mujeres;U Actividades de organizaciones y organismos extraterritoriales;Total;Porcentaje;2023T3;100
Mujeres;U Actividades de organizaciones y organismos extraterritoriales;Total;Porcentaje;2023T2;100
Mujeres;U Actividades de organizaciones y organismos extraterritoriales;Total;Porcentaje;2023T1;100
Mujeres;U Actividades de organizaciones y organismos extraterritoriales;Total;Porcentaje;2022T4;100
Mujeres;U Actividades de organizaciones y organismos extraterritoriales;Total;Porcentaje;2022T3;100
Mujeres;U Actividades de organizaciones y organismos extraterritoriales;Total;Porcentaje;2022T2;100
Mujeres;U Actividades de organizaciones y organismos extraterritoriales;Total;Porcentaje;2022T1;100
Mujeres;U Actividades de organizaciones y organismos extraterritoriales;Total;Porcentaje;2021T4;100
Mujeres;U Actividades de organizaciones y organismos extraterritoriales;Total;Porcentaje;2021T3;100
Mujeres;U Actividades de organizaciones y organismos extraterritoriales;Total;Porcentaje;2021T2;100
Mujeres;U Actividades de organizaciones y organismos extraterritoriales;Total;Porcentaje;2021T1;100
Mujeres;U Actividades de organizaciones y organismos extraterritoriales;Jornada a tiempo completo;Valor absoluto;2023T4;1,6
Mujeres;U Actividades de organizaciones y organismos extraterritoriales;Jornada a tiempo completo;Valor absoluto;2023T3;1,7
Mujeres;U Actividades de organizaciones y organismos extraterritoriales;Jornada a tiempo completo;Valor absoluto;2023T2;2,8
Mujeres;U Actividades de organizaciones y organismos extraterritoriales;Jornada a tiempo completo;Valor absoluto;2023T1;1,4
Mujeres;U Actividades de organizaciones y organismos extraterritoriales;Jornada a tiempo completo;Valor absoluto;2022T4;1,9
Mujeres;U Actividades de organizaciones y organismos extraterritoriales;Jornada a tiempo completo;Valor absoluto;2022T3;2,7
Mujeres;U Actividades de organizaciones y organismos extraterritoriales;Jornada a tiempo completo;Valor absoluto;2022T2;2,3
Mujeres;U Actividades de organizaciones y organismos extraterritoriales;Jornada a tiempo completo;Valor absoluto;2022T1;1,6
Mujeres;U Actividades de organizaciones y organismos extraterritoriales;Jornada a tiempo completo;Valor absoluto;2021T4;1,8
Mujeres;U Actividades de organizaciones y organismos extraterritoriales;Jornada a tiempo completo;Valor absoluto;2021T3;1,7
Mujeres;U Actividades de organizaciones y organismos extraterritoriales;Jornada a tiempo completo;Valor absoluto;2021T2;0,2
Mujeres;U Actividades de organizaciones y organismos extraterritoriales;Jornada a tiempo completo;Valor absoluto;2021T1;2,4
Mujeres;U Actividades de organizaciones y organismos extraterritoriales;Jornada a tiempo completo;Porcentaje;2023T4;84,8
Mujeres;U Actividades de organizaciones y organismos extraterritoriales;Jornada a tiempo completo;Porcentaje;2023T3;89,9
Mujeres;U Actividades de organizaciones y organismos extraterritoriales;Jornada a tiempo completo;Porcentaje;2023T2;91,9
Mujeres;U Actividades de organizaciones y organismos extraterritoriales;Jornada a tiempo completo;Porcentaje;2023T1;61
Mujeres;U Actividades de organizaciones y organismos extraterritoriales;Jornada a tiempo completo;Porcentaje;2022T4;100
Mujeres;U Actividades de organizaciones y organismos extraterritoriales;Jornada a tiempo completo;Porcentaje;2022T3;100
Mujeres;U Actividades de organizaciones y organismos extraterritoriales;Jornada a tiempo completo;Porcentaje;2022T2;64,5
Mujeres;U Actividades de organizaciones y organismos extraterritoriales;Jornada a tiempo completo;Porcentaje;2022T1;100
Mujeres;U Actividades de organizaciones y organismos extraterritoriales;Jornada a tiempo completo;Porcentaje;2021T4;100
Mujeres;U Actividades de organizaciones y organismos extraterritoriales;Jornada a tiempo completo;Porcentaje;2021T3;100
Mujeres;U Actividades de organizaciones y organismos extraterritoriales;Jornada a tiempo completo;Porcentaje;2021T2;100
Mujeres;U Actividades de organizaciones y organismos extraterritoriales;Jornada a tiempo completo;Porcentaje;2021T1;100
Mujeres;U Actividades de organizaciones y organismos extraterritoriales;Jornada a tiempo parcial;Valor absoluto;2023T4;0,3
Mujeres;U Actividades de organizaciones y organismos extraterritoriales;Jornada a tiempo parcial;Valor absoluto;2023T3;0,2
Mujeres;U Actividades de organizaciones y organismos extraterritoriales;Jornada a tiempo parcial;Valor absoluto;2023T2;0,3
Mujeres;U Actividades de organizaciones y organismos extraterritoriales;Jornada a tiempo parcial;Valor absoluto;2023T1;0,9
Mujeres;U Actividades de organizaciones y organismos extraterritoriales;Jornada a tiempo parcial;Valor absoluto;2022T4;..
Mujeres;U Actividades de organizaciones y organismos extraterritoriales;Jornada a tiempo parcial;Valor absoluto;2022T3;..
Mujeres;U Actividades de organizaciones y organismos extraterritoriales;Jornada a tiempo parcial;Valor absoluto;2022T2;1,3
Mujeres;U Actividades de organizaciones y organismos extraterritoriales;Jornada a tiempo parcial;Valor absoluto;2022T1;..
Mujeres;U Actividades de organizaciones y organismos extraterritoriales;Jornada a tiempo parcial;Valor absoluto;2021T4;..
Mujeres;U Actividades de organizaciones y organismos extraterritoriales;Jornada a tiempo parcial;Valor absoluto;2021T3;..
Mujeres;U Actividades de organizaciones y organismos extraterritoriales;Jornada a tiempo parcial;Valor absoluto;2021T2;..
Mujeres;U Actividades de organizaciones y organismos extraterritoriales;Jornada a tiempo parcial;Valor absoluto;2021T1;..
Mujeres;U Actividades de organizaciones y organismos extraterritoriales;Jornada a tiempo parcial;Porcentaje;2023T4;15,2
Mujeres;U Actividades de organizaciones y organismos extraterritoriales;Jornada a tiempo parcial;Porcentaje;2023T3;10,1
Mujeres;U Actividades de organizaciones y organismos extraterritoriales;Jornada a tiempo parcial;Porcentaje;2023T2;8,1
Mujeres;U Actividades de organizaciones y organismos extraterritoriales;Jornada a tiempo parcial;Porcentaje;2023T1;39
Mujeres;U Actividades de organizaciones y organismos extraterritoriales;Jornada a tiempo parcial;Porcentaje;2022T4;..
Mujeres;U Actividades de organizaciones y organismos extraterritoriales;Jornada a tiempo parcial;Porcentaje;2022T3;..
Mujeres;U Actividades de organizaciones y organismos extraterritoriales;Jornada a tiempo parcial;Porcentaje;2022T2;35,5
Mujeres;U Actividades de organizaciones y organismos extraterritoriales;Jornada a tiempo parcial;Porcentaje;2022T1;..
Mujeres;U Actividades de organizaciones y organismos extraterritoriales;Jornada a tiempo parcial;Porcentaje;2021T4;..
Mujeres;U Actividades de organizaciones y organismos extraterritoriales;Jornada a tiempo parcial;Porcentaje;2021T3;..
Mujeres;U Actividades de organizaciones y organismos extraterritoriales;Jornada a tiempo parcial;Porcentaje;2021T2;..
Mujeres;U Actividades de organizaciones y organismos extraterritoriales;Jornada a tiempo parcial;Porcentaje;2021T1;..
